<module name="CAM_PRM" acronym="" XML_version="1.0" HW_revision="n/a" description="">
  <register id="PM_CAM_PWRSTCTRL" acronym="PM_CAM_PWRSTCTRL" offset="0x0" width="32" description="This register controls the CAM power state to reach upon a domain sleep transition">
    <bitfield id="RESERVED" width="14" begin="31" end="18" resetval="0x0" description="" range="" rwaccess="R"/>
    <bitfield id="VIP_BANK_ONSTATE" width="2" begin="17" end="16" resetval="0x3" description="VIP_BANK memory state when domain is ON." range="" rwaccess="R">
      <bitenum value="3" id="MEM_ON" token="VIP_BANK_ONSTATE_3" description="Memory bank is on when the domain is ON."/>
    </bitfield>
    <bitfield id="RESERVED" width="11" begin="15" end="5" resetval="0x0" description="" range="" rwaccess="R"/>
    <bitfield id="LOWPOWERSTATECHANGE" width="1" begin="4" end="4" resetval="0x0" description="Power state change request when domain has already performed a sleep transition. Allows going into deeper low power state without waking up the power domain." range="" rwaccess="RW">
      <bitenum value="0" id="DIS" token="LOWPOWERSTATECHANGE_0" description="Do not request a low power state change."/>
      <bitenum value="1" id="EN" token="LOWPOWERSTATECHANGE_1" description="Request a low power state change. This bit is automatically cleared when the power state is effectively changed or when power state is ON."/>
    </bitfield>
    <bitfield id="RESERVED" width="2" begin="3" end="2" resetval="0x0" description="" range="" rwaccess="R"/>
    <bitfield id="POWERSTATE" width="2" begin="1" end="0" resetval="0x0" description="Power state control" range="" rwaccess="RW">
      <bitenum value="0" id="OFF" token="POWERSTATE_0" description="OFF state"/>
      <bitenum value="1" id="RESERVED" token="POWERSTATE_1" description="Reserved"/>
      <bitenum value="2" id="INACT" token="POWERSTATE_2" description="INACTIVE state"/>
      <bitenum value="3" id="ON" token="POWERSTATE_3" description="ON State"/>
    </bitfield>
  </register>
  <register id="PM_CAM_PWRSTST" acronym="PM_CAM_PWRSTST" offset="0x4" width="32" description="This register provides a status on the current CAM power domain state. [warm reset insensitive]">
    <bitfield id="RESERVED" width="6" begin="31" end="26" resetval="0x0" description="" range="" rwaccess="R"/>
    <bitfield id="LASTPOWERSTATEENTERED" width="2" begin="25" end="24" resetval="0x0" description="Last low power state entered. Set to 0x3 upon write of the same only. This register is intended for debug purpose only." range="" rwaccess="RW">
      <bitenum value="0" id="OFF" token="LASTPOWERSTATEENTERED_0" description="Power domain was previously OFF"/>
      <bitenum value="1" id="RET" token="LASTPOWERSTATEENTERED_1" description="Power domain was previously in RETENTION"/>
      <bitenum value="2" id="INACTIVE" token="LASTPOWERSTATEENTERED_2" description="Power domain was previously ON-INACTIVE"/>
      <bitenum value="3" id="ON" token="LASTPOWERSTATEENTERED_3" description="Power domain was previously ON-ACTIVE"/>
    </bitfield>
    <bitfield id="RESERVED" width="3" begin="23" end="21" resetval="0x0" description="" range="" rwaccess="R"/>
    <bitfield id="INTRANSITION" width="1" begin="20" end="20" resetval="0x0" description="Domain transition status" range="" rwaccess="R">
      <bitenum value="0" id="NO" token="INTRANSITION_0" description="No on-going transition on power domain"/>
      <bitenum value="1" id="ONGOING" token="INTRANSITION_1" description="Power domain transition is in progress."/>
    </bitfield>
    <bitfield id="RESERVED" width="14" begin="19" end="6" resetval="0x0" description="" range="" rwaccess="R"/>
    <bitfield id="VIP_BANK_STATEST" width="2" begin="5" end="4" resetval="0x3" description="VIP_BANK memory state status" range="" rwaccess="R">
      <bitenum value="0" id="MEM_OFF" token="VIP_BANK_STATEST_0" description="Memory is OFF"/>
      <bitenum value="1" id="RESERVED1" token="VIP_BANK_STATEST_1" description="Reserved"/>
      <bitenum value="2" id="RESERVED" token="VIP_BANK_STATEST_2" description="Reserved"/>
      <bitenum value="3" id="MEM_ON" token="VIP_BANK_STATEST_3" description="Memory is ON"/>
    </bitfield>
    <bitfield id="RESERVED" width="1" begin="3" end="3" resetval="0x0" description="" range="" rwaccess="R"/>
    <bitfield id="LOGICSTATEST" width="1" begin="2" end="2" resetval="0x1" description="Logic state status" range="" rwaccess="R">
      <bitenum value="0" id="OFF" token="LOGICSTATEST_0" description="Logic in domain is OFF"/>
      <bitenum value="1" id="ON" token="LOGICSTATEST_1" description="Logic in domain is ON"/>
    </bitfield>
    <bitfield id="POWERSTATEST" width="2" begin="1" end="0" resetval="0x3" description="Current power state status" range="" rwaccess="R">
      <bitenum value="0" id="OFF" token="POWERSTATEST_0" description="Power domain is OFF"/>
      <bitenum value="1" id="RESERVED" token="POWERSTATEST_1" description="Power domain is in RETENTION"/>
      <bitenum value="2" id="INACTIVE" token="POWERSTATEST_2" description="Power domain is ON-INACTIVE"/>
      <bitenum value="3" id="ON" token="POWERSTATEST_3" description="Power domain is ON-ACTIVE"/>
    </bitfield>
  </register>
  <register id="PM_CAM_VIP1_WKDEP" acronym="PM_CAM_VIP1_WKDEP" offset="0x20" width="32" description="This register controls wakeup dependency based on VIP1 service requests.">
    <bitfield id="RESERVED" width="22" begin="31" end="10" resetval="0x0" description="" range="" rwaccess="R"/>
    <bitfield id="WKUPDEP_VIP1_EVE4" width="1" begin="9" end="9" resetval="0x0" description="Wakeup dependency from VIP1 module (SWakeup signal) towards EVE4 + L3_MAIN1 + L4PER1 + L4PER2 + L4PER3 domains" range="" rwaccess="RW">
      <bitenum value="0" id="DISABLED" token="WKUPDEP_VIP1_EVE4_0" description="Dependency is disabled"/>
      <bitenum value="1" id="ENABLED" token="WKUPDEP_VIP1_EVE4_1" description="Dependency is enabled"/>
    </bitfield>
    <bitfield id="WKUPDEP_VIP1_EVE3" width="1" begin="8" end="8" resetval="0x0" description="Wakeup dependency from VIP1 module (SWakeup signal) towards EVE3 + L3_MAIN1 + L4PER1 + L4PER2 + L4PER3 domains" range="" rwaccess="RW">
      <bitenum value="0" id="DISABLED" token="WKUPDEP_VIP1_EVE3_0" description="Dependency is disabled"/>
      <bitenum value="1" id="ENABLED" token="WKUPDEP_VIP1_EVE3_1" description="Dependency is enabled"/>
    </bitfield>
    <bitfield id="WKUPDEP_VIP1_EVE2" width="1" begin="7" end="7" resetval="0x0" description="Wakeup dependency from VIP1 module (SWakeup signal) towards EVE2 + L3_MAIN1 + L4PER1 + L4PER2 + L4PER3 domains" range="" rwaccess="RW">
      <bitenum value="0" id="DISABLED" token="WKUPDEP_VIP1_EVE2_0" description="Dependency is disabled"/>
      <bitenum value="1" id="ENABLED" token="WKUPDEP_VIP1_EVE2_1" description="Dependency is enabled"/>
    </bitfield>
    <bitfield id="WKUPDEP_VIP1_EVE1" width="1" begin="6" end="6" resetval="0x0" description="Wakeup dependency from VIP1 module (SWakeup signal) towards EVE1 + L3_MAIN1 + L4PER1 + L4PER2 + L4PER3 domains" range="" rwaccess="RW">
      <bitenum value="0" id="DISABLED" token="WKUPDEP_VIP1_EVE1_0" description="Dependency is disabled"/>
      <bitenum value="1" id="ENABLED" token="WKUPDEP_VIP1_EVE1_1" description="Dependency is enabled"/>
    </bitfield>
    <bitfield id="WKUPDEP_VIP1_DSP2" width="1" begin="5" end="5" resetval="0x0" description="Wakeup dependency from VIP1 module (SWakeup signal) towards DSP2 + L3_MAIN1 + L4PER1 + L4PER2 + L4PER3 domains" range="" rwaccess="RW">
      <bitenum value="0" id="DISABLED" token="WKUPDEP_VIP1_DSP2_0" description="Dependency is disabled"/>
      <bitenum value="1" id="ENABLED" token="WKUPDEP_VIP1_DSP2_1" description="Dependency is enabled"/>
    </bitfield>
    <bitfield id="WKUPDEP_VIP1_IPU1" width="1" begin="4" end="4" resetval="0x0" description="Wakeup dependency from VIP1 module (SWakeup signal) towards IPU1 + L3_MAIN1 + L4PER1 + L4PER2 + L4PER3 domains" range="" rwaccess="RW">
      <bitenum value="0" id="DISABLED" token="WKUPDEP_VIP1_IPU1_0" description="Dependency is disabled"/>
      <bitenum value="1" id="ENABLED" token="WKUPDEP_VIP1_IPU1_1" description="Dependency is enabled"/>
    </bitfield>
    <bitfield id="RESERVED" width="1" begin="3" end="3" resetval="0x0" description="" range="" rwaccess="R"/>
    <bitfield id="WKUPDEP_VIP1_DSP1" width="1" begin="2" end="2" resetval="0x0" description="Wakeup dependency from VIP1 module (SWakeup signal) towards DSP + L3MAIN1 + L4PER1 + L4PER2 + L4PER3 domains" range="" rwaccess="RW">
      <bitenum value="0" id="DISABLED" token="WKUPDEP_VIP1_DSP1_0" description="Dependency is disabled"/>
      <bitenum value="1" id="ENABLED" token="WKUPDEP_VIP1_DSP1_1" description="Dependency is enabled"/>
    </bitfield>
    <bitfield id="WKUPDEP_VIP1_IPU2" width="1" begin="1" end="1" resetval="0x0" description="Wakeup dependency from vip1 module (SWakeup signal) towards IPU2 + L3_MAIN1 + L4PER1 + L4PER2 + L4PER3 domains" range="" rwaccess="RW">
      <bitenum value="0" id="DISABLED" token="WKUPDEP_VIP1_IPU2_0" description="Dependency is disabled"/>
      <bitenum value="1" id="ENABLED" token="WKUPDEP_VIP1_IPU2_1" description="Dependency is enabled"/>
    </bitfield>
    <bitfield id="WKUPDEP_VIP1_MPU" width="1" begin="0" end="0" resetval="0x0" description="Wakeup dependency from VIP1 module (SWakeup signal) towards MPU + L3_MAIN1 + L4PER1 + L4PER2 + L4PER3 domains" range="" rwaccess="RW">
      <bitenum value="0" id="DISABLED" token="WKUPDEP_VIP1_MPU_0" description="Dependency is disabled"/>
      <bitenum value="1" id="ENABLED" token="WKUPDEP_VIP1_MPU_1" description="Dependency is enabled"/>
    </bitfield>
  </register>
  <register id="RM_CAM_VIP1_CONTEXT" acronym="RM_CAM_VIP1_CONTEXT" offset="0x24" width="32" description="This register contains dedicated VIP1 context statuses. [warm reset insensitive]">
    <bitfield id="RESERVED" width="23" begin="31" end="9" resetval="0x0" description="" range="" rwaccess="R"/>
    <bitfield id="LOSTMEM_VIP_BANK" width="1" begin="8" end="8" resetval="0x1" description="Specify if memory-based context in VIP_MEM memory bank has been lost due to a previous power transition or other reset source." range="" rwaccess="RW">
      <bitenum value="0" id="MAINTAINED" token="LOSTMEM_VIP_BANK_0" description="Context has been maintained"/>
      <bitenum value="1" id="LOST" token="LOSTMEM_VIP_BANK_1" description="Context has been lost"/>
    </bitfield>
    <bitfield id="RESERVED" width="7" begin="7" end="1" resetval="0x0" description="" range="" rwaccess="R"/>
    <bitfield id="LOSTCONTEXT_DFF" width="1" begin="0" end="0" resetval="0x1" description="Specify if DFF-based context has been lost due to a previous power transition or other reset source. (set upon assertion of CAM_RST signal)" range="" rwaccess="RW">
      <bitenum value="0" id="MAINTAINED" token="LOSTCONTEXT_DFF_0" description="Context has been maintained"/>
      <bitenum value="1" id="LOST" token="LOSTCONTEXT_DFF_1" description="Context has been lost"/>
    </bitfield>
  </register>
  <register id="PM_CAM_VIP2_WKDEP" acronym="PM_CAM_VIP2_WKDEP" offset="0x28" width="32" description="This register controls wakeup dependency based on VIP2 service requests.">
    <bitfield id="RESERVED" width="22" begin="31" end="10" resetval="0x0" description="" range="" rwaccess="R"/>
    <bitfield id="WKUPDEP_VIP2_EVE4" width="1" begin="9" end="9" resetval="0x0" description="Wakeup dependency from VIP2 module (SWakeup signal) towards EVE4 + L3_MAIN1 + L4PER1 + L4PER2 + L4PER3 domains" range="" rwaccess="RW">
      <bitenum value="0" id="DISABLED" token="WKUPDEP_VIP2_EVE4_0" description="Dependency is disabled"/>
      <bitenum value="1" id="ENABLED" token="WKUPDEP_VIP2_EVE4_1" description="Dependency is enabled"/>
    </bitfield>
    <bitfield id="WKUPDEP_VIP2_EVE3" width="1" begin="8" end="8" resetval="0x0" description="Wakeup dependency from VIP2 module (SWakeup signal) towards EVE3 + L3_MAIN1 + L4PER1 + L4PER2 + L4PER3 domains" range="" rwaccess="RW">
      <bitenum value="0" id="DISABLED" token="WKUPDEP_VIP2_EVE3_0" description="Dependency is disabled"/>
      <bitenum value="1" id="ENABLED" token="WKUPDEP_VIP2_EVE3_1" description="Dependency is enabled"/>
    </bitfield>
    <bitfield id="WKUPDEP_VIP2_EVE2" width="1" begin="7" end="7" resetval="0x0" description="Wakeup dependency from VIP2 module (SWakeup signal) towards EVE2 + L3_MAIN1 + L4PER1 + L4PER2 + L4PER3 domains" range="" rwaccess="RW">
      <bitenum value="0" id="DISABLED" token="WKUPDEP_VIP2_EVE2_0" description="Dependency is disabled"/>
      <bitenum value="1" id="ENABLED" token="WKUPDEP_VIP2_EVE2_1" description="Dependency is enabled"/>
    </bitfield>
    <bitfield id="WKUPDEP_VIP2_EVE1" width="1" begin="6" end="6" resetval="0x0" description="Wakeup dependency from VIP2 module (SWakeup signal) towards EVE1 + L3_MAIN1 + L4PER1 + L4PER2 + L4PER3 domains" range="" rwaccess="RW">
      <bitenum value="0" id="DISABLED" token="WKUPDEP_VIP2_EVE1_0" description="Dependency is disabled"/>
      <bitenum value="1" id="ENABLED" token="WKUPDEP_VIP2_EVE1_1" description="Dependency is enabled"/>
    </bitfield>
    <bitfield id="WKUPDEP_VIP2_DSP2" width="1" begin="5" end="5" resetval="0x0" description="Wakeup dependency from VIP1 module (SWakeup signal) towards DSP2 + L3_MAIN1 + L4PER1 + L4PER2 + L4PER3 domains" range="" rwaccess="RW">
      <bitenum value="0" id="DISABLED" token="WKUPDEP_VIP2_DSP2_0" description="Dependency is disabled"/>
      <bitenum value="1" id="ENABLED" token="WKUPDEP_VIP2_DSP2_1" description="Dependency is enabled"/>
    </bitfield>
    <bitfield id="WKUPDEP_VIP2_IPU1" width="1" begin="4" end="4" resetval="0x0" description="Wakeup dependency from VIP2 module (SWakeup signal) towards IPU1 + L3_MAIN1 + L4PER1 + L4PER2 + L4PER3 domains" range="" rwaccess="RW">
      <bitenum value="0" id="DISABLED" token="WKUPDEP_VIP2_IPU1_0" description="Dependency is disabled"/>
      <bitenum value="1" id="ENABLED" token="WKUPDEP_VIP2_IPU1_1" description="Dependency is enabled"/>
    </bitfield>
    <bitfield id="RESERVED" width="1" begin="3" end="3" resetval="0x0" description="" range="" rwaccess="R"/>
    <bitfield id="WKUPDEP_VIP2_DSP1" width="1" begin="2" end="2" resetval="0x0" description="Wakeup dependency from VIP2 module (SWakeup signal) towards DSP + L3MAIN1 + L4PER1 + L4PER2 + L4PER3 domains" range="" rwaccess="RW">
      <bitenum value="0" id="DISABLED" token="WKUPDEP_VIP2_DSP1_0" description="Dependency is disabled"/>
      <bitenum value="1" id="ENABLED" token="WKUPDEP_VIP2_DSP1_1" description="Dependency is enabled"/>
    </bitfield>
    <bitfield id="WKUPDEP_VIP2_IPU2" width="1" begin="1" end="1" resetval="0x0" description="Wakeup dependency from VIP2 module (SWakeup signal) towards IPU2 + L3_MAIN1 + L4PER1 + L4PER2 + L4PER3 domains" range="" rwaccess="RW">
      <bitenum value="0" id="DISABLED" token="WKUPDEP_VIP2_IPU2_0" description="Dependency is disabled"/>
      <bitenum value="1" id="ENABLED" token="WKUPDEP_VIP2_IPU2_1" description="Dependency is enabled"/>
    </bitfield>
    <bitfield id="WKUPDEP_VIP2_MPU" width="1" begin="0" end="0" resetval="0x0" description="Wakeup dependency from VIP2 module (SWakeup signal) towards MPU + L3_MAIN1 + L4PER1 + L4PER2 + L4PER3 domains" range="" rwaccess="RW">
      <bitenum value="0" id="DISABLED" token="WKUPDEP_VIP2_MPU_0" description="Dependency is disabled"/>
      <bitenum value="1" id="ENABLED" token="WKUPDEP_VIP2_MPU_1" description="Dependency is enabled"/>
    </bitfield>
  </register>
  <register id="RM_CAM_VIP2_CONTEXT" acronym="RM_CAM_VIP2_CONTEXT" offset="0x2C" width="32" description="This register contains dedicated VIP2 context statuses. [warm reset insensitive]">
    <bitfield id="RESERVED" width="23" begin="31" end="9" resetval="0x0" description="" range="" rwaccess="R"/>
    <bitfield id="LOSTMEM_VIP_BANK" width="1" begin="8" end="8" resetval="0x1" description="Specify if memory-based context in VIP_MEM memory bank has been lost due to a previous power transition or other reset source." range="" rwaccess="RW">
      <bitenum value="0" id="MAINTAINED" token="LOSTMEM_VIP_BANK_0" description="Context has been maintained"/>
      <bitenum value="1" id="LOST" token="LOSTMEM_VIP_BANK_1" description="Context has been lost"/>
    </bitfield>
    <bitfield id="RESERVED" width="7" begin="7" end="1" resetval="0x0" description="" range="" rwaccess="R"/>
    <bitfield id="LOSTCONTEXT_DFF" width="1" begin="0" end="0" resetval="0x1" description="Specify if DFF-based context has been lost due to a previous power transition or other reset source. (set upon assertion of CAM_RST signal)" range="" rwaccess="RW">
      <bitenum value="0" id="MAINTAINED" token="LOSTCONTEXT_DFF_0" description="Context has been maintained"/>
      <bitenum value="1" id="LOST" token="LOSTCONTEXT_DFF_1" description="Context has been lost"/>
    </bitfield>
  </register>
  <register id="PM_CAM_VIP3_WKDEP" acronym="PM_CAM_VIP3_WKDEP" offset="0x30" width="32" description="This register controls wakeup dependency based on VIP3 service requests.">
    <bitfield id="RESERVED" width="22" begin="31" end="10" resetval="0x0" description="" range="" rwaccess="R"/>
    <bitfield id="WKUPDEP_VIP3_EVE4" width="1" begin="9" end="9" resetval="0x0" description="Wakeup dependency from VIP3 module (SWakeup signal) towards EVE4 + L3_MAIN1 + L4PER1 + L4PER2 + L4PER3 domains" range="" rwaccess="RW">
      <bitenum value="0" id="DISABLED" token="WKUPDEP_VIP3_EVE4_0" description="Dependency is disabled"/>
      <bitenum value="1" id="ENABLED" token="WKUPDEP_VIP3_EVE4_1" description="Dependency is enabled"/>
    </bitfield>
    <bitfield id="WKUPDEP_VIP3_EVE3" width="1" begin="8" end="8" resetval="0x0" description="Wakeup dependency from VIP3 module (SWakeup signal) towards EVE3 + L3_MAIN1 + L4PER1 + L4PER2 + L4PER3 domains" range="" rwaccess="RW">
      <bitenum value="0" id="DISABLED" token="WKUPDEP_VIP3_EVE3_0" description="Dependency is disabled"/>
      <bitenum value="1" id="ENABLED" token="WKUPDEP_VIP3_EVE3_1" description="Dependency is enabled"/>
    </bitfield>
    <bitfield id="WKUPDEP_VIP3_EVE2" width="1" begin="7" end="7" resetval="0x0" description="Wakeup dependency from VIP3 module (SWakeup signal) towards EVE2 + L3_MAIN1 + L4PER1 + L4PER2 + L4PER3 domains" range="" rwaccess="RW">
      <bitenum value="0" id="DISABLED" token="WKUPDEP_VIP3_EVE2_0" description="Dependency is disabled"/>
      <bitenum value="1" id="ENABLED" token="WKUPDEP_VIP3_EVE2_1" description="Dependency is enabled"/>
    </bitfield>
    <bitfield id="WKUPDEP_VIP3_EVE1" width="1" begin="6" end="6" resetval="0x0" description="Wakeup dependency from VIP3 module (SWakeup signal) towards EVE1 + L3_MAIN1 + L4PER1 + L4PER2 + L4PER3 domains" range="" rwaccess="RW">
      <bitenum value="0" id="DISABLED" token="WKUPDEP_VIP3_EVE1_0" description="Dependency is disabled"/>
      <bitenum value="1" id="ENABLED" token="WKUPDEP_VIP3_EVE1_1" description="Dependency is enabled"/>
    </bitfield>
    <bitfield id="WKUPDEP_VIP3_DSP2" width="1" begin="5" end="5" resetval="0x0" description="Wakeup dependency from VIP3 module (SWakeup signal) towards DSP2 + L3_MAIN1 + L4PER1 + L4PER2 + L4PER3 domains" range="" rwaccess="RW">
      <bitenum value="0" id="DISABLED" token="WKUPDEP_VIP3_DSP2_0" description="Dependency is disabled"/>
      <bitenum value="1" id="ENABLED" token="WKUPDEP_VIP3_DSP2_1" description="Dependency is enabled"/>
    </bitfield>
    <bitfield id="WKUPDEP_VIP3_IPU1" width="1" begin="4" end="4" resetval="0x0" description="Wakeup dependency from VIP3 module (SWakeup signal) towards IPU1 + L3_MAIN1 + L4PER1 + L4PER2 + L4PER3 domains" range="" rwaccess="RW">
      <bitenum value="0" id="DISABLED" token="WKUPDEP_VIP3_IPU1_0" description="Dependency is disabled"/>
      <bitenum value="1" id="ENABLED" token="WKUPDEP_VIP3_IPU1_1" description="Dependency is enabled"/>
    </bitfield>
    <bitfield id="RESERVED" width="1" begin="3" end="3" resetval="0x0" description="" range="" rwaccess="R"/>
    <bitfield id="WKUPDEP_VIP3_DSP1" width="1" begin="2" end="2" resetval="0x0" description="Wakeup dependency from VIP3 module (SWakeup signal) towards DSP + L3MAIN1 + L4PER1 + L4PER2 + L4PER3 domains" range="" rwaccess="RW">
      <bitenum value="0" id="DISABLED" token="WKUPDEP_VIP3_DSP1_0" description="Dependency is disabled"/>
      <bitenum value="1" id="ENABLED" token="WKUPDEP_VIP3_DSP1_1" description="Dependency is enabled"/>
    </bitfield>
    <bitfield id="WKUPDEP_VIP3_IPU2" width="1" begin="1" end="1" resetval="0x0" description="Wakeup dependency from vip3 module (SWakeup signal) towards IPU2 + L3_MAIN1 + L4PER1 + L4PER2 + L4PER3 domains" range="" rwaccess="RW">
      <bitenum value="0" id="DISABLED" token="WKUPDEP_VIP3_IPU2_0" description="Dependency is disabled"/>
      <bitenum value="1" id="ENABLED" token="WKUPDEP_VIP3_IPU2_1" description="Dependency is enabled"/>
    </bitfield>
    <bitfield id="WKUPDEP_VIP3_MPU" width="1" begin="0" end="0" resetval="0x0" description="Wakeup dependency from VIP3 module (SWakeup signal) towards MPU + L3_MAIN1 + L4PER1 + L4PER2 + L4PER3 domains" range="" rwaccess="RW">
      <bitenum value="0" id="DISABLED" token="WKUPDEP_VIP3_MPU_0" description="Dependency is disabled"/>
      <bitenum value="1" id="ENABLED" token="WKUPDEP_VIP3_MPU_1" description="Dependency is enabled"/>
    </bitfield>
  </register>
  <register id="RM_CAM_VIP3_CONTEXT" acronym="RM_CAM_VIP3_CONTEXT" offset="0x34" width="32" description="This register contains dedicated VIP3 context statuses. [warm reset insensitive]">
    <bitfield id="RESERVED" width="23" begin="31" end="9" resetval="0x0" description="" range="" rwaccess="R"/>
    <bitfield id="LOSTMEM_VIP_BANK" width="1" begin="8" end="8" resetval="0x1" description="Specify if memory-based context in VIP_MEM memory bank has been lost due to a previous power transition or other reset source." range="" rwaccess="RW">
      <bitenum value="0" id="MAINTAINED" token="LOSTMEM_VIP_BANK_0" description="Context has been maintained"/>
      <bitenum value="1" id="LOST" token="LOSTMEM_VIP_BANK_1" description="Context has been lost"/>
    </bitfield>
    <bitfield id="RESERVED" width="7" begin="7" end="1" resetval="0x0" description="" range="" rwaccess="R"/>
    <bitfield id="LOSTCONTEXT_DFF" width="1" begin="0" end="0" resetval="0x1" description="Specify if DFF-based context has been lost due to a previous power transition or other reset source. (set upon assertion of CAM_RST signal)" range="" rwaccess="RW">
      <bitenum value="0" id="MAINTAINED" token="LOSTCONTEXT_DFF_0" description="Context has been maintained"/>
      <bitenum value="1" id="LOST" token="LOSTCONTEXT_DFF_1" description="Context has been lost"/>
    </bitfield>
  </register>
  <register id="RM_CAM_LVDSRX_CONTEXT" acronym="RM_CAM_LVDSRX_CONTEXT" offset="0x3C" width="32" description="This register contains dedicated LVDSRX context statuses. [warm reset insensitive]">
    <bitfield id="RESERVED" width="31" begin="31" end="1" resetval="0x0" description="" range="" rwaccess="R"/>
    <bitfield id="LOSTCONTEXT_DFF" width="1" begin="0" end="0" resetval="0x1" description="Specify if DFF-based context has been lost due to a previous power transition or other reset source. (set upon assertion of CAM_RST signal)" range="" rwaccess="RW">
      <bitenum value="0" id="MAINTAINED" token="LOSTCONTEXT_DFF_0" description="Context has been maintained"/>
      <bitenum value="1" id="LOST" token="LOSTCONTEXT_DFF_1" description="Context has been lost"/>
    </bitfield>
  </register>
  <register id="RM_CAM_CSI1_CONTEXT" acronym="RM_CAM_CSI1_CONTEXT" offset="0x44" width="32" description="This register contains dedicated CSI1 context statuses. [warm reset insensitive]">
    <bitfield id="RESERVED" width="31" begin="31" end="1" resetval="0x0" description="" range="" rwaccess="R"/>
    <bitfield id="LOSTCONTEXT_DFF" width="1" begin="0" end="0" resetval="0x1" description="Specify if DFF-based context has been lost due to a previous power transition or other reset source. (set upon assertion of CAM_RST signal)" range="" rwaccess="RW">
      <bitenum value="0" id="MAINTAINED" token="LOSTCONTEXT_DFF_0" description="Context has been maintained"/>
      <bitenum value="1" id="LOST" token="LOSTCONTEXT_DFF_1" description="Context has been lost"/>
    </bitfield>
  </register>
  <register id="RM_CAM_CSI2_CONTEXT" acronym="RM_CAM_CSI2_CONTEXT" offset="0x4C" width="32" description="This register contains dedicated CSI2 context statuses. [warm reset insensitive]">
    <bitfield id="RESERVED" width="31" begin="31" end="1" resetval="0x0" description="" range="" rwaccess="R"/>
    <bitfield id="LOSTCONTEXT_DFF" width="1" begin="0" end="0" resetval="0x1" description="Specify if DFF-based context has been lost due to a previous power transition or other reset source. (set upon assertion of CAM_RST signal)" range="" rwaccess="RW">
      <bitenum value="0" id="MAINTAINED" token="LOSTCONTEXT_DFF_0" description="Context has been maintained"/>
      <bitenum value="1" id="LOST" token="LOSTCONTEXT_DFF_1" description="Context has been lost"/>
    </bitfield>
  </register>
</module>
