<module name="CLK1_MMU_BW_LIMITER" acronym="" XML_version="1.0" HW_revision="n/a" description="">
  <register id="L3_BW_LIMITER_STDHOSTHDR_COREREG" acronym="L3_BW_LIMITER_STDHOSTHDR_COREREG" offset="0x0" width="32" description="">
    <bitfield id="RESERVED" width="10" begin="31" end="22" resetval="0x0" description="" range="" rwaccess="R"/>
    <bitfield id="STDHOSTHDR_COREREG_CORECODE" width="6" begin="21" end="16" resetval="0x2C" description="The Core Code field is a constantreporting a vendor-specific core generator code. Type: Constant. Reset value: 0x2C." range="" rwaccess="R"/>
    <bitfield id="RESERVED" width="15" begin="15" end="1" resetval="0x0" description="" range="" rwaccess="R"/>
    <bitfield id="STDHOSTHDR_COREREG_VENDORCODE" width="1" begin="0" end="0" resetval="1" description="The Vendor Code field is a constantreporting the core generator vendor code. Type: Constant. Reset value: 0x1." range="" rwaccess="R">
      <bitenum value="1" id="ARTERIS" token="STDHOSTHDR_COREREG_VENDORCODE_1_r" description=""/>
      <bitenum value="0" id="UNDEFINED" token="STDHOSTHDR_COREREG_VENDORCODE_0_r" description="Third-party vendor."/>
    </bitfield>
  </register>
  <register id="L3_BW_LIMITER_STDHOSTHDR_VERSIONREG" acronym="L3_BW_LIMITER_STDHOSTHDR_VERSIONREG" offset="0x4" width="32" description="">
    <bitfield id="STDHOSTHDR_VERSIONREG_REVISIONID" width="8" begin="31" end="24" resetval="0x00" description="The Revision Identifier field is a constantreporting the core generator revision number. Type: Constant. Reset value: 0x0." range="" rwaccess="R"/>
    <bitfield id="STDHOSTHDR_VERSIONREG_COREPARAMSCHECKSUM" width="24" begin="23" end="0" resetval="0x0" description="Reserved. Type: Reserved. Reset value: Reserved." range="" rwaccess="R"/>
  </register>
  <register id="L3_BW_LIMITER_BANDWIDTH_FRACTIONAL" acronym="L3_BW_LIMITER_BANDWIDTH_FRACTIONAL" offset="0x8" width="32" description="">
    <bitfield id="RESERVED" width="27" begin="31" end="5" resetval="0x0" description="" range="" rwaccess="R"/>
    <bitfield id="BANDWIDTH_FRACTIONAL" width="5" begin="4" end="0" resetval="0x0" description="Fractional part of bandwitdh in terms of bytes per second Type: Control. Reset value: 0x0." range="" rwaccess="RW"/>
  </register>
  <register id="L3_BW_LIMITER_BANDWIDTH_INTEGER" acronym="L3_BW_LIMITER_BANDWIDTH_INTEGER" offset="0xC" width="32" description="">
    <bitfield id="RESERVED" width="28" begin="31" end="4" resetval="0x0" description="" range="" rwaccess="R"/>
    <bitfield id="BANDWIDTH_INTEGER" width="4" begin="3" end="0" resetval="0x0" description="Integer part of bandwitdh in terms of bytes per second Type: Control. Reset value: 0x0." range="" rwaccess="RW"/>
  </register>
  <register id="L3_BW_LIMITER_WATERMARK_0" acronym="L3_BW_LIMITER_WATERMARK_0" offset="0x10" width="32" description="">
    <bitfield id="RESERVED" width="18" begin="31" end="14" resetval="0x0" description="" range="" rwaccess="R"/>
    <bitfield id="WATERMARK_0" width="14" begin="13" end="0" resetval="0x3FFF" description="Peak bandwidth allowed Type: Control. Reset value: 0x3FF." range="" rwaccess="RW"/>
  </register>
  <register id="L3_BW_LIMITER_CLEARHISTORY" acronym="L3_BW_LIMITER_CLEARHISTORY" offset="0x14" width="32" description="">
    <bitfield id="RESERVED" width="31" begin="31" end="1" resetval="0x0" description="" range="" rwaccess="R"/>
    <bitfield id="CLEARHISTORY" width="1" begin="0" end="0" resetval="0" description="Write a 1 clear the traffic counter Type: Give_AutoCleared. Reset value: 0x0." range="" rwaccess="RW"/>
  </register>
</module>
