<module name="DRM" acronym="" XML_version="1.0" HW_revision="n/a" description="">
  <register id="DRM_SUSPEND_CTRL0" acronym="DRM_SUSPEND_CTRL0" offset="0x200" width="32" description="">
    <bitfield id="RESERVED" width="23" begin="31" end="9" resetval="0x0" description="Reserved" range="" rwaccess="R"/>
    <bitfield id="SUSPEND_SEL" width="5" begin="8" end="4" resetval="0x0" description="Suspend signal selection.Selects which suspend signal affects the peripheral. Only valid when SUSPEND_DEFAULT_OVERRIDE=0 and SENSCTRL=1. When read, these bits reflect the default suspend signal. 0000b: CPU suspend signal. All other values are reserved." range="" rwaccess="RW"/>
    <bitfield id="SUSPEND_DEFAULT_OVERRIDE" width="1" begin="3" end="3" resetval="0x0" description="Enable or disable the override value in SUSPEND_SEL.0: SUSPEND_SEL field will select which suspend signal reaches the peripheral.1: SUSPEND_SEL field ignored.Default suspend signal will reach the peripheral." range="" rwaccess="R"/>
    <bitfield id="RESERVED" width="2" begin="2" end="1" resetval="0x0" description="Reserved" range="" rwaccess="R"/>
    <bitfield id="SENSCTRL" width="1" begin="0" end="0" resetval="0x0" description="Sensitivity Control for suspend signals.When SUSPEND_DEFAULT_OVERRIDE=1, this bit is ignored and read as a 1. When SUSPEND_DEFAULT_OVERRIDE=0, 0: Suspend signal will not reach the peripheral. Peripheral will act as normal even during a debug halt. 1: Suspend signal will reach the peripheral. Peripheral will be suspended during debug halt." range="" rwaccess="RW"/>
  </register>
  <register id="DRM_SUSPEND_CTRL1" acronym="DRM_SUSPEND_CTRL1" offset="0x204" width="32" description="">
    <bitfield id="RESERVED" width="23" begin="31" end="9" resetval="0x0" description="Reserved" range="" rwaccess="R"/>
    <bitfield id="SUSPEND_SEL" width="5" begin="8" end="4" resetval="0x0" description="Suspend signal selection.Selects which suspend signal affects the peripheral. Only valid when SUSPEND_DEFAULT_OVERRIDE=0 and SENSCTRL=1. When read, these bits reflect the default suspend signal. 0000b: CPU suspend signal. All other values are reserved." range="" rwaccess="RW"/>
    <bitfield id="SUSPEND_DEFAULT_OVERRIDE" width="1" begin="3" end="3" resetval="0x0" description="Enable or disable the override value in SUSPEND_SEL.0: SUSPEND_SEL field will select which suspend signal reaches the peripheral.1: SUSPEND_SEL field ignored.Default suspend signal will reach the peripheral." range="" rwaccess="R"/>
    <bitfield id="RESERVED" width="2" begin="2" end="1" resetval="0x0" description="Reserved" range="" rwaccess="R"/>
    <bitfield id="SENSCTRL" width="1" begin="0" end="0" resetval="0x0" description="Sensitivity Control for suspend signals.When SUSPEND_DEFAULT_OVERRIDE=1, this bit is ignored and read as a 1. When SUSPEND_DEFAULT_OVERRIDE=0, 0: Suspend signal will not reach the peripheral. Peripheral will act as normal even during a debug halt. 1: Suspend signal will reach the peripheral. Peripheral will be suspended during debug halt." range="" rwaccess="RW"/>
  </register>
  <register id="DRM_SUSPEND_CTRL2" acronym="DRM_SUSPEND_CTRL2" offset="0x208" width="32" description="">
    <bitfield id="RESERVED" width="23" begin="31" end="9" resetval="0x0" description="Reserved" range="" rwaccess="R"/>
    <bitfield id="SUSPEND_SEL" width="5" begin="8" end="4" resetval="0x0" description="Suspend signal selection.Selects which suspend signal affects the peripheral. Only valid when SUSPEND_DEFAULT_OVERRIDE=0 and SENSCTRL=1. When read, these bits reflect the default suspend signal. 0000b: CPU suspend signal. All other values are reserved." range="" rwaccess="RW"/>
    <bitfield id="SUSPEND_DEFAULT_OVERRIDE" width="1" begin="3" end="3" resetval="0x0" description="Enable or disable the override value in SUSPEND_SEL.0: SUSPEND_SEL field will select which suspend signal reaches the peripheral.1: SUSPEND_SEL field ignored.Default suspend signal will reach the peripheral." range="" rwaccess="R"/>
    <bitfield id="RESERVED" width="2" begin="2" end="1" resetval="0x0" description="Reserved" range="" rwaccess="R"/>
    <bitfield id="SENSCTRL" width="1" begin="0" end="0" resetval="0x0" description="Sensitivity Control for suspend signals.When SUSPEND_DEFAULT_OVERRIDE=1, this bit is ignored and read as a 1. When SUSPEND_DEFAULT_OVERRIDE=0, 0: Suspend signal will not reach the peripheral. Peripheral will act as normal even during a debug halt. 1: Suspend signal will reach the peripheral. Peripheral will be suspended during debug halt." range="" rwaccess="RW"/>
  </register>
  <register id="DRM_SUSPEND_CTRL3" acronym="DRM_SUSPEND_CTRL3" offset="0x20C" width="32" description="">
    <bitfield id="RESERVED" width="23" begin="31" end="9" resetval="0x0" description="Reserved" range="" rwaccess="R"/>
    <bitfield id="SUSPEND_SEL" width="5" begin="8" end="4" resetval="0x0" description="Suspend signal selection.Selects which suspend signal affects the peripheral. Only valid when SUSPEND_DEFAULT_OVERRIDE=0 and SENSCTRL=1. When read, these bits reflect the default suspend signal. 0000b: CPU suspend signal. All other values are reserved." range="" rwaccess="RW"/>
    <bitfield id="SUSPEND_DEFAULT_OVERRIDE" width="1" begin="3" end="3" resetval="0x0" description="Enable or disable the override value in SUSPEND_SEL.0: SUSPEND_SEL field will select which suspend signal reaches the peripheral.1: SUSPEND_SEL field ignored.Default suspend signal will reach the peripheral." range="" rwaccess="R"/>
    <bitfield id="RESERVED" width="2" begin="2" end="1" resetval="0x0" description="Reserved" range="" rwaccess="R"/>
    <bitfield id="SENSCTRL" width="1" begin="0" end="0" resetval="0x0" description="Sensitivity Control for suspend signals.When SUSPEND_DEFAULT_OVERRIDE=1, this bit is ignored and read as a 1. When SUSPEND_DEFAULT_OVERRIDE=0, 0: Suspend signal will not reach the peripheral. Peripheral will act as normal even during a debug halt. 1: Suspend signal will reach the peripheral. Peripheral will be suspended during debug halt." range="" rwaccess="RW"/>
  </register>
  <register id="DRM_SUSPEND_CTRL4" acronym="DRM_SUSPEND_CTRL4" offset="0x210" width="32" description="">
    <bitfield id="RESERVED" width="23" begin="31" end="9" resetval="0x0" description="Reserved" range="" rwaccess="R"/>
    <bitfield id="SUSPEND_SEL" width="5" begin="8" end="4" resetval="0x0" description="Suspend signal selection.Selects which suspend signal affects the peripheral. Only valid when SUSPEND_DEFAULT_OVERRIDE=0 and SENSCTRL=1. When read, these bits reflect the default suspend signal. 0000b: CPU suspend signal. All other values are reserved." range="" rwaccess="RW"/>
    <bitfield id="SUSPEND_DEFAULT_OVERRIDE" width="1" begin="3" end="3" resetval="0x0" description="Enable or disable the override value in SUSPEND_SEL.0: SUSPEND_SEL field will select which suspend signal reaches the peripheral.1: SUSPEND_SEL field ignored.Default suspend signal will reach the peripheral." range="" rwaccess="R"/>
    <bitfield id="RESERVED" width="2" begin="2" end="1" resetval="0x0" description="Reserved" range="" rwaccess="R"/>
    <bitfield id="SENSCTRL" width="1" begin="0" end="0" resetval="0x0" description="Sensitivity Control for suspend signals.When SUSPEND_DEFAULT_OVERRIDE=1, this bit is ignored and read as a 1. When SUSPEND_DEFAULT_OVERRIDE=0, 0: Suspend signal will not reach the peripheral. Peripheral will act as normal even during a debug halt. 1: Suspend signal will reach the peripheral. Peripheral will be suspended during debug halt." range="" rwaccess="RW"/>
  </register>
  <register id="DRM_SUSPEND_CTRL5" acronym="DRM_SUSPEND_CTRL5" offset="0x214" width="32" description="">
    <bitfield id="RESERVED" width="23" begin="31" end="9" resetval="0x0" description="Reserved" range="" rwaccess="R"/>
    <bitfield id="SUSPEND_SEL" width="5" begin="8" end="4" resetval="0x0" description="Suspend signal selection.Selects which suspend signal affects the peripheral. Only valid when SUSPEND_DEFAULT_OVERRIDE=0 and SENSCTRL=1. When read, these bits reflect the default suspend signal. 0000b: CPU suspend signal. All other values are reserved." range="" rwaccess="RW"/>
    <bitfield id="SUSPEND_DEFAULT_OVERRIDE" width="1" begin="3" end="3" resetval="0x0" description="Enable or disable the override value in SUSPEND_SEL.0: SUSPEND_SEL field will select which suspend signal reaches the peripheral.1: SUSPEND_SEL field ignored.Default suspend signal will reach the peripheral." range="" rwaccess="R"/>
    <bitfield id="RESERVED" width="2" begin="2" end="1" resetval="0x0" description="Reserved" range="" rwaccess="R"/>
    <bitfield id="SENSCTRL" width="1" begin="0" end="0" resetval="0x0" description="Sensitivity Control for suspend signals.When SUSPEND_DEFAULT_OVERRIDE=1, this bit is ignored and read as a 1. When SUSPEND_DEFAULT_OVERRIDE=0, 0: Suspend signal will not reach the peripheral. Peripheral will act as normal even during a debug halt. 1: Suspend signal will reach the peripheral. Peripheral will be suspended during debug halt." range="" rwaccess="RW"/>
  </register>
  <register id="DRM_SUSPEND_CTRL6" acronym="DRM_SUSPEND_CTRL6" offset="0x218" width="32" description="">
    <bitfield id="RESERVED" width="23" begin="31" end="9" resetval="0x0" description="Reserved" range="" rwaccess="R"/>
    <bitfield id="SUSPEND_SEL" width="5" begin="8" end="4" resetval="0x0" description="Suspend signal selection.Selects which suspend signal affects the peripheral. Only valid when SUSPEND_DEFAULT_OVERRIDE=0 and SENSCTRL=1. When read, these bits reflect the default suspend signal. 0000b: CPU suspend signal. All other values are reserved." range="" rwaccess="RW"/>
    <bitfield id="SUSPEND_DEFAULT_OVERRIDE" width="1" begin="3" end="3" resetval="0x0" description="Enable or disable the override value in SUSPEND_SEL.0: SUSPEND_SEL field will select which suspend signal reaches the peripheral.1: SUSPEND_SEL field ignored.Default suspend signal will reach the peripheral." range="" rwaccess="R"/>
    <bitfield id="RESERVED" width="2" begin="2" end="1" resetval="0x0" description="Reserved" range="" rwaccess="R"/>
    <bitfield id="SENSCTRL" width="1" begin="0" end="0" resetval="0x0" description="Sensitivity Control for suspend signals.When SUSPEND_DEFAULT_OVERRIDE=1, this bit is ignored and read as a 1. When SUSPEND_DEFAULT_OVERRIDE=0, 0: Suspend signal will not reach the peripheral. Peripheral will act as normal even during a debug halt. 1: Suspend signal will reach the peripheral. Peripheral will be suspended during debug halt." range="" rwaccess="RW"/>
  </register>
  <register id="DRM_SUSPEND_CTRL7" acronym="DRM_SUSPEND_CTRL7" offset="0x21C" width="32" description="">
    <bitfield id="RESERVED" width="23" begin="31" end="9" resetval="0x0" description="Reserved" range="" rwaccess="R"/>
    <bitfield id="SUSPEND_SEL" width="5" begin="8" end="4" resetval="0x0" description="Suspend signal selection.Selects which suspend signal affects the peripheral. Only valid when SUSPEND_DEFAULT_OVERRIDE=0 and SENSCTRL=1. When read, these bits reflect the default suspend signal. 0000b: CPU suspend signal. All other values are reserved." range="" rwaccess="RW"/>
    <bitfield id="SUSPEND_DEFAULT_OVERRIDE" width="1" begin="3" end="3" resetval="0x0" description="Enable or disable the override value in SUSPEND_SEL.0: SUSPEND_SEL field will select which suspend signal reaches the peripheral.1: SUSPEND_SEL field ignored.Default suspend signal will reach the peripheral." range="" rwaccess="R"/>
    <bitfield id="RESERVED" width="2" begin="2" end="1" resetval="0x0" description="Reserved" range="" rwaccess="R"/>
    <bitfield id="SENSCTRL" width="1" begin="0" end="0" resetval="0x0" description="Sensitivity Control for suspend signals.When SUSPEND_DEFAULT_OVERRIDE=1, this bit is ignored and read as a 1. When SUSPEND_DEFAULT_OVERRIDE=0, 0: Suspend signal will not reach the peripheral. Peripheral will act as normal even during a debug halt. 1: Suspend signal will reach the peripheral. Peripheral will be suspended during debug halt." range="" rwaccess="RW"/>
  </register>
  <register id="DRM_SUSPEND_CTRL8" acronym="DRM_SUSPEND_CTRL8" offset="0x220" width="32" description="">
    <bitfield id="RESERVED" width="23" begin="31" end="9" resetval="0x0" description="Reserved" range="" rwaccess="R"/>
    <bitfield id="SUSPEND_SEL" width="5" begin="8" end="4" resetval="0x0" description="Suspend signal selection.Selects which suspend signal affects the peripheral. Only valid when SUSPEND_DEFAULT_OVERRIDE=0 and SENSCTRL=1. When read, these bits reflect the default suspend signal. 0000b: CPU suspend signal. All other values are reserved." range="" rwaccess="RW"/>
    <bitfield id="SUSPEND_DEFAULT_OVERRIDE" width="1" begin="3" end="3" resetval="0x0" description="Enable or disable the override value in SUSPEND_SEL.0: SUSPEND_SEL field will select which suspend signal reaches the peripheral.1: SUSPEND_SEL field ignored.Default suspend signal will reach the peripheral." range="" rwaccess="R"/>
    <bitfield id="RESERVED" width="2" begin="2" end="1" resetval="0x0" description="Reserved" range="" rwaccess="R"/>
    <bitfield id="SENSCTRL" width="1" begin="0" end="0" resetval="0x0" description="Sensitivity Control for suspend signals.When SUSPEND_DEFAULT_OVERRIDE=1, this bit is ignored and read as a 1. When SUSPEND_DEFAULT_OVERRIDE=0, 0: Suspend signal will not reach the peripheral. Peripheral will act as normal even during a debug halt. 1: Suspend signal will reach the peripheral. Peripheral will be suspended during debug halt." range="" rwaccess="RW"/>
  </register>
  <register id="DRM_SUSPEND_CTRL9" acronym="DRM_SUSPEND_CTRL9" offset="0x224" width="32" description="">
    <bitfield id="RESERVED" width="23" begin="31" end="9" resetval="0x0" description="Reserved" range="" rwaccess="R"/>
    <bitfield id="SUSPEND_SEL" width="5" begin="8" end="4" resetval="0x0" description="Suspend signal selection.Selects which suspend signal affects the peripheral. Only valid when SUSPEND_DEFAULT_OVERRIDE=0 and SENSCTRL=1. When read, these bits reflect the default suspend signal. 0000b: CPU suspend signal. All other values are reserved." range="" rwaccess="RW"/>
    <bitfield id="SUSPEND_DEFAULT_OVERRIDE" width="1" begin="3" end="3" resetval="0x0" description="Enable or disable the override value in SUSPEND_SEL.0: SUSPEND_SEL field will select which suspend signal reaches the peripheral.1: SUSPEND_SEL field ignored.Default suspend signal will reach the peripheral." range="" rwaccess="R"/>
    <bitfield id="RESERVED" width="2" begin="2" end="1" resetval="0x0" description="Reserved" range="" rwaccess="R"/>
    <bitfield id="SENSCTRL" width="1" begin="0" end="0" resetval="0x0" description="Sensitivity Control for suspend signals.When SUSPEND_DEFAULT_OVERRIDE=1, this bit is ignored and read as a 1. When SUSPEND_DEFAULT_OVERRIDE=0, 0: Suspend signal will not reach the peripheral. Peripheral will act as normal even during a debug halt. 1: Suspend signal will reach the peripheral. Peripheral will be suspended during debug halt." range="" rwaccess="RW"/>
  </register>
  <register id="DRM_SUSPEND_CTRL10" acronym="DRM_SUSPEND_CTRL10" offset="0x228" width="32" description="">
    <bitfield id="RESERVED" width="23" begin="31" end="9" resetval="0x0" description="Reserved" range="" rwaccess="R"/>
    <bitfield id="SUSPEND_SEL" width="5" begin="8" end="4" resetval="0x0" description="Suspend signal selection.Selects which suspend signal affects the peripheral. Only valid when SUSPEND_DEFAULT_OVERRIDE=0 and SENSCTRL=1. When read, these bits reflect the default suspend signal. 0000b: CPU suspend signal. All other values are reserved." range="" rwaccess="RW"/>
    <bitfield id="SUSPEND_DEFAULT_OVERRIDE" width="1" begin="3" end="3" resetval="0x0" description="Enable or disable the override value in SUSPEND_SEL.0: SUSPEND_SEL field will select which suspend signal reaches the peripheral.1: SUSPEND_SEL field ignored.Default suspend signal will reach the peripheral." range="" rwaccess="R"/>
    <bitfield id="RESERVED" width="2" begin="2" end="1" resetval="0x0" description="Reserved" range="" rwaccess="R"/>
    <bitfield id="SENSCTRL" width="1" begin="0" end="0" resetval="0x0" description="Sensitivity Control for suspend signals.When SUSPEND_DEFAULT_OVERRIDE=1, this bit is ignored and read as a 1. When SUSPEND_DEFAULT_OVERRIDE=0, 0: Suspend signal will not reach the peripheral. Peripheral will act as normal even during a debug halt. 1: Suspend signal will reach the peripheral. Peripheral will be suspended during debug halt." range="" rwaccess="RW"/>
  </register>
  <register id="DRM_SUSPEND_CTRL11" acronym="DRM_SUSPEND_CTRL11" offset="0x22C" width="32" description="">
    <bitfield id="RESERVED" width="23" begin="31" end="9" resetval="0x0" description="Reserved" range="" rwaccess="R"/>
    <bitfield id="SUSPEND_SEL" width="5" begin="8" end="4" resetval="0x0" description="Suspend signal selection.Selects which suspend signal affects the peripheral. Only valid when SUSPEND_DEFAULT_OVERRIDE=0 and SENSCTRL=1. When read, these bits reflect the default suspend signal. 0000b: CPU suspend signal. All other values are reserved." range="" rwaccess="RW"/>
    <bitfield id="SUSPEND_DEFAULT_OVERRIDE" width="1" begin="3" end="3" resetval="0x0" description="Enable or disable the override value in SUSPEND_SEL.0: SUSPEND_SEL field will select which suspend signal reaches the peripheral.1: SUSPEND_SEL field ignored.Default suspend signal will reach the peripheral." range="" rwaccess="R"/>
    <bitfield id="RESERVED" width="2" begin="2" end="1" resetval="0x0" description="Reserved" range="" rwaccess="R"/>
    <bitfield id="SENSCTRL" width="1" begin="0" end="0" resetval="0x0" description="Sensitivity Control for suspend signals.When SUSPEND_DEFAULT_OVERRIDE=1, this bit is ignored and read as a 1. When SUSPEND_DEFAULT_OVERRIDE=0, 0: Suspend signal will not reach the peripheral. Peripheral will act as normal even during a debug halt. 1: Suspend signal will reach the peripheral. Peripheral will be suspended during debug halt." range="" rwaccess="RW"/>
  </register>
  <register id="DRM_SUSPEND_CTRL12" acronym="DRM_SUSPEND_CTRL12" offset="0x230" width="32" description="">
    <bitfield id="RESERVED" width="23" begin="31" end="9" resetval="0x0" description="Reserved" range="" rwaccess="R"/>
    <bitfield id="SUSPEND_SEL" width="5" begin="8" end="4" resetval="0x0" description="Suspend signal selection.Selects which suspend signal affects the peripheral. Only valid when SUSPEND_DEFAULT_OVERRIDE=0 and SENSCTRL=1. When read, these bits reflect the default suspend signal. 0000b: CPU suspend signal. All other values are reserved." range="" rwaccess="RW"/>
    <bitfield id="SUSPEND_DEFAULT_OVERRIDE" width="1" begin="3" end="3" resetval="0x0" description="Enable or disable the override value in SUSPEND_SEL.0: SUSPEND_SEL field will select which suspend signal reaches the peripheral.1: SUSPEND_SEL field ignored.Default suspend signal will reach the peripheral." range="" rwaccess="R"/>
    <bitfield id="RESERVED" width="2" begin="2" end="1" resetval="0x0" description="Reserved" range="" rwaccess="R"/>
    <bitfield id="SENSCTRL" width="1" begin="0" end="0" resetval="0x0" description="Sensitivity Control for suspend signals.When SUSPEND_DEFAULT_OVERRIDE=1, this bit is ignored and read as a 1. When SUSPEND_DEFAULT_OVERRIDE=0, 0: Suspend signal will not reach the peripheral. Peripheral will act as normal even during a debug halt. 1: Suspend signal will reach the peripheral. Peripheral will be suspended during debug halt." range="" rwaccess="RW"/>
  </register>
  <register id="DRM_SUSPEND_CTRL13" acronym="DRM_SUSPEND_CTRL13" offset="0x234" width="32" description="">
    <bitfield id="RESERVED" width="23" begin="31" end="9" resetval="0x0" description="Reserved" range="" rwaccess="R"/>
    <bitfield id="SUSPEND_SEL" width="5" begin="8" end="4" resetval="0x0" description="Suspend signal selection.Selects which suspend signal affects the peripheral. Only valid when SUSPEND_DEFAULT_OVERRIDE=0 and SENSCTRL=1. When read, these bits reflect the default suspend signal. 0000b: CPU suspend signal. All other values are reserved." range="" rwaccess="RW"/>
    <bitfield id="SUSPEND_DEFAULT_OVERRIDE" width="1" begin="3" end="3" resetval="0x0" description="Enable or disable the override value in SUSPEND_SEL.0: SUSPEND_SEL field will select which suspend signal reaches the peripheral.1: SUSPEND_SEL field ignored.Default suspend signal will reach the peripheral." range="" rwaccess="R"/>
    <bitfield id="RESERVED" width="2" begin="2" end="1" resetval="0x0" description="Reserved" range="" rwaccess="R"/>
    <bitfield id="SENSCTRL" width="1" begin="0" end="0" resetval="0x0" description="Sensitivity Control for suspend signals.When SUSPEND_DEFAULT_OVERRIDE=1, this bit is ignored and read as a 1. When SUSPEND_DEFAULT_OVERRIDE=0, 0: Suspend signal will not reach the peripheral. Peripheral will act as normal even during a debug halt. 1: Suspend signal will reach the peripheral. Peripheral will be suspended during debug halt." range="" rwaccess="RW"/>
  </register>
  <register id="DRM_SUSPEND_CTRL14" acronym="DRM_SUSPEND_CTRL14" offset="0x238" width="32" description="">
    <bitfield id="RESERVED" width="23" begin="31" end="9" resetval="0x0" description="Reserved" range="" rwaccess="R"/>
    <bitfield id="SUSPEND_SEL" width="5" begin="8" end="4" resetval="0x0" description="Suspend signal selection.Selects which suspend signal affects the peripheral. Only valid when SUSPEND_DEFAULT_OVERRIDE=0 and SENSCTRL=1. When read, these bits reflect the default suspend signal. 0000b: CPU suspend signal. All other values are reserved." range="" rwaccess="RW"/>
    <bitfield id="SUSPEND_DEFAULT_OVERRIDE" width="1" begin="3" end="3" resetval="0x0" description="Enable or disable the override value in SUSPEND_SEL.0: SUSPEND_SEL field will select which suspend signal reaches the peripheral.1: SUSPEND_SEL field ignored.Default suspend signal will reach the peripheral." range="" rwaccess="R"/>
    <bitfield id="RESERVED" width="2" begin="2" end="1" resetval="0x0" description="Reserved" range="" rwaccess="R"/>
    <bitfield id="SENSCTRL" width="1" begin="0" end="0" resetval="0x0" description="Sensitivity Control for suspend signals.When SUSPEND_DEFAULT_OVERRIDE=1, this bit is ignored and read as a 1. When SUSPEND_DEFAULT_OVERRIDE=0, 0: Suspend signal will not reach the peripheral. Peripheral will act as normal even during a debug halt. 1: Suspend signal will reach the peripheral. Peripheral will be suspended during debug halt." range="" rwaccess="RW"/>
  </register>
  <register id="DRM_SUSPEND_CTRL15" acronym="DRM_SUSPEND_CTRL15" offset="0x23C" width="32" description="">
    <bitfield id="RESERVED" width="23" begin="31" end="9" resetval="0x0" description="Reserved" range="" rwaccess="R"/>
    <bitfield id="SUSPEND_SEL" width="5" begin="8" end="4" resetval="0x0" description="Suspend signal selection.Selects which suspend signal affects the peripheral. Only valid when SUSPEND_DEFAULT_OVERRIDE=0 and SENSCTRL=1. When read, these bits reflect the default suspend signal. 0000b: CPU suspend signal. All other values are reserved." range="" rwaccess="RW"/>
    <bitfield id="SUSPEND_DEFAULT_OVERRIDE" width="1" begin="3" end="3" resetval="0x0" description="Enable or disable the override value in SUSPEND_SEL.0: SUSPEND_SEL field will select which suspend signal reaches the peripheral.1: SUSPEND_SEL field ignored.Default suspend signal will reach the peripheral." range="" rwaccess="R"/>
    <bitfield id="RESERVED" width="2" begin="2" end="1" resetval="0x0" description="Reserved" range="" rwaccess="R"/>
    <bitfield id="SENSCTRL" width="1" begin="0" end="0" resetval="0x0" description="Sensitivity Control for suspend signals.When SUSPEND_DEFAULT_OVERRIDE=1, this bit is ignored and read as a 1. When SUSPEND_DEFAULT_OVERRIDE=0, 0: Suspend signal will not reach the peripheral. Peripheral will act as normal even during a debug halt. 1: Suspend signal will reach the peripheral. Peripheral will be suspended during debug halt." range="" rwaccess="RW"/>
  </register>
  <register id="DRM_SUSPEND_CTRL16" acronym="DRM_SUSPEND_CTRL16" offset="0x240" width="32" description="">
    <bitfield id="RESERVED" width="23" begin="31" end="9" resetval="0x0" description="Reserved" range="" rwaccess="R"/>
    <bitfield id="SUSPEND_SEL" width="5" begin="8" end="4" resetval="0x0" description="Suspend signal selection.Selects which suspend signal affects the peripheral. Only valid when SUSPEND_DEFAULT_OVERRIDE=0 and SENSCTRL=1. When read, these bits reflect the default suspend signal. 0000b: CPU suspend signal. All other values are reserved." range="" rwaccess="RW"/>
    <bitfield id="SUSPEND_DEFAULT_OVERRIDE" width="1" begin="3" end="3" resetval="0x0" description="Enable or disable the override value in SUSPEND_SEL.0: SUSPEND_SEL field will select which suspend signal reaches the peripheral.1: SUSPEND_SEL field ignored.Default suspend signal will reach the peripheral." range="" rwaccess="R"/>
    <bitfield id="RESERVED" width="2" begin="2" end="1" resetval="0x0" description="Reserved" range="" rwaccess="R"/>
    <bitfield id="SENSCTRL" width="1" begin="0" end="0" resetval="0x0" description="Sensitivity Control for suspend signals.When SUSPEND_DEFAULT_OVERRIDE=1, this bit is ignored and read as a 1. When SUSPEND_DEFAULT_OVERRIDE=0, 0: Suspend signal will not reach the peripheral. Peripheral will act as normal even during a debug halt. 1: Suspend signal will reach the peripheral. Peripheral will be suspended during debug halt." range="" rwaccess="RW"/>
  </register>
  <register id="DRM_SUSPEND_CTRL17" acronym="DRM_SUSPEND_CTRL17" offset="0x244" width="32" description="">
    <bitfield id="RESERVED" width="23" begin="31" end="9" resetval="0x0" description="Reserved" range="" rwaccess="R"/>
    <bitfield id="SUSPEND_SEL" width="5" begin="8" end="4" resetval="0x0" description="Suspend signal selection.Selects which suspend signal affects the peripheral. Only valid when SUSPEND_DEFAULT_OVERRIDE=0 and SENSCTRL=1. When read, these bits reflect the default suspend signal. 0000b: CPU suspend signal. All other values are reserved." range="" rwaccess="RW"/>
    <bitfield id="SUSPEND_DEFAULT_OVERRIDE" width="1" begin="3" end="3" resetval="0x0" description="Enable or disable the override value in SUSPEND_SEL.0: SUSPEND_SEL field will select which suspend signal reaches the peripheral.1: SUSPEND_SEL field ignored.Default suspend signal will reach the peripheral." range="" rwaccess="R"/>
    <bitfield id="RESERVED" width="2" begin="2" end="1" resetval="0x0" description="Reserved" range="" rwaccess="R"/>
    <bitfield id="SENSCTRL" width="1" begin="0" end="0" resetval="0x0" description="Sensitivity Control for suspend signals.When SUSPEND_DEFAULT_OVERRIDE=1, this bit is ignored and read as a 1. When SUSPEND_DEFAULT_OVERRIDE=0, 0: Suspend signal will not reach the peripheral. Peripheral will act as normal even during a debug halt. 1: Suspend signal will reach the peripheral. Peripheral will be suspended during debug halt." range="" rwaccess="RW"/>
  </register>
  <register id="DRM_SUSPEND_CTRL18" acronym="DRM_SUSPEND_CTRL18" offset="0x248" width="32" description="">
    <bitfield id="RESERVED" width="23" begin="31" end="9" resetval="0x0" description="Reserved" range="" rwaccess="R"/>
    <bitfield id="SUSPEND_SEL" width="5" begin="8" end="4" resetval="0x0" description="Suspend signal selection.Selects which suspend signal affects the peripheral. Only valid when SUSPEND_DEFAULT_OVERRIDE=0 and SENSCTRL=1. When read, these bits reflect the default suspend signal. 0000b: CPU suspend signal. All other values are reserved." range="" rwaccess="RW"/>
    <bitfield id="SUSPEND_DEFAULT_OVERRIDE" width="1" begin="3" end="3" resetval="0x0" description="Enable or disable the override value in SUSPEND_SEL.0: SUSPEND_SEL field will select which suspend signal reaches the peripheral.1: SUSPEND_SEL field ignored.Default suspend signal will reach the peripheral." range="" rwaccess="R"/>
    <bitfield id="RESERVED" width="2" begin="2" end="1" resetval="0x0" description="Reserved" range="" rwaccess="R"/>
    <bitfield id="SENSCTRL" width="1" begin="0" end="0" resetval="0x0" description="Sensitivity Control for suspend signals.When SUSPEND_DEFAULT_OVERRIDE=1, this bit is ignored and read as a 1. When SUSPEND_DEFAULT_OVERRIDE=0, 0: Suspend signal will not reach the peripheral. Peripheral will act as normal even during a debug halt. 1: Suspend signal will reach the peripheral. Peripheral will be suspended during debug halt." range="" rwaccess="RW"/>
  </register>
  <register id="DRM_SUSPEND_CTRL19" acronym="DRM_SUSPEND_CTRL19" offset="0x24C" width="32" description="">
    <bitfield id="RESERVED" width="23" begin="31" end="9" resetval="0x0" description="Reserved" range="" rwaccess="R"/>
    <bitfield id="SUSPEND_SEL" width="5" begin="8" end="4" resetval="0x0" description="Suspend signal selection.Selects which suspend signal affects the peripheral. Only valid when SUSPEND_DEFAULT_OVERRIDE=0 and SENSCTRL=1. When read, these bits reflect the default suspend signal. 0000b: CPU suspend signal. All other values are reserved." range="" rwaccess="RW"/>
    <bitfield id="SUSPEND_DEFAULT_OVERRIDE" width="1" begin="3" end="3" resetval="0x0" description="Enable or disable the override value in SUSPEND_SEL.0: SUSPEND_SEL field will select which suspend signal reaches the peripheral.1: SUSPEND_SEL field ignored.Default suspend signal will reach the peripheral." range="" rwaccess="R"/>
    <bitfield id="RESERVED" width="2" begin="2" end="1" resetval="0x0" description="Reserved" range="" rwaccess="R"/>
    <bitfield id="SENSCTRL" width="1" begin="0" end="0" resetval="0x0" description="Sensitivity Control for suspend signals.When SUSPEND_DEFAULT_OVERRIDE=1, this bit is ignored and read as a 1. When SUSPEND_DEFAULT_OVERRIDE=0, 0: Suspend signal will not reach the peripheral. Peripheral will act as normal even during a debug halt. 1: Suspend signal will reach the peripheral. Peripheral will be suspended during debug halt." range="" rwaccess="RW"/>
  </register>
  <register id="DRM_SUSPEND_CTRL20" acronym="DRM_SUSPEND_CTRL20" offset="0x250" width="32" description="">
    <bitfield id="RESERVED" width="23" begin="31" end="9" resetval="0x0" description="Reserved" range="" rwaccess="R"/>
    <bitfield id="SUSPEND_SEL" width="5" begin="8" end="4" resetval="0x0" description="Suspend signal selection.Selects which suspend signal affects the peripheral. Only valid when SUSPEND_DEFAULT_OVERRIDE=0 and SENSCTRL=1. When read, these bits reflect the default suspend signal. 0000b: CPU suspend signal. All other values are reserved." range="" rwaccess="RW"/>
    <bitfield id="SUSPEND_DEFAULT_OVERRIDE" width="1" begin="3" end="3" resetval="0x0" description="Enable or disable the override value in SUSPEND_SEL.0: SUSPEND_SEL field will select which suspend signal reaches the peripheral.1: SUSPEND_SEL field ignored.Default suspend signal will reach the peripheral." range="" rwaccess="R"/>
    <bitfield id="RESERVED" width="2" begin="2" end="1" resetval="0x0" description="Reserved" range="" rwaccess="R"/>
    <bitfield id="SENSCTRL" width="1" begin="0" end="0" resetval="0x0" description="Sensitivity Control for suspend signals.When SUSPEND_DEFAULT_OVERRIDE=1, this bit is ignored and read as a 1. When SUSPEND_DEFAULT_OVERRIDE=0, 0: Suspend signal will not reach the peripheral. Peripheral will act as normal even during a debug halt. 1: Suspend signal will reach the peripheral. Peripheral will be suspended during debug halt." range="" rwaccess="RW"/>
  </register>
  <register id="DRM_SUSPEND_CTRL21" acronym="DRM_SUSPEND_CTRL21" offset="0x254" width="32" description="">
    <bitfield id="RESERVED" width="23" begin="31" end="9" resetval="0x0" description="Reserved" range="" rwaccess="R"/>
    <bitfield id="SUSPEND_SEL" width="5" begin="8" end="4" resetval="0x0" description="Suspend signal selection.Selects which suspend signal affects the peripheral. Only valid when SUSPEND_DEFAULT_OVERRIDE=0 and SENSCTRL=1. When read, these bits reflect the default suspend signal. 0000b: CPU suspend signal. All other values are reserved." range="" rwaccess="RW"/>
    <bitfield id="SUSPEND_DEFAULT_OVERRIDE" width="1" begin="3" end="3" resetval="0x0" description="Enable or disable the override value in SUSPEND_SEL.0: SUSPEND_SEL field will select which suspend signal reaches the peripheral.1: SUSPEND_SEL field ignored.Default suspend signal will reach the peripheral." range="" rwaccess="R"/>
    <bitfield id="RESERVED" width="2" begin="2" end="1" resetval="0x0" description="Reserved" range="" rwaccess="R"/>
    <bitfield id="SENSCTRL" width="1" begin="0" end="0" resetval="0x0" description="Sensitivity Control for suspend signals.When SUSPEND_DEFAULT_OVERRIDE=1, this bit is ignored and read as a 1. When SUSPEND_DEFAULT_OVERRIDE=0, 0: Suspend signal will not reach the peripheral. Peripheral will act as normal even during a debug halt. 1: Suspend signal will reach the peripheral. Peripheral will be suspended during debug halt." range="" rwaccess="RW"/>
  </register>
  <register id="DRM_SUSPEND_CTRL22" acronym="DRM_SUSPEND_CTRL22" offset="0x258" width="32" description="">
    <bitfield id="RESERVED" width="23" begin="31" end="9" resetval="0x0" description="Reserved" range="" rwaccess="R"/>
    <bitfield id="SUSPEND_SEL" width="5" begin="8" end="4" resetval="0x0" description="Suspend signal selection.Selects which suspend signal affects the peripheral. Only valid when SUSPEND_DEFAULT_OVERRIDE=0 and SENSCTRL=1. When read, these bits reflect the default suspend signal. 0000b: CPU suspend signal. All other values are reserved." range="" rwaccess="RW"/>
    <bitfield id="SUSPEND_DEFAULT_OVERRIDE" width="1" begin="3" end="3" resetval="0x0" description="Enable or disable the override value in SUSPEND_SEL.0: SUSPEND_SEL field will select which suspend signal reaches the peripheral.1: SUSPEND_SEL field ignored.Default suspend signal will reach the peripheral." range="" rwaccess="R"/>
    <bitfield id="RESERVED" width="2" begin="2" end="1" resetval="0x0" description="Reserved" range="" rwaccess="R"/>
    <bitfield id="SENSCTRL" width="1" begin="0" end="0" resetval="0x0" description="Sensitivity Control for suspend signals.When SUSPEND_DEFAULT_OVERRIDE=1, this bit is ignored and read as a 1. When SUSPEND_DEFAULT_OVERRIDE=0, 0: Suspend signal will not reach the peripheral. Peripheral will act as normal even during a debug halt. 1: Suspend signal will reach the peripheral. Peripheral will be suspended during debug halt." range="" rwaccess="RW"/>
  </register>
  <register id="DRM_SUSPEND_CTRL23" acronym="DRM_SUSPEND_CTRL23" offset="0x25C" width="32" description="">
    <bitfield id="RESERVED" width="23" begin="31" end="9" resetval="0x0" description="Reserved" range="" rwaccess="R"/>
    <bitfield id="SUSPEND_SEL" width="5" begin="8" end="4" resetval="0x0" description="Suspend signal selection.Selects which suspend signal affects the peripheral. Only valid when SUSPEND_DEFAULT_OVERRIDE=0 and SENSCTRL=1. When read, these bits reflect the default suspend signal. 0000b: CPU suspend signal. All other values are reserved." range="" rwaccess="RW"/>
    <bitfield id="SUSPEND_DEFAULT_OVERRIDE" width="1" begin="3" end="3" resetval="0x0" description="Enable or disable the override value in SUSPEND_SEL.0: SUSPEND_SEL field will select which suspend signal reaches the peripheral.1: SUSPEND_SEL field ignored.Default suspend signal will reach the peripheral." range="" rwaccess="R"/>
    <bitfield id="RESERVED" width="2" begin="2" end="1" resetval="0x0" description="Reserved" range="" rwaccess="R"/>
    <bitfield id="SENSCTRL" width="1" begin="0" end="0" resetval="0x0" description="Sensitivity Control for suspend signals.When SUSPEND_DEFAULT_OVERRIDE=1, this bit is ignored and read as a 1. When SUSPEND_DEFAULT_OVERRIDE=0, 0: Suspend signal will not reach the peripheral. Peripheral will act as normal even during a debug halt. 1: Suspend signal will reach the peripheral. Peripheral will be suspended during debug halt." range="" rwaccess="RW"/>
  </register>
  <register id="DRM_SUSPEND_CTRL24" acronym="DRM_SUSPEND_CTRL24" offset="0x260" width="32" description="">
    <bitfield id="RESERVED" width="23" begin="31" end="9" resetval="0x0" description="Reserved" range="" rwaccess="R"/>
    <bitfield id="SUSPEND_SEL" width="5" begin="8" end="4" resetval="0x0" description="Suspend signal selection.Selects which suspend signal affects the peripheral. Only valid when SUSPEND_DEFAULT_OVERRIDE=0 and SENSCTRL=1. When read, these bits reflect the default suspend signal. 0000b: CPU suspend signal. All other values are reserved." range="" rwaccess="RW"/>
    <bitfield id="SUSPEND_DEFAULT_OVERRIDE" width="1" begin="3" end="3" resetval="0x0" description="Enable or disable the override value in SUSPEND_SEL.0: SUSPEND_SEL field will select which suspend signal reaches the peripheral.1: SUSPEND_SEL field ignored.Default suspend signal will reach the peripheral." range="" rwaccess="R"/>
    <bitfield id="RESERVED" width="2" begin="2" end="1" resetval="0x0" description="Reserved" range="" rwaccess="R"/>
    <bitfield id="SENSCTRL" width="1" begin="0" end="0" resetval="0x0" description="Sensitivity Control for suspend signals.When SUSPEND_DEFAULT_OVERRIDE=1, this bit is ignored and read as a 1. When SUSPEND_DEFAULT_OVERRIDE=0, 0: Suspend signal will not reach the peripheral. Peripheral will act as normal even during a debug halt. 1: Suspend signal will reach the peripheral. Peripheral will be suspended during debug halt." range="" rwaccess="RW"/>
  </register>
  <register id="DRM_SUSPEND_CTRL25" acronym="DRM_SUSPEND_CTRL25" offset="0x264" width="32" description="">
    <bitfield id="RESERVED" width="23" begin="31" end="9" resetval="0x0" description="Reserved" range="" rwaccess="R"/>
    <bitfield id="SUSPEND_SEL" width="5" begin="8" end="4" resetval="0x0" description="Suspend signal selection.Selects which suspend signal affects the peripheral. Only valid when SUSPEND_DEFAULT_OVERRIDE=0 and SENSCTRL=1. When read, these bits reflect the default suspend signal. 0000b: CPU suspend signal. All other values are reserved." range="" rwaccess="RW"/>
    <bitfield id="SUSPEND_DEFAULT_OVERRIDE" width="1" begin="3" end="3" resetval="0x0" description="Enable or disable the override value in SUSPEND_SEL.0: SUSPEND_SEL field will select which suspend signal reaches the peripheral.1: SUSPEND_SEL field ignored.Default suspend signal will reach the peripheral." range="" rwaccess="R"/>
    <bitfield id="RESERVED" width="2" begin="2" end="1" resetval="0x0" description="Reserved" range="" rwaccess="R"/>
    <bitfield id="SENSCTRL" width="1" begin="0" end="0" resetval="0x0" description="Sensitivity Control for suspend signals.When SUSPEND_DEFAULT_OVERRIDE=1, this bit is ignored and read as a 1. When SUSPEND_DEFAULT_OVERRIDE=0, 0: Suspend signal will not reach the peripheral. Peripheral will act as normal even during a debug halt. 1: Suspend signal will reach the peripheral. Peripheral will be suspended during debug halt." range="" rwaccess="RW"/>
  </register>
  <register id="DRM_SUSPEND_CTRL26" acronym="DRM_SUSPEND_CTRL26" offset="0x268" width="32" description="">
    <bitfield id="RESERVED" width="23" begin="31" end="9" resetval="0x0" description="Reserved" range="" rwaccess="R"/>
    <bitfield id="SUSPEND_SEL" width="5" begin="8" end="4" resetval="0x0" description="Suspend signal selection.Selects which suspend signal affects the peripheral. Only valid when SUSPEND_DEFAULT_OVERRIDE=0 and SENSCTRL=1. When read, these bits reflect the default suspend signal. 0000b: CPU suspend signal. All other values are reserved." range="" rwaccess="RW"/>
    <bitfield id="SUSPEND_DEFAULT_OVERRIDE" width="1" begin="3" end="3" resetval="0x0" description="Enable or disable the override value in SUSPEND_SEL.0: SUSPEND_SEL field will select which suspend signal reaches the peripheral.1: SUSPEND_SEL field ignored.Default suspend signal will reach the peripheral." range="" rwaccess="R"/>
    <bitfield id="RESERVED" width="2" begin="2" end="1" resetval="0x0" description="Reserved" range="" rwaccess="R"/>
    <bitfield id="SENSCTRL" width="1" begin="0" end="0" resetval="0x0" description="Sensitivity Control for suspend signals.When SUSPEND_DEFAULT_OVERRIDE=1, this bit is ignored and read as a 1. When SUSPEND_DEFAULT_OVERRIDE=0, 0: Suspend signal will not reach the peripheral. Peripheral will act as normal even during a debug halt. 1: Suspend signal will reach the peripheral. Peripheral will be suspended during debug halt." range="" rwaccess="RW"/>
  </register>
  <register id="DRM_SUSPEND_CTRL27" acronym="DRM_SUSPEND_CTRL27" offset="0x26C" width="32" description="">
    <bitfield id="RESERVED" width="23" begin="31" end="9" resetval="0x0" description="Reserved" range="" rwaccess="R"/>
    <bitfield id="SUSPEND_SEL" width="5" begin="8" end="4" resetval="0x0" description="Suspend signal selection.Selects which suspend signal affects the peripheral. Only valid when SUSPEND_DEFAULT_OVERRIDE=0 and SENSCTRL=1. When read, these bits reflect the default suspend signal. 0000b: CPU suspend signal. All other values are reserved." range="" rwaccess="RW"/>
    <bitfield id="SUSPEND_DEFAULT_OVERRIDE" width="1" begin="3" end="3" resetval="0x0" description="Enable or disable the override value in SUSPEND_SEL.0: SUSPEND_SEL field will select which suspend signal reaches the peripheral.1: SUSPEND_SEL field ignored.Default suspend signal will reach the peripheral." range="" rwaccess="R"/>
    <bitfield id="RESERVED" width="2" begin="2" end="1" resetval="0x0" description="Reserved" range="" rwaccess="R"/>
    <bitfield id="SENSCTRL" width="1" begin="0" end="0" resetval="0x0" description="Sensitivity Control for suspend signals.When SUSPEND_DEFAULT_OVERRIDE=1, this bit is ignored and read as a 1. When SUSPEND_DEFAULT_OVERRIDE=0, 0: Suspend signal will not reach the peripheral. Peripheral will act as normal even during a debug halt. 1: Suspend signal will reach the peripheral. Peripheral will be suspended during debug halt." range="" rwaccess="RW"/>
  </register>
  <register id="DRM_SUSPEND_CTRL28" acronym="DRM_SUSPEND_CTRL28" offset="0x270" width="32" description="">
    <bitfield id="RESERVED" width="23" begin="31" end="9" resetval="0x0" description="Reserved" range="" rwaccess="R"/>
    <bitfield id="SUSPEND_SEL" width="5" begin="8" end="4" resetval="0x0" description="Suspend signal selection.Selects which suspend signal affects the peripheral. Only valid when SUSPEND_DEFAULT_OVERRIDE=0 and SENSCTRL=1. When read, these bits reflect the default suspend signal. 0000b: CPU suspend signal. All other values are reserved." range="" rwaccess="RW"/>
    <bitfield id="SUSPEND_DEFAULT_OVERRIDE" width="1" begin="3" end="3" resetval="0x0" description="Enable or disable the override value in SUSPEND_SEL.0: SUSPEND_SEL field will select which suspend signal reaches the peripheral.1: SUSPEND_SEL field ignored.Default suspend signal will reach the peripheral." range="" rwaccess="R"/>
    <bitfield id="RESERVED" width="2" begin="2" end="1" resetval="0x0" description="Reserved" range="" rwaccess="R"/>
    <bitfield id="SENSCTRL" width="1" begin="0" end="0" resetval="0x0" description="Sensitivity Control for suspend signals.When SUSPEND_DEFAULT_OVERRIDE=1, this bit is ignored and read as a 1. When SUSPEND_DEFAULT_OVERRIDE=0, 0: Suspend signal will not reach the peripheral. Peripheral will act as normal even during a debug halt. 1: Suspend signal will reach the peripheral. Peripheral will be suspended during debug halt." range="" rwaccess="RW"/>
  </register>
  <register id="DRM_SUSPEND_CTRL29" acronym="DRM_SUSPEND_CTRL29" offset="0x274" width="32" description="">
    <bitfield id="RESERVED" width="23" begin="31" end="9" resetval="0x0" description="Reserved" range="" rwaccess="R"/>
    <bitfield id="SUSPEND_SEL" width="5" begin="8" end="4" resetval="0x0" description="Suspend signal selection.Selects which suspend signal affects the peripheral. Only valid when SUSPEND_DEFAULT_OVERRIDE=0 and SENSCTRL=1. When read, these bits reflect the default suspend signal. 0000b: CPU suspend signal. All other values are reserved." range="" rwaccess="RW"/>
    <bitfield id="SUSPEND_DEFAULT_OVERRIDE" width="1" begin="3" end="3" resetval="0x0" description="Enable or disable the override value in SUSPEND_SEL.0: SUSPEND_SEL field will select which suspend signal reaches the peripheral.1: SUSPEND_SEL field ignored.Default suspend signal will reach the peripheral." range="" rwaccess="R"/>
    <bitfield id="RESERVED" width="2" begin="2" end="1" resetval="0x0" description="Reserved" range="" rwaccess="R"/>
    <bitfield id="SENSCTRL" width="1" begin="0" end="0" resetval="0x0" description="Sensitivity Control for suspend signals.When SUSPEND_DEFAULT_OVERRIDE=1, this bit is ignored and read as a 1. When SUSPEND_DEFAULT_OVERRIDE=0, 0: Suspend signal will not reach the peripheral. Peripheral will act as normal even during a debug halt. 1: Suspend signal will reach the peripheral. Peripheral will be suspended during debug halt." range="" rwaccess="RW"/>
  </register>
  <register id="DRM_SUSPEND_CTRL30" acronym="DRM_SUSPEND_CTRL30" offset="0x278" width="32" description="">
    <bitfield id="RESERVED" width="23" begin="31" end="9" resetval="0x0" description="Reserved" range="" rwaccess="R"/>
    <bitfield id="SUSPEND_SEL" width="5" begin="8" end="4" resetval="0x0" description="Suspend signal selection.Selects which suspend signal affects the peripheral. Only valid when SUSPEND_DEFAULT_OVERRIDE=0 and SENSCTRL=1. When read, these bits reflect the default suspend signal. 0000b: CPU suspend signal. All other values are reserved." range="" rwaccess="RW"/>
    <bitfield id="SUSPEND_DEFAULT_OVERRIDE" width="1" begin="3" end="3" resetval="0x0" description="Enable or disable the override value in SUSPEND_SEL.0: SUSPEND_SEL field will select which suspend signal reaches the peripheral.1: SUSPEND_SEL field ignored.Default suspend signal will reach the peripheral." range="" rwaccess="R"/>
    <bitfield id="RESERVED" width="2" begin="2" end="1" resetval="0x0" description="Reserved" range="" rwaccess="R"/>
    <bitfield id="SENSCTRL" width="1" begin="0" end="0" resetval="0x0" description="Sensitivity Control for suspend signals.When SUSPEND_DEFAULT_OVERRIDE=1, this bit is ignored and read as a 1. When SUSPEND_DEFAULT_OVERRIDE=0, 0: Suspend signal will not reach the peripheral. Peripheral will act as normal even during a debug halt. 1: Suspend signal will reach the peripheral. Peripheral will be suspended during debug halt." range="" rwaccess="RW"/>
  </register>
  <register id="DRM_SUSPEND_CTRL31" acronym="DRM_SUSPEND_CTRL31" offset="0x27C" width="32" description="">
    <bitfield id="RESERVED" width="23" begin="31" end="9" resetval="0x0" description="Reserved" range="" rwaccess="R"/>
    <bitfield id="SUSPEND_SEL" width="5" begin="8" end="4" resetval="0x0" description="Suspend signal selection.Selects which suspend signal affects the peripheral. Only valid when SUSPEND_DEFAULT_OVERRIDE=0 and SENSCTRL=1. When read, these bits reflect the default suspend signal. 0000b: CPU suspend signal. All other values are reserved." range="" rwaccess="RW"/>
    <bitfield id="SUSPEND_DEFAULT_OVERRIDE" width="1" begin="3" end="3" resetval="0x0" description="Enable or disable the override value in SUSPEND_SEL.0: SUSPEND_SEL field will select which suspend signal reaches the peripheral.1: SUSPEND_SEL field ignored.Default suspend signal will reach the peripheral." range="" rwaccess="R"/>
    <bitfield id="RESERVED" width="2" begin="2" end="1" resetval="0x0" description="Reserved" range="" rwaccess="R"/>
    <bitfield id="SENSCTRL" width="1" begin="0" end="0" resetval="0x0" description="Sensitivity Control for suspend signals.When SUSPEND_DEFAULT_OVERRIDE=1, this bit is ignored and read as a 1. When SUSPEND_DEFAULT_OVERRIDE=0, 0: Suspend signal will not reach the peripheral. Peripheral will act as normal even during a debug halt. 1: Suspend signal will reach the peripheral. Peripheral will be suspended during debug halt." range="" rwaccess="RW"/>
  </register>
  <register id="DRM_SUSPEND_CTRL32" acronym="DRM_SUSPEND_CTRL32" offset="0x280" width="32" description="">
    <bitfield id="RESERVED" width="23" begin="31" end="9" resetval="0x0" description="Reserved" range="" rwaccess="R"/>
    <bitfield id="SUSPEND_SEL" width="5" begin="8" end="4" resetval="0x0" description="Suspend signal selection.Selects which suspend signal affects the peripheral. Only valid when SUSPEND_DEFAULT_OVERRIDE=0 and SENSCTRL=1. When read, these bits reflect the default suspend signal. 0000b: CPU suspend signal. All other values are reserved." range="" rwaccess="RW"/>
    <bitfield id="SUSPEND_DEFAULT_OVERRIDE" width="1" begin="3" end="3" resetval="0x0" description="Enable or disable the override value in SUSPEND_SEL.0: SUSPEND_SEL field will select which suspend signal reaches the peripheral.1: SUSPEND_SEL field ignored.Default suspend signal will reach the peripheral." range="" rwaccess="R"/>
    <bitfield id="RESERVED" width="2" begin="2" end="1" resetval="0x0" description="Reserved" range="" rwaccess="R"/>
    <bitfield id="SENSCTRL" width="1" begin="0" end="0" resetval="0x0" description="Sensitivity Control for suspend signals.When SUSPEND_DEFAULT_OVERRIDE=1, this bit is ignored and read as a 1. When SUSPEND_DEFAULT_OVERRIDE=0, 0: Suspend signal will not reach the peripheral. Peripheral will act as normal even during a debug halt. 1: Suspend signal will reach the peripheral. Peripheral will be suspended during debug halt." range="" rwaccess="RW"/>
  </register>
</module>
