<module name="GPMC_TARG" acronym="" XML_version="1.0" HW_revision="n/a" description="">
  <register id="L3_TARG_STDHOSTHDR_COREREG" acronym="L3_TARG_STDHOSTHDR_COREREG" offset="0x0" width="32" description="">
    <bitfield id="RESERVED" width="10" begin="31" end="22" resetval="0x000" description="" range="" rwaccess="R"/>
    <bitfield id="STDHOSTHDR_COREREG_CORECODE" width="6" begin="21" end="16" resetval="0x13" description="The Core Code field is a constant reporting a vendor-specific core generator code. Type: Constant. Reset value: 0x13." range="" rwaccess="R"/>
    <bitfield id="RESERVED" width="15" begin="15" end="1" resetval="0x0000" description="" range="" rwaccess="R"/>
    <bitfield id="STDHOSTHDR_COREREG_VENDORCODE" width="1" begin="0" end="0" resetval="1" description="The Vendor Code field is a constant reporting the core generator vendor code. Type: Constant. Reset value: 0x1." range="" rwaccess="R">
      <bitenum value="0" id="Third-party_vendor." token="STDHOSTHDR_COREREG_VENDORCODE_0_r" description="Third-party vendor."/>
      <bitenum value="1" id="" token="STDHOSTHDR_COREREG_VENDORCODE_1_r" description=""/>
    </bitfield>
  </register>
  <register id="L3_TARG_STDHOSTHDR_VERSIONREG" acronym="L3_TARG_STDHOSTHDR_VERSIONREG" offset="0x4" width="32" description="">
    <bitfield id="STDHOSTHDR_VERSIONREG_REVISIONID" width="8" begin="31" end="24" resetval="0x00" description="The Revision Identifier field is a constant reporting the core generator revision number. Type: Constant. Reset value: 0x0." range="" rwaccess="R"/>
    <bitfield id="STDHOSTHDR_VERSIONREG_COREPARAMSCHECKSUM" width="24" begin="23" end="0" resetval="0x000000" description="Reserved. Type: Reserved. Reset value: Reserved." range="" rwaccess="R"/>
  </register>
  <register id="L3_TARG_STDHOSTHDR_MAINCTLREG" acronym="L3_TARG_STDHOSTHDR_MAINCTLREG" offset="0x8" width="32" description="">
    <bitfield id="RESERVED" width="28" begin="31" end="4" resetval="0x0000000" description="Reserved" range="" rwaccess="R"/>
    <bitfield id="STDHOSTHDR_MAINCTLREG_CM" width="1" begin="3" end="3" resetval="0" description="Reserved for internal testing. Must be set to 0. Type: Control. Reset value: 0x0." range="" rwaccess="R"/>
    <bitfield id="STDHOSTHDR_MAINCTLREG_FLT" width="1" begin="2" end="2" resetval="0" description="Asserted when a Fault condition is detected: if the unit includes Error Logging, Flt is asserted when the FltCnt register field indicates a Fault, and deasserted when FltCnt is reset. If no Error Logging is implemented, this bit becomes unit-dependent. In all cases, Flt bit and Flt pin (service network) have the same logical level. Type: Status. Reset value: X." range="" rwaccess="R"/>
    <bitfield id="RESERVED" width="1" begin="1" end="1" resetval="0" description="Reserved" range="" rwaccess="R"/>
    <bitfield id="STDHOSTHDR_MAINCTLREG_EN" width="1" begin="0" end="0" resetval="1" description="Sets the global core enable. Note: A disabled master does not generate any NTTP requests, and a disabled slave replies with an error packet to any request it receives. Type: Control. Reset value: 0x1." range="" rwaccess="RW"/>
  </register>
  <register id="L3_TARG_STDHOSTHDR_NTTPADDR_0" acronym="L3_TARG_STDHOSTHDR_NTTPADDR_0" offset="0x10" width="32" description="">
    <bitfield id="RESERVED" width="25" begin="31" end="7" resetval="0x0000000" description="Reserved" range="" rwaccess="R"/>
    <bitfield id="STDHOSTHDR_NTTPADDR_0" width="7" begin="6" end="0" resetval="See" description="Shows the Rx port address. Type: Control. Reset value: 0x15." range="" rwaccess="R"/>
  </register>
  <register id="L3_TARG_STDERRLOG_SVRTSTDLVL" acronym="L3_TARG_STDERRLOG_SVRTSTDLVL" offset="0x40" width="32" description="">
    <bitfield id="RESERVED" width="30" begin="31" end="2" resetval="0x0000 0000" description="Reserved" range="" rwaccess="R"/>
    <bitfield id="STDERRLOG_SVRTSTDLVL_0" width="2" begin="1" end="0" resetval="0x2" description="Severity level parameters Type: Control. Reset value: 0x2." range="" rwaccess="RW">
      <bitenum value="0" id="disabled" token="STDERRLOG_SVRTSTDLVL_0_0" description="Error logging is disabled."/>
      <bitenum value="1" id="error" token="STDERRLOG_SVRTSTDLVL_0_1" description="Errors are logged with severity level Error."/>
      <bitenum value="2" id="fault" token="STDERRLOG_SVRTSTDLVL_0_2" description="Errors are logged with severity level Fault."/>
    </bitfield>
  </register>
  <register id="L3_TARG_STDERRLOG_SVRTCUSTOMLVL" acronym="L3_TARG_STDERRLOG_SVRTCUSTOMLVL" offset="0x44" width="32" description="">
    <bitfield id="RESERVED" width="30" begin="31" end="2" resetval="0x0000 0000" description="Reserved" range="" rwaccess="R"/>
    <bitfield id="STDERRLOG_SVRTCUSTOMLVL_0" width="2" begin="1" end="0" resetval="0x2" description="Severity level parameters Type: Control. Reset value: 0x2." range="" rwaccess="RW">
      <bitenum value="0" id="disabled" token="STDERRLOG_SVRTCUSTOMLVL_0_0" description="Error logging is disabled."/>
      <bitenum value="1" id="error" token="STDERRLOG_SVRTCUSTOMLVL_0_1" description="Errors are logged with severity level Error."/>
      <bitenum value="2" id="fault" token="STDERRLOG_SVRTCUSTOMLVL_0_2" description="Errors are logged with severity level Fault."/>
    </bitfield>
  </register>
  <register id="L3_TARG_STDERRLOG_MAIN" acronym="L3_TARG_STDERRLOG_MAIN" offset="0x48" width="32" description="">
    <bitfield id="STDERRLOG_MAIN_CLRLOG" width="1" begin="31" end="31" resetval="0" description="Clears 'Error Logging Valid' bit when written to 1. Type: Give_AutoCleared. Reset value: 0x0." range="" rwaccess="RW"/>
    <bitfield id="RESERVED" width="11" begin="30" end="20" resetval="0x000" description="Reserved" range="" rwaccess="R"/>
    <bitfield id="STDERRLOG_MAIN_FLTCNT" width="1" begin="19" end="19" resetval="0" description="Asserted when at least one error with severity level FAULT is detected. Reset when written to 1. Type: Take. Reset value: 0x0." range="" rwaccess="RW"/>
    <bitfield id="STDERRLOG_MAIN_ERRCNT" width="1" begin="18" end="18" resetval="0" description="Asserted when at least one error with severity level ERROR is detected. Reset when written to 1. Type: Take. Reset value: 0x0." range="" rwaccess="RW"/>
    <bitfield id="RESERVED" width="16" begin="17" end="2" resetval="0x0000" description="Reserved" range="" rwaccess="R"/>
    <bitfield id="STDERRLOG_MAIN_ERRTYPE" width="1" begin="1" end="1" resetval="0" description="Indicates logging type. Type: Status. Reset value: X." range="" rwaccess="R">
      <bitenum value="0" id="standard" token="STDERRLOG_MAIN_ERRTYPE_0_r" description="Logged Error format is standard (header and necker recorded)."/>
      <bitenum value="1" id="module dependent" token="STDERRLOG_MAIN_ERRTYPE_1_r" description="Logged Error format is module dependent. CustomInfo register(s) may be implemented to store additional information."/>
    </bitfield>
    <bitfield id="STDERRLOG_MAIN_ERRLOGVLD" width="1" begin="0" end="0" resetval="0" description="Error Logging Valid. Asserted when logging information is valid(indicates that an error has been logged). Type: Status. Reset value: X." range="" rwaccess="R"/>
  </register>
  <register id="L3_TARG_STDERRLOG_HDR" acronym="L3_TARG_STDERRLOG_HDR" offset="0x4C" width="32" description="">
    <bitfield id="RESERVED" width="4" begin="31" end="28" resetval="0x00" description="Reserved" range="" rwaccess="R"/>
    <bitfield id="STDERRLOG_HDR_LEN1" width="10" begin="27" end="18" resetval="0x00" description="This field contains the number of payload cell(s) minus one of the logged packet. Type: Status. Reset value: X." range="" rwaccess="R"/>
    <bitfield id="RESERVED" width="2" begin="17" end="16" resetval="0x0" description="Reserved" range="" rwaccess="R"/>
    <bitfield id="STDERRLOG_HDR_STOPOFSWRPSZ" width="4" begin="15" end="12" resetval="0x0" description="StopOfs or WrapSize field of the logged packet (meaning depends on Wrp bit of logged opcode). Type: Status. Reset value: X." range="" rwaccess="R"/>
    <bitfield id="STDERRLOG_HDR_ERR" width="1" begin="11" end="11" resetval="0" description="Err bit of the logged packet. Type: Status. Reset value: X." range="" rwaccess="R"/>
    <bitfield id="RESERVED" width="3" begin="10" end="8" resetval="0x0" description="Reserved" range="" rwaccess="R"/>
    <bitfield id="STDERRLOG_HDR_PRESSURE" width="2" begin="7" end="6" resetval="0" description="Pressure field of the logged packet. Type: Status. Reset value: X." range="" rwaccess="R"/>
    <bitfield id="RESERVED" width="2" begin="5" end="4" resetval="0x0" description="Reserved" range="" rwaccess="R"/>
    <bitfield id="STDERRLOG_HDR_OPCODE" width="4" begin="3" end="0" resetval="0x0" description="Opcode of the logged packet. Type: Status. Reset value: X. 0x0: Store without acknowledge, incrementing burst, non-atomic request 0x1: Store without acknowledge, wrapping burst, non-atomic request 0x2: Store with acknowledge, incrementing burst, non-atomic request 0x3: Store with acknowledge, wrapping burst, non-atomic request 0x4: Load, incrementing burst, non-atomic request 0x5: Load, wrapping burst, non-atomic request 0x6: Control packet 0x7: Flush 0x8: Store without acknowledge, incrementing burst, atomic request 0x9: Store without acknowledge, wrapping burst, atomic request 0xA: Store with acknowledge, incrementing burst, atomic request 0xB: Store with acknowledge, wrapping burst, atomic request 0xC: Load, incrementing burst, atomic request 0xD: Load, wrapping burst, atomic request 0xE: Reserved 0xF: Reserved" range="" rwaccess="R"/>
  </register>
  <register id="L3_TARG_STDERRLOG_MSTADDR" acronym="L3_TARG_STDERRLOG_MSTADDR" offset="0x50" width="32" description="">
    <bitfield id="RESERVED" width="24" begin="31" end="8" resetval="0x000000" description="Reserved" range="" rwaccess="R"/>
    <bitfield id="STDERRLOG_MSTADDR" width="8" begin="7" end="0" resetval="0x00" description="Master Address field of the logged packet. Type: Status. Reset value: X." range="" rwaccess="R"/>
  </register>
  <register id="L3_TARG_STDERRLOG_SLVADDR" acronym="L3_TARG_STDERRLOG_SLVADDR" offset="0x54" width="32" description="">
    <bitfield id="RESERVED" width="25" begin="31" end="7" resetval="0x0000000" description="Reserved" range="" rwaccess="R"/>
    <bitfield id="STDERRLOG_SLVADDR" width="7" begin="6" end="0" resetval="0x00" description="Slave Address field of the logged packet. Type: Status. Reset value: X." range="" rwaccess="R"/>
  </register>
  <register id="L3_TARG_STDERRLOG_INFO" acronym="L3_TARG_STDERRLOG_INFO" offset="0x58" width="32" description="">
    <bitfield id="RESERVED" width="24" begin="31" end="8" resetval="0x000000" description="Reserved" range="" rwaccess="R"/>
    <bitfield id="STDERRLOG_INFO" width="8" begin="7" end="0" resetval="0x00" description="Info field of the logged packet. Type: Status. Reset value: X." range="" rwaccess="R"/>
  </register>
  <register id="L3_TARG_STDERRLOG_SLVOFSLSB" acronym="L3_TARG_STDERRLOG_SLVOFSLSB" offset="0x5C" width="32" description="">
    <bitfield id="STDERRLOG_SLVOFSLSB" width="32" begin="31" end="0" resetval="0x0000 0000" description="LSB of the 'slave offset' field, concatenated with 'start offset' field of the logged packet. Type: Status. Reset value: X." range="" rwaccess="R"/>
  </register>
  <register id="L3_TARG_STDERRLOG_SLVOFSMSB" acronym="L3_TARG_STDERRLOG_SLVOFSMSB" offset="0x60" width="32" description="">
    <bitfield id="RESERVED" width="31" begin="31" end="1" resetval="0x0000 0000" description="Reserved" range="" rwaccess="R"/>
    <bitfield id="STDERRLOG_SLVOFSMSB" width="1" begin="0" end="0" resetval="0" description="MSB of the 'slave offset' field of the logged packet (according to NTTP packet format, this register field may exceed the actual 'slave offset' size. Unused bits are stuck at 0, if any). Type: Status. Reset value: X." range="" rwaccess="R"/>
  </register>
  <register id="L3_TARG_STDERRLOG_CUSTOMINFO_INFO" acronym="L3_TARG_STDERRLOG_CUSTOMINFO_INFO" offset="0x64" width="32" description="">
    <bitfield id="RESERVED" width="24" begin="31" end="8" resetval="0x000000" description="Reserved" range="" rwaccess="R"/>
    <bitfield id="STDERRLOG_CUSTOMINFO_INFO" width="8" begin="7" end="0" resetval="0x00" description="Info field of the response packet. Type: Status. Reset value: X." range="" rwaccess="R"/>
  </register>
  <register id="L3_TARG_STDERRLOG_CUSTOMINFO_MSTADDR" acronym="L3_TARG_STDERRLOG_CUSTOMINFO_MSTADDR" offset="0x68" width="32" description="">
    <bitfield id="RESERVED" width="24" begin="31" end="8" resetval="0x000000" description="Reserved" range="" rwaccess="R"/>
    <bitfield id="STDERRLOG_CUSTOMINFO_MSTADDR" width="8" begin="7" end="0" resetval="0x00" description="MstAddr field of the response packet. Type: Status. Reset value: X." range="" rwaccess="R"/>
  </register>
  <register id="L3_TARG_STDERRLOG_CUSTOMINFO_OPCODE" acronym="L3_TARG_STDERRLOG_CUSTOMINFO_OPCODE" offset="0x6C" width="32" description="">
    <bitfield id="RESERVED" width="30" begin="31" end="2" resetval="0x0000 0000" description="Reserved" range="" rwaccess="R"/>
    <bitfield id="STDERRLOG_CUSTOMINFO_OPCODE" width="2" begin="1" end="0" resetval="0x0" description="Opcode of the response packet. Type: Status. Reset value: X. 0x0: Logged request is 0x1: Logged request is 0x2: Logged request is 0x3: Reserved" range="" rwaccess="R"/>
  </register>
  <register id="L3_TARG_ADDRSPACESIZELOG" acronym="L3_TARG_ADDRSPACESIZELOG" offset="0x80" width="32" description="">
    <bitfield id="RESERVED" width="27" begin="31" end="5" resetval="0x0000000" description="Reserved" range="" rwaccess="R"/>
    <bitfield id="ADDRSPACESIZELOG" width="5" begin="4" end="0" resetval="0x1F" description="The address space size is equal to 2**AddrSpaceSizeLog * 4K in bytes. Type: Control. Reset value: 0x1F." range="" rwaccess="RW"/>
  </register>
</module>
