<module name="INSTR_CM_CORE_AON" acronym="" XML_version="1.0" HW_revision="n/a" description="">
  <register id="CMI_IDENTICATION" acronym="CMI_IDENTICATION" offset="0x0" width="32" description="CM profiling identification register">
    <bitfield id="SCHEME" width="2" begin="31" end="30" resetval="0x1" description="" range="" rwaccess="R"/>
    <bitfield id="RESERVED" width="2" begin="29" end="28" resetval="0x1" description="" range="" rwaccess="R"/>
    <bitfield id="FUNC" width="12" begin="27" end="16" resetval="0x5" description="Indicates a software compatible module family" range="" rwaccess="R"/>
    <bitfield id="RTL" width="5" begin="15" end="11" resetval="0x9" description="RTL version" range="" rwaccess="R"/>
    <bitfield id="MAJOR" width="3" begin="10" end="8" resetval="0x0" description="Major revision" range="" rwaccess="R"/>
    <bitfield id="CUSTOM" width="2" begin="7" end="6" resetval="0x0" description="Indicates a special version for a particular device" range="" rwaccess="R"/>
    <bitfield id="MINOR" width="6" begin="5" end="0" resetval="0x0" description="Minor revision" range="" rwaccess="R"/>
  </register>
  <register id="CMI_SYS_CONFIG" acronym="CMI_SYS_CONFIG" offset="0x10" width="32" description="CM profiling system configuartion register">
    <bitfield id="RESERVED" width="28" begin="31" end="4" resetval="0x0" description="" range="" rwaccess="R"/>
    <bitfield id="IDLEMODE" width="2" begin="3" end="2" resetval="0x2" description="Configuration of the local target state management mode" range="" rwaccess="RW"/>
    <bitfield id="RESERVED" width="1" begin="1" end="1" resetval="0x0" description="" range="" rwaccess="R"/>
    <bitfield id="SOFTRESET" width="1" begin="0" end="0" resetval="0x0" description="Software reset" range="" rwaccess="RW"/>
  </register>
  <register id="CMI_STATUS" acronym="CMI_STATUS" offset="0x14" width="32" description="CM profiling status register">
    <bitfield id="RESERVED" width="23" begin="31" end="9" resetval="0x0" description="" range="" rwaccess="R"/>
    <bitfield id="FIFOEMPTY" width="1" begin="8" end="8" resetval="0x1" description="PM Profiling buffer empty" range="" rwaccess="R"/>
    <bitfield id="RESERVED" width="8" begin="7" end="0" resetval="0x0" description="" range="" rwaccess="R"/>
  </register>
  <register id="CMI_CONFIGURATION" acronym="CMI_CONFIGURATION" offset="0x24" width="32" description="CM profiling configuration register">
    <bitfield id="CLAIM_3" width="2" begin="31" end="30" resetval="0x0" description="Ownership" range="" rwaccess="RW"/>
    <bitfield id="CLAIM_2" width="1" begin="29" end="29" resetval="0x1" description="Debugger override qualifier" range="" rwaccess="RW"/>
    <bitfield id="CLAIM_1" width="1" begin="28" end="28" resetval="0x0" description="Current owner" range="" rwaccess="R"/>
    <bitfield id="RESERVED" width="12" begin="27" end="16" resetval="0x0" description="" range="" rwaccess="R"/>
    <bitfield id="MOD_ACT_EN" width="1" begin="15" end="15" resetval="0x0" description="When HIGH the CM Module Activity collection is enabled" range="" rwaccess="RW"/>
    <bitfield id="RESERVED" width="7" begin="14" end="8" resetval="0x0" description="" range="" rwaccess="R"/>
    <bitfield id="EVT_CAPT_EN" width="1" begin="7" end="7" resetval="0x0" description="When HIGH the CM events capture is enabled" range="" rwaccess="RW"/>
    <bitfield id="RESERVED" width="7" begin="6" end="0" resetval="0x0" description="" range="" rwaccess="R"/>
  </register>
  <register id="CMI_CLASS_FILTERING" acronym="CMI_CLASS_FILTERING" offset="0x28" width="32" description="CM profiling class filtering register">
    <bitfield id="SNAP_CAPT_EN_1F" width="1" begin="31" end="31" resetval="0x0" description="Snapshot capture enable - Class-ID = 0x1F" range="" rwaccess="RW"/>
    <bitfield id="SNAP_CAPT_EN_1E" width="1" begin="30" end="30" resetval="0x0" description="" range="" rwaccess="RW"/>
    <bitfield id="SNAP_CAPT_EN_1D" width="1" begin="29" end="29" resetval="0x0" description="" range="" rwaccess="RW"/>
    <bitfield id="SNAP_CAPT_EN_1C" width="1" begin="28" end="28" resetval="0x0" description="" range="" rwaccess="RW"/>
    <bitfield id="SNAP_CAPT_EN_1B" width="1" begin="27" end="27" resetval="0x0" description="" range="" rwaccess="RW"/>
    <bitfield id="SNAP_CAPT_EN_1A" width="1" begin="26" end="26" resetval="0x0" description="" range="" rwaccess="RW"/>
    <bitfield id="SNAP_CAPT_EN_19" width="1" begin="25" end="25" resetval="0x0" description="" range="" rwaccess="RW"/>
    <bitfield id="SNAP_CAPT_EN_18" width="1" begin="24" end="24" resetval="0x0" description="" range="" rwaccess="RW"/>
    <bitfield id="SNAP_CAPT_EN_17" width="1" begin="23" end="23" resetval="0x0" description="" range="" rwaccess="RW"/>
    <bitfield id="SNAP_CAPT_EN_16" width="1" begin="22" end="22" resetval="0x0" description="" range="" rwaccess="RW"/>
    <bitfield id="SNAP_CAPT_EN_15" width="1" begin="21" end="21" resetval="0x0" description="" range="" rwaccess="RW"/>
    <bitfield id="SNAP_CAPT_EN_14" width="1" begin="20" end="20" resetval="0x0" description="" range="" rwaccess="RW"/>
    <bitfield id="SNAP_CAPT_EN_13" width="1" begin="19" end="19" resetval="0x0" description="" range="" rwaccess="RW"/>
    <bitfield id="SNAP_CAPT_EN_12" width="1" begin="18" end="18" resetval="0x0" description="" range="" rwaccess="RW"/>
    <bitfield id="SNAP_CAPT_EN_11" width="1" begin="17" end="17" resetval="0x0" description="" range="" rwaccess="RW"/>
    <bitfield id="SNAP_CAPT_EN_10" width="1" begin="16" end="16" resetval="0x0" description="Snapshot capture enable - Class-ID = 0x10" range="" rwaccess="RW"/>
    <bitfield id="RESERVED" width="12" begin="15" end="4" resetval="0x0" description="" range="" rwaccess="R"/>
    <bitfield id="SNAP_CAPT_EN_03" width="1" begin="3" end="3" resetval="0x0" description="Snapshot capture enable - Class-ID = 0x03 [0x23]" range="" rwaccess="RW"/>
    <bitfield id="SNAP_CAPT_EN_02" width="1" begin="2" end="2" resetval="0x0" description="Snapshot capture enable - Class-ID = 0x02 [0x22]" range="" rwaccess="RW"/>
    <bitfield id="SNAP_CAPT_EN_01" width="1" begin="1" end="1" resetval="0x0" description="Snapshot capture enable - Class-ID = 0x01 [0x21]" range="" rwaccess="RW"/>
    <bitfield id="SNAP_CAPT_EN_00" width="1" begin="0" end="0" resetval="0x0" description="Snapshot capture enable - Class-ID = 0x00 [0x20]" range="" rwaccess="RW"/>
  </register>
  <register id="CMI_TRIGGERING" acronym="CMI_TRIGGERING" offset="0x2C" width="32" description="CM profiling triggering control register">
    <bitfield id="RESERVED" width="30" begin="31" end="2" resetval="0x0" description="" range="" rwaccess="R"/>
    <bitfield id="TRIG_STOP_EN" width="1" begin="1" end="1" resetval="0x0" description="Enable stop capturing CM events from external trigger detection" range="" rwaccess="RW"/>
    <bitfield id="TRIG_START_EN" width="1" begin="0" end="0" resetval="0x0" description="Enable start capturing CM events from external trigger detection" range="" rwaccess="RW"/>
  </register>
  <register id="CMI_SAMPLING" acronym="CMI_SAMPLING" offset="0x30" width="32" description="CM profiling sampling window register">
    <bitfield id="RESERVED" width="12" begin="31" end="20" resetval="0x0" description="" range="" rwaccess="R"/>
    <bitfield id="FCLK_DIV_FACOR" width="4" begin="19" end="16" resetval="0x0" description="FunClk divide factor ranging from 1 to 16" range="" rwaccess="RW"/>
    <bitfield id="RESERVED" width="8" begin="15" end="8" resetval="0x0" description="" range="" rwaccess="R"/>
    <bitfield id="SAMP_WIND_SIZE" width="8" begin="7" end="0" resetval="0x0" description="CM events sampling window size" range="" rwaccess="RW"/>
  </register>
</module>
