<module name="ISP6P5_SYS2" acronym="" XML_version="1.0" HW_revision="n/a" description="">
  <register id="ISP5_KEY_EN1" acronym="ISP5_KEY_EN1" offset="0x0" width="32" description="IPIPE eFuse enable.">
    <bitfield id="RESERVED" width="31" begin="31" end="1" resetval="0x0" description="" range="" rwaccess="R"/>
    <bitfield id="KEY1_EN" width="1" begin="0" end="0" resetval="0x1" description="EFUSE enable Equals 1 when ISP5_EFUSE3_EN = 1 or 0 otherwise." range="" rwaccess="R">
      <bitenum value="0" id="NEWENUM1" token="KEY1_EN_0" description="Disable"/>
      <bitenum value="1" id="NEWENUM2" token="KEY1_EN_1" description="Enable"/>
    </bitfield>
  </register>
  <register id="ISP5_KEY_EN2" acronym="ISP5_KEY_EN2" offset="0x4" width="32" description="ISIF eFuse enable.">
    <bitfield id="RESERVED" width="31" begin="31" end="1" resetval="0x0" description="" range="" rwaccess="R"/>
    <bitfield id="KEY1_EN" width="1" begin="0" end="0" resetval="0x1" description="EFUSE enable Equals 1 when ISP5_EFUSE1_EN = 1 or 0 otherwise." range="" rwaccess="R">
      <bitenum value="0" id="NEWENUM1" token="KEY1_EN_0" description="Disable"/>
      <bitenum value="1" id="NEWENUM2" token="KEY1_EN_1" description="Enable"/>
    </bitfield>
  </register>
  <register id="ISP5_KEY_EN3" acronym="ISP5_KEY_EN3" offset="0x8" width="32" description="ISIF eFuse enable.">
    <bitfield id="RESERVED" width="31" begin="31" end="1" resetval="0x0" description="" range="" rwaccess="R"/>
    <bitfield id="KEY_EN" width="1" begin="0" end="0" resetval="0x1" description="EFUSE enable Equals 1 when ISP5_EFUSE3_EN = 1 or 0 otherwise." range="" rwaccess="R">
      <bitenum value="0" id="NEWENUM1" token="KEY_EN_0" description="Disable"/>
      <bitenum value="1" id="NEWENUM2" token="KEY_EN_1" description="Enable"/>
    </bitfield>
  </register>
  <register id="ISP5_KEY_EN4" acronym="ISP5_KEY_EN4" offset="0xC" width="32" description="IPIPEIF eFuse enable.">
    <bitfield id="RESERVED" width="30" begin="31" end="2" resetval="0x0" description="" range="" rwaccess="R"/>
    <bitfield id="KEY2_EN" width="1" begin="1" end="1" resetval="0x0" description="EFUSE enable Equals 1 when ISP5_EFUSE4_EN = 1 or 0 otherwise." range="" rwaccess="R">
      <bitenum value="0" id="NEWENUM1" token="KEY2_EN_0" description="Disable"/>
      <bitenum value="1" id="NEWENUM2" token="KEY2_EN_1" description="Enable"/>
    </bitfield>
    <bitfield id="KEY1_EN" width="1" begin="0" end="0" resetval="0x1" description="EFUSE enable Equals 1 when ISP5_EFUSE1_EN = 1 or 0 otherwise." range="" rwaccess="R">
      <bitenum value="0" id="NEWENUM1" token="KEY1_EN_0" description="Disable"/>
      <bitenum value="1" id="NEWENUM2" token="KEY1_EN_1" description="Enable"/>
    </bitfield>
  </register>
  <register id="ISP5_KEY_EN5" acronym="ISP5_KEY_EN5" offset="0x10" width="32" description="H3A eFuse enable.">
    <bitfield id="RESERVED" width="31" begin="31" end="1" resetval="0x0" description="" range="" rwaccess="R"/>
    <bitfield id="KEY_EN" width="1" begin="0" end="0" resetval="0x0" description="EFUSE enable Equals 1 when ISP5_EFUSE2_EN = 1 or 0 otherwise." range="" rwaccess="R">
      <bitenum value="0" id="NEWENUM1" token="KEY_EN_0" description="Disable"/>
      <bitenum value="1" id="NEWENUM2" token="KEY_EN_1" description="Enable"/>
    </bitfield>
  </register>
  <register id="ISP5_KEY_EN6" acronym="ISP5_KEY_EN6" offset="0x14" width="32" description="H3A eFuse enable.">
    <bitfield id="RESERVED" width="31" begin="31" end="1" resetval="0x0" description="" range="" rwaccess="R"/>
    <bitfield id="KEY_EN" width="1" begin="0" end="0" resetval="0x1" description="EFUSE enable Equals 1 when ISP5_EFUSE3_EN = 1 or 0 otherwise." range="" rwaccess="R">
      <bitenum value="0" id="NEWENUM1" token="KEY_EN_0" description="Disable"/>
      <bitenum value="1" id="NEWENUM2" token="KEY_EN_1" description="Enable"/>
    </bitfield>
  </register>
</module>
