<module name="L4_PER2_AP" acronym="" XML_version="1.0" HW_revision="n/a" description="">
  <register id="L4_AP_COMPONENT_L" acronym="L4_AP_COMPONENT_L" offset="0x0" width="32" description="Contains a component code and revision, which are used to identify the hardware of the component.">
    <bitfield id="CODE" width="16" begin="31" end="16" resetval="See." description="Interconnect code" range="" rwaccess="R"/>
    <bitfield id="REV" width="16" begin="15" end="0" resetval="See." description="Component revision code" range="" rwaccess="R"/>
  </register>
  <register id="L4_AP_COMPONENT_H" acronym="L4_AP_COMPONENT_H" offset="0x4" width="32" description="Contains a component code and revision, which are used to identify the hardware of the component.">
    <bitfield id="RESERVED" width="32" begin="31" end="0" resetval="0x0000 0000" description="Read returns 0" range="" rwaccess="R"/>
  </register>
  <register id="L4_AP_SEGMENT_i_L" acronym="L4_AP_SEGMENT_i_L" offset="0x100" width="32" description="Defines the base address of each segment">
    <bitfield id="BASE" width="32" begin="31" end="0" resetval="see" description="The base address of the segment (with 0s from bit 0 to bit SIZE-1)." range="" rwaccess="R"/>
  </register>
  <register id="L4_AP_SEGMENT_i_H" acronym="L4_AP_SEGMENT_i_H" offset="0x104" width="32" description="Defines the size of each segment">
    <bitfield id="RESERVED" width="26" begin="31" end="6" resetval="0x0000000" description="Read returns 0." range="" rwaccess="R"/>
    <bitfield id="SIZE" width="6" begin="5" end="0" resetval="see" description="Segment size is a power of 2, where 2 is the byte size of a segment (all segment registers use the same size)." range="" rwaccess="R"/>
  </register>
  <register id="L4_AP_PROT_GROUP_MEMBERS_k_L_0" acronym="L4_AP_PROT_GROUP_MEMBERS_k_L_0" offset="0x200" width="32" description="Defines which initiator can access the protection groupk.">
    <bitfield id="RESERVED" width="16" begin="31" end="16" resetval="0x000000000000" description="Reserved" range="" rwaccess="R"/>
    <bitfield id="CONNID_BIT_VECTOR" width="16" begin="15" end="0" resetval="0xFFFF" description="The protection group is accessible by an initiator with ConnID when bit of this field is set to 1." range="" rwaccess="RW"/>
  </register>
  <register id="L4_AP_PROT_GROUP_MEMBERS_k_L_1" acronym="L4_AP_PROT_GROUP_MEMBERS_k_L_1" offset="0x208" width="32" description="Defines which initiator can access the protection groupk.">
    <bitfield id="RESERVED" width="16" begin="31" end="16" resetval="0x000000000000" description="Reserved" range="" rwaccess="R"/>
    <bitfield id="CONNID_BIT_VECTOR" width="16" begin="15" end="0" resetval="0xFFFF" description="The protection group is accessible by an initiator with ConnID when bit of this field is set to 1." range="" rwaccess="RW"/>
  </register>
  <register id="L4_AP_PROT_GROUP_MEMBERS_k_L_2" acronym="L4_AP_PROT_GROUP_MEMBERS_k_L_2" offset="0x210" width="32" description="Defines which initiator can access the protection groupk.">
    <bitfield id="RESERVED" width="16" begin="31" end="16" resetval="0x000000000000" description="Reserved" range="" rwaccess="R"/>
    <bitfield id="CONNID_BIT_VECTOR" width="16" begin="15" end="0" resetval="0xFFFF" description="The protection group is accessible by an initiator with ConnID when bit of this field is set to 1." range="" rwaccess="RW"/>
  </register>
  <register id="L4_AP_PROT_GROUP_MEMBERS_k_L_3" acronym="L4_AP_PROT_GROUP_MEMBERS_k_L_3" offset="0x218" width="32" description="Defines which initiator can access the protection groupk.">
    <bitfield id="RESERVED" width="16" begin="31" end="16" resetval="0x000000000000" description="Reserved" range="" rwaccess="R"/>
    <bitfield id="CONNID_BIT_VECTOR" width="16" begin="15" end="0" resetval="0xFFFF" description="The protection group is accessible by an initiator with ConnID when bit of this field is set to 1." range="" rwaccess="RW"/>
  </register>
  <register id="L4_AP_PROT_GROUP_MEMBERS_k_L_4" acronym="L4_AP_PROT_GROUP_MEMBERS_k_L_4" offset="0x220" width="32" description="Defines which initiator can access the protection groupk.">
    <bitfield id="RESERVED" width="16" begin="31" end="16" resetval="0x000000000000" description="Reserved" range="" rwaccess="R"/>
    <bitfield id="CONNID_BIT_VECTOR" width="16" begin="15" end="0" resetval="0xFFFF" description="The protection group is accessible by an initiator with ConnID when bit of this field is set to 1." range="" rwaccess="RW"/>
  </register>
  <register id="L4_AP_PROT_GROUP_MEMBERS_k_L_5" acronym="L4_AP_PROT_GROUP_MEMBERS_k_L_5" offset="0x228" width="32" description="Defines which initiator can access the protection groupk.">
    <bitfield id="RESERVED" width="16" begin="31" end="16" resetval="0x000000000000" description="Reserved" range="" rwaccess="R"/>
    <bitfield id="CONNID_BIT_VECTOR" width="16" begin="15" end="0" resetval="0xFFFF" description="The protection group is accessible by an initiator with ConnID when bit of this field is set to 1." range="" rwaccess="RW"/>
  </register>
  <register id="L4_AP_PROT_GROUP_MEMBERS_k_L_6" acronym="L4_AP_PROT_GROUP_MEMBERS_k_L_6" offset="0x230" width="32" description="Defines which initiator can access the protection groupk.">
    <bitfield id="RESERVED" width="16" begin="31" end="16" resetval="0x000000000000" description="Reserved" range="" rwaccess="R"/>
    <bitfield id="CONNID_BIT_VECTOR" width="16" begin="15" end="0" resetval="0xFFFF" description="The protection group is accessible by an initiator with ConnID when bit of this field is set to 1." range="" rwaccess="RW"/>
  </register>
  <register id="L4_AP_PROT_GROUP_MEMBERS_k_L_7" acronym="L4_AP_PROT_GROUP_MEMBERS_k_L_7" offset="0x238" width="32" description="Defines which initiator can access the protection groupk.">
    <bitfield id="RESERVED" width="16" begin="31" end="16" resetval="0x000000000000" description="Reserved" range="" rwaccess="R"/>
    <bitfield id="CONNID_BIT_VECTOR" width="16" begin="15" end="0" resetval="0xFFFF" description="The protection group is accessible by an initiator with ConnID when bit of this field is set to 1." range="" rwaccess="RW"/>
  </register>
  <register id="L4_AP_PROT_GROUP_ROLES_k_L_0" acronym="L4_AP_PROT_GROUP_ROLES_k_L_0" offset="0x280" width="32" description="Defines the initiator requests accepted or not by the L4 firewalls depending on combination of L4 qualifiers.">
    <bitfield id="ENABLE" width="32" begin="31" end="0" resetval="0xFFFFFFFF" description="Each bit of this field corresponds to an unique combination of L4 qualifiers. To accept a request with combination, bit must be set to 1. For the list of combinations see ." range="" rwaccess="RW"/>
  </register>
  <register id="L4_AP_PROT_GROUP_ROLES_k_L_1" acronym="L4_AP_PROT_GROUP_ROLES_k_L_1" offset="0x288" width="32" description="Defines the initiator requests accepted or not by the L4 firewalls depending on combination of L4 qualifiers.">
    <bitfield id="ENABLE" width="32" begin="31" end="0" resetval="0xFFFFFFFF" description="Each bit of this field corresponds to an unique combination of L4 qualifiers. To accept a request with combination, bit must be set to 1. For the list of combinations see ." range="" rwaccess="RW"/>
  </register>
  <register id="L4_AP_PROT_GROUP_ROLES_k_L_2" acronym="L4_AP_PROT_GROUP_ROLES_k_L_2" offset="0x290" width="32" description="Defines the initiator requests accepted or not by the L4 firewalls depending on combination of L4 qualifiers.">
    <bitfield id="ENABLE" width="32" begin="31" end="0" resetval="0xFFFFFFFF" description="Each bit of this field corresponds to an unique combination of L4 qualifiers. To accept a request with combination, bit must be set to 1. For the list of combinations see ." range="" rwaccess="RW"/>
  </register>
  <register id="L4_AP_PROT_GROUP_ROLES_k_L_3" acronym="L4_AP_PROT_GROUP_ROLES_k_L_3" offset="0x298" width="32" description="Defines the initiator requests accepted or not by the L4 firewalls depending on combination of L4 qualifiers.">
    <bitfield id="ENABLE" width="32" begin="31" end="0" resetval="0xFFFFFFFF" description="Each bit of this field corresponds to an unique combination of L4 qualifiers. To accept a request with combination, bit must be set to 1. For the list of combinations see ." range="" rwaccess="RW"/>
  </register>
  <register id="L4_AP_PROT_GROUP_ROLES_k_L_4" acronym="L4_AP_PROT_GROUP_ROLES_k_L_4" offset="0x2A0" width="32" description="Defines the initiator requests accepted or not by the L4 firewalls depending on combination of L4 qualifiers.">
    <bitfield id="ENABLE" width="32" begin="31" end="0" resetval="0xFFFFFFFF" description="Each bit of this field corresponds to an unique combination of L4 qualifiers. To accept a request with combination, bit must be set to 1. For the list of combinations see ." range="" rwaccess="RW"/>
  </register>
  <register id="L4_AP_PROT_GROUP_ROLES_k_L_5" acronym="L4_AP_PROT_GROUP_ROLES_k_L_5" offset="0x2A8" width="32" description="Defines the initiator requests accepted or not by the L4 firewalls depending on combination of L4 qualifiers.">
    <bitfield id="ENABLE" width="32" begin="31" end="0" resetval="0xFFFFFFFF" description="Each bit of this field corresponds to an unique combination of L4 qualifiers. To accept a request with combination, bit must be set to 1. For the list of combinations see ." range="" rwaccess="RW"/>
  </register>
  <register id="L4_AP_PROT_GROUP_ROLES_k_L_6" acronym="L4_AP_PROT_GROUP_ROLES_k_L_6" offset="0x2B0" width="32" description="Defines the initiator requests accepted or not by the L4 firewalls depending on combination of L4 qualifiers.">
    <bitfield id="ENABLE" width="32" begin="31" end="0" resetval="0xFFFFFFFF" description="Each bit of this field corresponds to an unique combination of L4 qualifiers. To accept a request with combination, bit must be set to 1. For the list of combinations see ." range="" rwaccess="RW"/>
  </register>
  <register id="L4_AP_PROT_GROUP_ROLES_k_L_7" acronym="L4_AP_PROT_GROUP_ROLES_k_L_7" offset="0x2B8" width="32" description="Defines the initiator requests accepted or not by the L4 firewalls depending on combination of L4 qualifiers.">
    <bitfield id="ENABLE" width="32" begin="31" end="0" resetval="0xFFFFFFFF" description="Each bit of this field corresponds to an unique combination of L4 qualifiers. To accept a request with combination, bit must be set to 1. For the list of combinations see ." range="" rwaccess="RW"/>
  </register>
  <register id="L4_AP_PROT_GROUP_ROLES_k_H_0" acronym="L4_AP_PROT_GROUP_ROLES_k_H_0" offset="0x284" width="32" description="Reserved.">
    <bitfield id="ENABLE" width="32" begin="31" end="0" resetval="0xFFFFFFFF" description="Reserved." range="" rwaccess="R"/>
  </register>
  <register id="L4_AP_PROT_GROUP_ROLES_k_H_1" acronym="L4_AP_PROT_GROUP_ROLES_k_H_1" offset="0x28C" width="32" description="Reserved.">
    <bitfield id="ENABLE" width="32" begin="31" end="0" resetval="0xFFFFFFFF" description="Reserved." range="" rwaccess="R"/>
  </register>
  <register id="L4_AP_PROT_GROUP_ROLES_k_H_2" acronym="L4_AP_PROT_GROUP_ROLES_k_H_2" offset="0x294" width="32" description="Reserved.">
    <bitfield id="ENABLE" width="32" begin="31" end="0" resetval="0xFFFFFFFF" description="Reserved." range="" rwaccess="R"/>
  </register>
  <register id="L4_AP_PROT_GROUP_ROLES_k_H_3" acronym="L4_AP_PROT_GROUP_ROLES_k_H_3" offset="0x29C" width="32" description="Reserved.">
    <bitfield id="ENABLE" width="32" begin="31" end="0" resetval="0xFFFFFFFF" description="Reserved." range="" rwaccess="R"/>
  </register>
  <register id="L4_AP_PROT_GROUP_ROLES_k_H_4" acronym="L4_AP_PROT_GROUP_ROLES_k_H_4" offset="0x2A4" width="32" description="Reserved.">
    <bitfield id="ENABLE" width="32" begin="31" end="0" resetval="0xFFFFFFFF" description="Reserved." range="" rwaccess="R"/>
  </register>
  <register id="L4_AP_PROT_GROUP_ROLES_k_H_5" acronym="L4_AP_PROT_GROUP_ROLES_k_H_5" offset="0x2AC" width="32" description="Reserved.">
    <bitfield id="ENABLE" width="32" begin="31" end="0" resetval="0xFFFFFFFF" description="Reserved." range="" rwaccess="R"/>
  </register>
  <register id="L4_AP_PROT_GROUP_ROLES_k_H_6" acronym="L4_AP_PROT_GROUP_ROLES_k_H_6" offset="0x2B4" width="32" description="Reserved.">
    <bitfield id="ENABLE" width="32" begin="31" end="0" resetval="0xFFFFFFFF" description="Reserved." range="" rwaccess="R"/>
  </register>
  <register id="L4_AP_PROT_GROUP_ROLES_k_H_7" acronym="L4_AP_PROT_GROUP_ROLES_k_H_7" offset="0x2BC" width="32" description="Reserved.">
    <bitfield id="ENABLE" width="32" begin="31" end="0" resetval="0xFFFFFFFF" description="Reserved." range="" rwaccess="R"/>
  </register>
  <register id="L4_AP_REGION_l_L_0" acronym="L4_AP_REGION_l_L_0" offset="0x300" width="32" description="Defines the base address of the region in respect to the segment it belongs to.">
    <bitfield id="RESERVED" width="11" begin="31" end="21" resetval="0x00" description="Read returns 0." range="" rwaccess="R"/>
    <bitfield id="BASE" width="21" begin="20" end="0" resetval="See to" description="Sets the base address of the region relative to its segment base." range="" rwaccess="R"/>
  </register>
  <register id="L4_AP_REGION_l_L_1" acronym="L4_AP_REGION_l_L_1" offset="0x308" width="32" description="Defines the base address of the region in respect to the segment it belongs to.">
    <bitfield id="RESERVED" width="11" begin="31" end="21" resetval="0x00" description="Read returns 0." range="" rwaccess="R"/>
    <bitfield id="BASE" width="21" begin="20" end="0" resetval="See to" description="Sets the base address of the region relative to its segment base." range="" rwaccess="R"/>
  </register>
  <register id="L4_AP_REGION_l_L_2" acronym="L4_AP_REGION_l_L_2" offset="0x310" width="32" description="Defines the base address of the region in respect to the segment it belongs to.">
    <bitfield id="RESERVED" width="11" begin="31" end="21" resetval="0x00" description="Read returns 0." range="" rwaccess="R"/>
    <bitfield id="BASE" width="21" begin="20" end="0" resetval="See to" description="Sets the base address of the region relative to its segment base." range="" rwaccess="R"/>
  </register>
  <register id="L4_AP_REGION_l_L_3" acronym="L4_AP_REGION_l_L_3" offset="0x318" width="32" description="Defines the base address of the region in respect to the segment it belongs to.">
    <bitfield id="RESERVED" width="11" begin="31" end="21" resetval="0x00" description="Read returns 0." range="" rwaccess="R"/>
    <bitfield id="BASE" width="21" begin="20" end="0" resetval="See to" description="Sets the base address of the region relative to its segment base." range="" rwaccess="R"/>
  </register>
  <register id="L4_AP_REGION_l_L_4" acronym="L4_AP_REGION_l_L_4" offset="0x320" width="32" description="Defines the base address of the region in respect to the segment it belongs to.">
    <bitfield id="RESERVED" width="11" begin="31" end="21" resetval="0x00" description="Read returns 0." range="" rwaccess="R"/>
    <bitfield id="BASE" width="21" begin="20" end="0" resetval="See to" description="Sets the base address of the region relative to its segment base." range="" rwaccess="R"/>
  </register>
  <register id="L4_AP_REGION_l_L_5" acronym="L4_AP_REGION_l_L_5" offset="0x328" width="32" description="Defines the base address of the region in respect to the segment it belongs to.">
    <bitfield id="RESERVED" width="11" begin="31" end="21" resetval="0x00" description="Read returns 0." range="" rwaccess="R"/>
    <bitfield id="BASE" width="21" begin="20" end="0" resetval="See to" description="Sets the base address of the region relative to its segment base." range="" rwaccess="R"/>
  </register>
  <register id="L4_AP_REGION_l_L_6" acronym="L4_AP_REGION_l_L_6" offset="0x330" width="32" description="Defines the base address of the region in respect to the segment it belongs to.">
    <bitfield id="RESERVED" width="11" begin="31" end="21" resetval="0x00" description="Read returns 0." range="" rwaccess="R"/>
    <bitfield id="BASE" width="21" begin="20" end="0" resetval="See to" description="Sets the base address of the region relative to its segment base." range="" rwaccess="R"/>
  </register>
  <register id="L4_AP_REGION_l_L_7" acronym="L4_AP_REGION_l_L_7" offset="0x338" width="32" description="Defines the base address of the region in respect to the segment it belongs to.">
    <bitfield id="RESERVED" width="11" begin="31" end="21" resetval="0x00" description="Read returns 0." range="" rwaccess="R"/>
    <bitfield id="BASE" width="21" begin="20" end="0" resetval="See to" description="Sets the base address of the region relative to its segment base." range="" rwaccess="R"/>
  </register>
  <register id="L4_AP_REGION_l_L_8" acronym="L4_AP_REGION_l_L_8" offset="0x340" width="32" description="Defines the base address of the region in respect to the segment it belongs to.">
    <bitfield id="RESERVED" width="11" begin="31" end="21" resetval="0x00" description="Read returns 0." range="" rwaccess="R"/>
    <bitfield id="BASE" width="21" begin="20" end="0" resetval="See to" description="Sets the base address of the region relative to its segment base." range="" rwaccess="R"/>
  </register>
  <register id="L4_AP_REGION_l_L_9" acronym="L4_AP_REGION_l_L_9" offset="0x348" width="32" description="Defines the base address of the region in respect to the segment it belongs to.">
    <bitfield id="RESERVED" width="11" begin="31" end="21" resetval="0x00" description="Read returns 0." range="" rwaccess="R"/>
    <bitfield id="BASE" width="21" begin="20" end="0" resetval="See to" description="Sets the base address of the region relative to its segment base." range="" rwaccess="R"/>
  </register>
  <register id="L4_AP_REGION_l_L_10" acronym="L4_AP_REGION_l_L_10" offset="0x350" width="32" description="Defines the base address of the region in respect to the segment it belongs to.">
    <bitfield id="RESERVED" width="11" begin="31" end="21" resetval="0x00" description="Read returns 0." range="" rwaccess="R"/>
    <bitfield id="BASE" width="21" begin="20" end="0" resetval="See to" description="Sets the base address of the region relative to its segment base." range="" rwaccess="R"/>
  </register>
  <register id="L4_AP_REGION_l_L_11" acronym="L4_AP_REGION_l_L_11" offset="0x358" width="32" description="Defines the base address of the region in respect to the segment it belongs to.">
    <bitfield id="RESERVED" width="11" begin="31" end="21" resetval="0x00" description="Read returns 0." range="" rwaccess="R"/>
    <bitfield id="BASE" width="21" begin="20" end="0" resetval="See to" description="Sets the base address of the region relative to its segment base." range="" rwaccess="R"/>
  </register>
  <register id="L4_AP_REGION_l_L_12" acronym="L4_AP_REGION_l_L_12" offset="0x360" width="32" description="Defines the base address of the region in respect to the segment it belongs to.">
    <bitfield id="RESERVED" width="11" begin="31" end="21" resetval="0x00" description="Read returns 0." range="" rwaccess="R"/>
    <bitfield id="BASE" width="21" begin="20" end="0" resetval="See to" description="Sets the base address of the region relative to its segment base." range="" rwaccess="R"/>
  </register>
  <register id="L4_AP_REGION_l_L_13" acronym="L4_AP_REGION_l_L_13" offset="0x368" width="32" description="Defines the base address of the region in respect to the segment it belongs to.">
    <bitfield id="RESERVED" width="11" begin="31" end="21" resetval="0x00" description="Read returns 0." range="" rwaccess="R"/>
    <bitfield id="BASE" width="21" begin="20" end="0" resetval="See to" description="Sets the base address of the region relative to its segment base." range="" rwaccess="R"/>
  </register>
  <register id="L4_AP_REGION_l_L_14" acronym="L4_AP_REGION_l_L_14" offset="0x370" width="32" description="Defines the base address of the region in respect to the segment it belongs to.">
    <bitfield id="RESERVED" width="11" begin="31" end="21" resetval="0x00" description="Read returns 0." range="" rwaccess="R"/>
    <bitfield id="BASE" width="21" begin="20" end="0" resetval="See to" description="Sets the base address of the region relative to its segment base." range="" rwaccess="R"/>
  </register>
  <register id="L4_AP_REGION_l_L_15" acronym="L4_AP_REGION_l_L_15" offset="0x378" width="32" description="Defines the base address of the region in respect to the segment it belongs to.">
    <bitfield id="RESERVED" width="11" begin="31" end="21" resetval="0x00" description="Read returns 0." range="" rwaccess="R"/>
    <bitfield id="BASE" width="21" begin="20" end="0" resetval="See to" description="Sets the base address of the region relative to its segment base." range="" rwaccess="R"/>
  </register>
  <register id="L4_AP_REGION_l_L_16" acronym="L4_AP_REGION_l_L_16" offset="0x380" width="32" description="Defines the base address of the region in respect to the segment it belongs to.">
    <bitfield id="RESERVED" width="11" begin="31" end="21" resetval="0x00" description="Read returns 0." range="" rwaccess="R"/>
    <bitfield id="BASE" width="21" begin="20" end="0" resetval="See to" description="Sets the base address of the region relative to its segment base." range="" rwaccess="R"/>
  </register>
  <register id="L4_AP_REGION_l_L_17" acronym="L4_AP_REGION_l_L_17" offset="0x388" width="32" description="Defines the base address of the region in respect to the segment it belongs to.">
    <bitfield id="RESERVED" width="11" begin="31" end="21" resetval="0x00" description="Read returns 0." range="" rwaccess="R"/>
    <bitfield id="BASE" width="21" begin="20" end="0" resetval="See to" description="Sets the base address of the region relative to its segment base." range="" rwaccess="R"/>
  </register>
  <register id="L4_AP_REGION_l_L_18" acronym="L4_AP_REGION_l_L_18" offset="0x390" width="32" description="Defines the base address of the region in respect to the segment it belongs to.">
    <bitfield id="RESERVED" width="11" begin="31" end="21" resetval="0x00" description="Read returns 0." range="" rwaccess="R"/>
    <bitfield id="BASE" width="21" begin="20" end="0" resetval="See to" description="Sets the base address of the region relative to its segment base." range="" rwaccess="R"/>
  </register>
  <register id="L4_AP_REGION_l_L_19" acronym="L4_AP_REGION_l_L_19" offset="0x398" width="32" description="Defines the base address of the region in respect to the segment it belongs to.">
    <bitfield id="RESERVED" width="11" begin="31" end="21" resetval="0x00" description="Read returns 0." range="" rwaccess="R"/>
    <bitfield id="BASE" width="21" begin="20" end="0" resetval="See to" description="Sets the base address of the region relative to its segment base." range="" rwaccess="R"/>
  </register>
  <register id="L4_AP_REGION_l_L_20" acronym="L4_AP_REGION_l_L_20" offset="0x3A0" width="32" description="Defines the base address of the region in respect to the segment it belongs to.">
    <bitfield id="RESERVED" width="11" begin="31" end="21" resetval="0x00" description="Read returns 0." range="" rwaccess="R"/>
    <bitfield id="BASE" width="21" begin="20" end="0" resetval="See to" description="Sets the base address of the region relative to its segment base." range="" rwaccess="R"/>
  </register>
  <register id="L4_AP_REGION_l_L_21" acronym="L4_AP_REGION_l_L_21" offset="0x3A8" width="32" description="Defines the base address of the region in respect to the segment it belongs to.">
    <bitfield id="RESERVED" width="11" begin="31" end="21" resetval="0x00" description="Read returns 0." range="" rwaccess="R"/>
    <bitfield id="BASE" width="21" begin="20" end="0" resetval="See to" description="Sets the base address of the region relative to its segment base." range="" rwaccess="R"/>
  </register>
  <register id="L4_AP_REGION_l_L_22" acronym="L4_AP_REGION_l_L_22" offset="0x3B0" width="32" description="Defines the base address of the region in respect to the segment it belongs to.">
    <bitfield id="RESERVED" width="11" begin="31" end="21" resetval="0x00" description="Read returns 0." range="" rwaccess="R"/>
    <bitfield id="BASE" width="21" begin="20" end="0" resetval="See to" description="Sets the base address of the region relative to its segment base." range="" rwaccess="R"/>
  </register>
  <register id="L4_AP_REGION_l_L_23" acronym="L4_AP_REGION_l_L_23" offset="0x3B8" width="32" description="Defines the base address of the region in respect to the segment it belongs to.">
    <bitfield id="RESERVED" width="11" begin="31" end="21" resetval="0x00" description="Read returns 0." range="" rwaccess="R"/>
    <bitfield id="BASE" width="21" begin="20" end="0" resetval="See to" description="Sets the base address of the region relative to its segment base." range="" rwaccess="R"/>
  </register>
  <register id="L4_AP_REGION_l_L_24" acronym="L4_AP_REGION_l_L_24" offset="0x3C0" width="32" description="Defines the base address of the region in respect to the segment it belongs to.">
    <bitfield id="RESERVED" width="11" begin="31" end="21" resetval="0x00" description="Read returns 0." range="" rwaccess="R"/>
    <bitfield id="BASE" width="21" begin="20" end="0" resetval="See to" description="Sets the base address of the region relative to its segment base." range="" rwaccess="R"/>
  </register>
  <register id="L4_AP_REGION_l_L_25" acronym="L4_AP_REGION_l_L_25" offset="0x3C8" width="32" description="Defines the base address of the region in respect to the segment it belongs to.">
    <bitfield id="RESERVED" width="11" begin="31" end="21" resetval="0x00" description="Read returns 0." range="" rwaccess="R"/>
    <bitfield id="BASE" width="21" begin="20" end="0" resetval="See to" description="Sets the base address of the region relative to its segment base." range="" rwaccess="R"/>
  </register>
  <register id="L4_AP_REGION_l_L_26" acronym="L4_AP_REGION_l_L_26" offset="0x3D0" width="32" description="Defines the base address of the region in respect to the segment it belongs to.">
    <bitfield id="RESERVED" width="11" begin="31" end="21" resetval="0x00" description="Read returns 0." range="" rwaccess="R"/>
    <bitfield id="BASE" width="21" begin="20" end="0" resetval="See to" description="Sets the base address of the region relative to its segment base." range="" rwaccess="R"/>
  </register>
  <register id="L4_AP_REGION_l_L_27" acronym="L4_AP_REGION_l_L_27" offset="0x3D8" width="32" description="Defines the base address of the region in respect to the segment it belongs to.">
    <bitfield id="RESERVED" width="11" begin="31" end="21" resetval="0x00" description="Read returns 0." range="" rwaccess="R"/>
    <bitfield id="BASE" width="21" begin="20" end="0" resetval="See to" description="Sets the base address of the region relative to its segment base." range="" rwaccess="R"/>
  </register>
  <register id="L4_AP_REGION_l_L_28" acronym="L4_AP_REGION_l_L_28" offset="0x3E0" width="32" description="Defines the base address of the region in respect to the segment it belongs to.">
    <bitfield id="RESERVED" width="11" begin="31" end="21" resetval="0x00" description="Read returns 0." range="" rwaccess="R"/>
    <bitfield id="BASE" width="21" begin="20" end="0" resetval="See to" description="Sets the base address of the region relative to its segment base." range="" rwaccess="R"/>
  </register>
  <register id="L4_AP_REGION_l_L_29" acronym="L4_AP_REGION_l_L_29" offset="0x3E8" width="32" description="Defines the base address of the region in respect to the segment it belongs to.">
    <bitfield id="RESERVED" width="11" begin="31" end="21" resetval="0x00" description="Read returns 0." range="" rwaccess="R"/>
    <bitfield id="BASE" width="21" begin="20" end="0" resetval="See to" description="Sets the base address of the region relative to its segment base." range="" rwaccess="R"/>
  </register>
  <register id="L4_AP_REGION_l_L_30" acronym="L4_AP_REGION_l_L_30" offset="0x3F0" width="32" description="Defines the base address of the region in respect to the segment it belongs to.">
    <bitfield id="RESERVED" width="11" begin="31" end="21" resetval="0x00" description="Read returns 0." range="" rwaccess="R"/>
    <bitfield id="BASE" width="21" begin="20" end="0" resetval="See to" description="Sets the base address of the region relative to its segment base." range="" rwaccess="R"/>
  </register>
  <register id="L4_AP_REGION_l_L_31" acronym="L4_AP_REGION_l_L_31" offset="0x3F8" width="32" description="Defines the base address of the region in respect to the segment it belongs to.">
    <bitfield id="RESERVED" width="11" begin="31" end="21" resetval="0x00" description="Read returns 0." range="" rwaccess="R"/>
    <bitfield id="BASE" width="21" begin="20" end="0" resetval="See to" description="Sets the base address of the region relative to its segment base." range="" rwaccess="R"/>
  </register>
  <register id="L4_AP_REGION_l_L_32" acronym="L4_AP_REGION_l_L_32" offset="0x400" width="32" description="Defines the base address of the region in respect to the segment it belongs to.">
    <bitfield id="RESERVED" width="11" begin="31" end="21" resetval="0x00" description="Read returns 0." range="" rwaccess="R"/>
    <bitfield id="BASE" width="21" begin="20" end="0" resetval="See to" description="Sets the base address of the region relative to its segment base." range="" rwaccess="R"/>
  </register>
  <register id="L4_AP_REGION_l_H_0" acronym="L4_AP_REGION_l_H_0" offset="0x304" width="32" description="Define the size, protection group and segment ID of the region">
    <bitfield id="MADDRSPACE" width="4" begin="31" end="28" resetval="See to" description="Target interconnect MAddrSpace" range="" rwaccess="R"/>
    <bitfield id="RESERVED" width="1" begin="27" end="27" resetval="0x0" description="Read returns 0" range="" rwaccess="R"/>
    <bitfield id="SEGMENT_ID" width="3" begin="26" end="24" resetval="See to" description="Segment ID of the region" range="" rwaccess="R"/>
    <bitfield id="RESERVED" width="1" begin="23" end="23" resetval="0x0" description="Read returns 0" range="" rwaccess="R"/>
    <bitfield id="PROT_GROUP_ID" width="3" begin="22" end="20" resetval="See to" description="Protection group ID" range="" rwaccess="RW"/>
    <bitfield id="RESERVED" width="1" begin="19" end="19" resetval="0x0" description="Read returns 0" range="" rwaccess="R"/>
    <bitfield id="BYTE_DATA_WIDTH_EXP" width="2" begin="18" end="17" resetval="See to" description="Target data byte width" range="" rwaccess="R"/>
    <bitfield id="RESERVED" width="2" begin="16" end="15" resetval="0x0" description="Read returns 0" range="" rwaccess="R"/>
    <bitfield id="PHY_TARGET_ID" width="7" begin="14" end="8" resetval="See to" description="Physical target ID" range="" rwaccess="R"/>
    <bitfield id="RESERVED" width="1" begin="7" end="7" resetval="0x0" description="Read returns 0." range="" rwaccess="R"/>
    <bitfield id="SIZE" width="6" begin="6" end="1" resetval="See to" description="Define the size of the region in bytes. 2 equals the region." range="" rwaccess="R"/>
    <bitfield id="ENABLE" width="1" begin="0" end="0" resetval="0x1" description="0x0: Disable the region. No access allowed 0x1: Enable the region." range="" rwaccess="R"/>
  </register>
  <register id="L4_AP_REGION_l_H_1" acronym="L4_AP_REGION_l_H_1" offset="0x30C" width="32" description="Define the size, protection group and segment ID of the region">
    <bitfield id="MADDRSPACE" width="4" begin="31" end="28" resetval="See to" description="Target interconnect MAddrSpace" range="" rwaccess="R"/>
    <bitfield id="RESERVED" width="1" begin="27" end="27" resetval="0x0" description="Read returns 0" range="" rwaccess="R"/>
    <bitfield id="SEGMENT_ID" width="3" begin="26" end="24" resetval="See to" description="Segment ID of the region" range="" rwaccess="R"/>
    <bitfield id="RESERVED" width="1" begin="23" end="23" resetval="0x0" description="Read returns 0" range="" rwaccess="R"/>
    <bitfield id="PROT_GROUP_ID" width="3" begin="22" end="20" resetval="See to" description="Protection group ID" range="" rwaccess="RW"/>
    <bitfield id="RESERVED" width="1" begin="19" end="19" resetval="0x0" description="Read returns 0" range="" rwaccess="R"/>
    <bitfield id="BYTE_DATA_WIDTH_EXP" width="2" begin="18" end="17" resetval="See to" description="Target data byte width" range="" rwaccess="R"/>
    <bitfield id="RESERVED" width="2" begin="16" end="15" resetval="0x0" description="Read returns 0" range="" rwaccess="R"/>
    <bitfield id="PHY_TARGET_ID" width="7" begin="14" end="8" resetval="See to" description="Physical target ID" range="" rwaccess="R"/>
    <bitfield id="RESERVED" width="1" begin="7" end="7" resetval="0x0" description="Read returns 0." range="" rwaccess="R"/>
    <bitfield id="SIZE" width="6" begin="6" end="1" resetval="See to" description="Define the size of the region in bytes. 2 equals the region." range="" rwaccess="R"/>
    <bitfield id="ENABLE" width="1" begin="0" end="0" resetval="0x1" description="0x0: Disable the region. No access allowed 0x1: Enable the region." range="" rwaccess="R"/>
  </register>
  <register id="L4_AP_REGION_l_H_2" acronym="L4_AP_REGION_l_H_2" offset="0x314" width="32" description="Define the size, protection group and segment ID of the region">
    <bitfield id="MADDRSPACE" width="4" begin="31" end="28" resetval="See to" description="Target interconnect MAddrSpace" range="" rwaccess="R"/>
    <bitfield id="RESERVED" width="1" begin="27" end="27" resetval="0x0" description="Read returns 0" range="" rwaccess="R"/>
    <bitfield id="SEGMENT_ID" width="3" begin="26" end="24" resetval="See to" description="Segment ID of the region" range="" rwaccess="R"/>
    <bitfield id="RESERVED" width="1" begin="23" end="23" resetval="0x0" description="Read returns 0" range="" rwaccess="R"/>
    <bitfield id="PROT_GROUP_ID" width="3" begin="22" end="20" resetval="See to" description="Protection group ID" range="" rwaccess="RW"/>
    <bitfield id="RESERVED" width="1" begin="19" end="19" resetval="0x0" description="Read returns 0" range="" rwaccess="R"/>
    <bitfield id="BYTE_DATA_WIDTH_EXP" width="2" begin="18" end="17" resetval="See to" description="Target data byte width" range="" rwaccess="R"/>
    <bitfield id="RESERVED" width="2" begin="16" end="15" resetval="0x0" description="Read returns 0" range="" rwaccess="R"/>
    <bitfield id="PHY_TARGET_ID" width="7" begin="14" end="8" resetval="See to" description="Physical target ID" range="" rwaccess="R"/>
    <bitfield id="RESERVED" width="1" begin="7" end="7" resetval="0x0" description="Read returns 0." range="" rwaccess="R"/>
    <bitfield id="SIZE" width="6" begin="6" end="1" resetval="See to" description="Define the size of the region in bytes. 2 equals the region." range="" rwaccess="R"/>
    <bitfield id="ENABLE" width="1" begin="0" end="0" resetval="0x1" description="0x0: Disable the region. No access allowed 0x1: Enable the region." range="" rwaccess="R"/>
  </register>
  <register id="L4_AP_REGION_l_H_3" acronym="L4_AP_REGION_l_H_3" offset="0x31C" width="32" description="Define the size, protection group and segment ID of the region">
    <bitfield id="MADDRSPACE" width="4" begin="31" end="28" resetval="See to" description="Target interconnect MAddrSpace" range="" rwaccess="R"/>
    <bitfield id="RESERVED" width="1" begin="27" end="27" resetval="0x0" description="Read returns 0" range="" rwaccess="R"/>
    <bitfield id="SEGMENT_ID" width="3" begin="26" end="24" resetval="See to" description="Segment ID of the region" range="" rwaccess="R"/>
    <bitfield id="RESERVED" width="1" begin="23" end="23" resetval="0x0" description="Read returns 0" range="" rwaccess="R"/>
    <bitfield id="PROT_GROUP_ID" width="3" begin="22" end="20" resetval="See to" description="Protection group ID" range="" rwaccess="RW"/>
    <bitfield id="RESERVED" width="1" begin="19" end="19" resetval="0x0" description="Read returns 0" range="" rwaccess="R"/>
    <bitfield id="BYTE_DATA_WIDTH_EXP" width="2" begin="18" end="17" resetval="See to" description="Target data byte width" range="" rwaccess="R"/>
    <bitfield id="RESERVED" width="2" begin="16" end="15" resetval="0x0" description="Read returns 0" range="" rwaccess="R"/>
    <bitfield id="PHY_TARGET_ID" width="7" begin="14" end="8" resetval="See to" description="Physical target ID" range="" rwaccess="R"/>
    <bitfield id="RESERVED" width="1" begin="7" end="7" resetval="0x0" description="Read returns 0." range="" rwaccess="R"/>
    <bitfield id="SIZE" width="6" begin="6" end="1" resetval="See to" description="Define the size of the region in bytes. 2 equals the region." range="" rwaccess="R"/>
    <bitfield id="ENABLE" width="1" begin="0" end="0" resetval="0x1" description="0x0: Disable the region. No access allowed 0x1: Enable the region." range="" rwaccess="R"/>
  </register>
  <register id="L4_AP_REGION_l_H_4" acronym="L4_AP_REGION_l_H_4" offset="0x324" width="32" description="Define the size, protection group and segment ID of the region">
    <bitfield id="MADDRSPACE" width="4" begin="31" end="28" resetval="See to" description="Target interconnect MAddrSpace" range="" rwaccess="R"/>
    <bitfield id="RESERVED" width="1" begin="27" end="27" resetval="0x0" description="Read returns 0" range="" rwaccess="R"/>
    <bitfield id="SEGMENT_ID" width="3" begin="26" end="24" resetval="See to" description="Segment ID of the region" range="" rwaccess="R"/>
    <bitfield id="RESERVED" width="1" begin="23" end="23" resetval="0x0" description="Read returns 0" range="" rwaccess="R"/>
    <bitfield id="PROT_GROUP_ID" width="3" begin="22" end="20" resetval="See to" description="Protection group ID" range="" rwaccess="RW"/>
    <bitfield id="RESERVED" width="1" begin="19" end="19" resetval="0x0" description="Read returns 0" range="" rwaccess="R"/>
    <bitfield id="BYTE_DATA_WIDTH_EXP" width="2" begin="18" end="17" resetval="See to" description="Target data byte width" range="" rwaccess="R"/>
    <bitfield id="RESERVED" width="2" begin="16" end="15" resetval="0x0" description="Read returns 0" range="" rwaccess="R"/>
    <bitfield id="PHY_TARGET_ID" width="7" begin="14" end="8" resetval="See to" description="Physical target ID" range="" rwaccess="R"/>
    <bitfield id="RESERVED" width="1" begin="7" end="7" resetval="0x0" description="Read returns 0." range="" rwaccess="R"/>
    <bitfield id="SIZE" width="6" begin="6" end="1" resetval="See to" description="Define the size of the region in bytes. 2 equals the region." range="" rwaccess="R"/>
    <bitfield id="ENABLE" width="1" begin="0" end="0" resetval="0x1" description="0x0: Disable the region. No access allowed 0x1: Enable the region." range="" rwaccess="R"/>
  </register>
  <register id="L4_AP_REGION_l_H_5" acronym="L4_AP_REGION_l_H_5" offset="0x32C" width="32" description="Define the size, protection group and segment ID of the region">
    <bitfield id="MADDRSPACE" width="4" begin="31" end="28" resetval="See to" description="Target interconnect MAddrSpace" range="" rwaccess="R"/>
    <bitfield id="RESERVED" width="1" begin="27" end="27" resetval="0x0" description="Read returns 0" range="" rwaccess="R"/>
    <bitfield id="SEGMENT_ID" width="3" begin="26" end="24" resetval="See to" description="Segment ID of the region" range="" rwaccess="R"/>
    <bitfield id="RESERVED" width="1" begin="23" end="23" resetval="0x0" description="Read returns 0" range="" rwaccess="R"/>
    <bitfield id="PROT_GROUP_ID" width="3" begin="22" end="20" resetval="See to" description="Protection group ID" range="" rwaccess="RW"/>
    <bitfield id="RESERVED" width="1" begin="19" end="19" resetval="0x0" description="Read returns 0" range="" rwaccess="R"/>
    <bitfield id="BYTE_DATA_WIDTH_EXP" width="2" begin="18" end="17" resetval="See to" description="Target data byte width" range="" rwaccess="R"/>
    <bitfield id="RESERVED" width="2" begin="16" end="15" resetval="0x0" description="Read returns 0" range="" rwaccess="R"/>
    <bitfield id="PHY_TARGET_ID" width="7" begin="14" end="8" resetval="See to" description="Physical target ID" range="" rwaccess="R"/>
    <bitfield id="RESERVED" width="1" begin="7" end="7" resetval="0x0" description="Read returns 0." range="" rwaccess="R"/>
    <bitfield id="SIZE" width="6" begin="6" end="1" resetval="See to" description="Define the size of the region in bytes. 2 equals the region." range="" rwaccess="R"/>
    <bitfield id="ENABLE" width="1" begin="0" end="0" resetval="0x1" description="0x0: Disable the region. No access allowed 0x1: Enable the region." range="" rwaccess="R"/>
  </register>
  <register id="L4_AP_REGION_l_H_6" acronym="L4_AP_REGION_l_H_6" offset="0x334" width="32" description="Define the size, protection group and segment ID of the region">
    <bitfield id="MADDRSPACE" width="4" begin="31" end="28" resetval="See to" description="Target interconnect MAddrSpace" range="" rwaccess="R"/>
    <bitfield id="RESERVED" width="1" begin="27" end="27" resetval="0x0" description="Read returns 0" range="" rwaccess="R"/>
    <bitfield id="SEGMENT_ID" width="3" begin="26" end="24" resetval="See to" description="Segment ID of the region" range="" rwaccess="R"/>
    <bitfield id="RESERVED" width="1" begin="23" end="23" resetval="0x0" description="Read returns 0" range="" rwaccess="R"/>
    <bitfield id="PROT_GROUP_ID" width="3" begin="22" end="20" resetval="See to" description="Protection group ID" range="" rwaccess="RW"/>
    <bitfield id="RESERVED" width="1" begin="19" end="19" resetval="0x0" description="Read returns 0" range="" rwaccess="R"/>
    <bitfield id="BYTE_DATA_WIDTH_EXP" width="2" begin="18" end="17" resetval="See to" description="Target data byte width" range="" rwaccess="R"/>
    <bitfield id="RESERVED" width="2" begin="16" end="15" resetval="0x0" description="Read returns 0" range="" rwaccess="R"/>
    <bitfield id="PHY_TARGET_ID" width="7" begin="14" end="8" resetval="See to" description="Physical target ID" range="" rwaccess="R"/>
    <bitfield id="RESERVED" width="1" begin="7" end="7" resetval="0x0" description="Read returns 0." range="" rwaccess="R"/>
    <bitfield id="SIZE" width="6" begin="6" end="1" resetval="See to" description="Define the size of the region in bytes. 2 equals the region." range="" rwaccess="R"/>
    <bitfield id="ENABLE" width="1" begin="0" end="0" resetval="0x1" description="0x0: Disable the region. No access allowed 0x1: Enable the region." range="" rwaccess="R"/>
  </register>
  <register id="L4_AP_REGION_l_H_7" acronym="L4_AP_REGION_l_H_7" offset="0x33C" width="32" description="Define the size, protection group and segment ID of the region">
    <bitfield id="MADDRSPACE" width="4" begin="31" end="28" resetval="See to" description="Target interconnect MAddrSpace" range="" rwaccess="R"/>
    <bitfield id="RESERVED" width="1" begin="27" end="27" resetval="0x0" description="Read returns 0" range="" rwaccess="R"/>
    <bitfield id="SEGMENT_ID" width="3" begin="26" end="24" resetval="See to" description="Segment ID of the region" range="" rwaccess="R"/>
    <bitfield id="RESERVED" width="1" begin="23" end="23" resetval="0x0" description="Read returns 0" range="" rwaccess="R"/>
    <bitfield id="PROT_GROUP_ID" width="3" begin="22" end="20" resetval="See to" description="Protection group ID" range="" rwaccess="RW"/>
    <bitfield id="RESERVED" width="1" begin="19" end="19" resetval="0x0" description="Read returns 0" range="" rwaccess="R"/>
    <bitfield id="BYTE_DATA_WIDTH_EXP" width="2" begin="18" end="17" resetval="See to" description="Target data byte width" range="" rwaccess="R"/>
    <bitfield id="RESERVED" width="2" begin="16" end="15" resetval="0x0" description="Read returns 0" range="" rwaccess="R"/>
    <bitfield id="PHY_TARGET_ID" width="7" begin="14" end="8" resetval="See to" description="Physical target ID" range="" rwaccess="R"/>
    <bitfield id="RESERVED" width="1" begin="7" end="7" resetval="0x0" description="Read returns 0." range="" rwaccess="R"/>
    <bitfield id="SIZE" width="6" begin="6" end="1" resetval="See to" description="Define the size of the region in bytes. 2 equals the region." range="" rwaccess="R"/>
    <bitfield id="ENABLE" width="1" begin="0" end="0" resetval="0x1" description="0x0: Disable the region. No access allowed 0x1: Enable the region." range="" rwaccess="R"/>
  </register>
  <register id="L4_AP_REGION_l_H_8" acronym="L4_AP_REGION_l_H_8" offset="0x344" width="32" description="Define the size, protection group and segment ID of the region">
    <bitfield id="MADDRSPACE" width="4" begin="31" end="28" resetval="See to" description="Target interconnect MAddrSpace" range="" rwaccess="R"/>
    <bitfield id="RESERVED" width="1" begin="27" end="27" resetval="0x0" description="Read returns 0" range="" rwaccess="R"/>
    <bitfield id="SEGMENT_ID" width="3" begin="26" end="24" resetval="See to" description="Segment ID of the region" range="" rwaccess="R"/>
    <bitfield id="RESERVED" width="1" begin="23" end="23" resetval="0x0" description="Read returns 0" range="" rwaccess="R"/>
    <bitfield id="PROT_GROUP_ID" width="3" begin="22" end="20" resetval="See to" description="Protection group ID" range="" rwaccess="RW"/>
    <bitfield id="RESERVED" width="1" begin="19" end="19" resetval="0x0" description="Read returns 0" range="" rwaccess="R"/>
    <bitfield id="BYTE_DATA_WIDTH_EXP" width="2" begin="18" end="17" resetval="See to" description="Target data byte width" range="" rwaccess="R"/>
    <bitfield id="RESERVED" width="2" begin="16" end="15" resetval="0x0" description="Read returns 0" range="" rwaccess="R"/>
    <bitfield id="PHY_TARGET_ID" width="7" begin="14" end="8" resetval="See to" description="Physical target ID" range="" rwaccess="R"/>
    <bitfield id="RESERVED" width="1" begin="7" end="7" resetval="0x0" description="Read returns 0." range="" rwaccess="R"/>
    <bitfield id="SIZE" width="6" begin="6" end="1" resetval="See to" description="Define the size of the region in bytes. 2 equals the region." range="" rwaccess="R"/>
    <bitfield id="ENABLE" width="1" begin="0" end="0" resetval="0x1" description="0x0: Disable the region. No access allowed 0x1: Enable the region." range="" rwaccess="R"/>
  </register>
  <register id="L4_AP_REGION_l_H_9" acronym="L4_AP_REGION_l_H_9" offset="0x34C" width="32" description="Define the size, protection group and segment ID of the region">
    <bitfield id="MADDRSPACE" width="4" begin="31" end="28" resetval="See to" description="Target interconnect MAddrSpace" range="" rwaccess="R"/>
    <bitfield id="RESERVED" width="1" begin="27" end="27" resetval="0x0" description="Read returns 0" range="" rwaccess="R"/>
    <bitfield id="SEGMENT_ID" width="3" begin="26" end="24" resetval="See to" description="Segment ID of the region" range="" rwaccess="R"/>
    <bitfield id="RESERVED" width="1" begin="23" end="23" resetval="0x0" description="Read returns 0" range="" rwaccess="R"/>
    <bitfield id="PROT_GROUP_ID" width="3" begin="22" end="20" resetval="See to" description="Protection group ID" range="" rwaccess="RW"/>
    <bitfield id="RESERVED" width="1" begin="19" end="19" resetval="0x0" description="Read returns 0" range="" rwaccess="R"/>
    <bitfield id="BYTE_DATA_WIDTH_EXP" width="2" begin="18" end="17" resetval="See to" description="Target data byte width" range="" rwaccess="R"/>
    <bitfield id="RESERVED" width="2" begin="16" end="15" resetval="0x0" description="Read returns 0" range="" rwaccess="R"/>
    <bitfield id="PHY_TARGET_ID" width="7" begin="14" end="8" resetval="See to" description="Physical target ID" range="" rwaccess="R"/>
    <bitfield id="RESERVED" width="1" begin="7" end="7" resetval="0x0" description="Read returns 0." range="" rwaccess="R"/>
    <bitfield id="SIZE" width="6" begin="6" end="1" resetval="See to" description="Define the size of the region in bytes. 2 equals the region." range="" rwaccess="R"/>
    <bitfield id="ENABLE" width="1" begin="0" end="0" resetval="0x1" description="0x0: Disable the region. No access allowed 0x1: Enable the region." range="" rwaccess="R"/>
  </register>
  <register id="L4_AP_REGION_l_H_10" acronym="L4_AP_REGION_l_H_10" offset="0x354" width="32" description="Define the size, protection group and segment ID of the region">
    <bitfield id="MADDRSPACE" width="4" begin="31" end="28" resetval="See to" description="Target interconnect MAddrSpace" range="" rwaccess="R"/>
    <bitfield id="RESERVED" width="1" begin="27" end="27" resetval="0x0" description="Read returns 0" range="" rwaccess="R"/>
    <bitfield id="SEGMENT_ID" width="3" begin="26" end="24" resetval="See to" description="Segment ID of the region" range="" rwaccess="R"/>
    <bitfield id="RESERVED" width="1" begin="23" end="23" resetval="0x0" description="Read returns 0" range="" rwaccess="R"/>
    <bitfield id="PROT_GROUP_ID" width="3" begin="22" end="20" resetval="See to" description="Protection group ID" range="" rwaccess="RW"/>
    <bitfield id="RESERVED" width="1" begin="19" end="19" resetval="0x0" description="Read returns 0" range="" rwaccess="R"/>
    <bitfield id="BYTE_DATA_WIDTH_EXP" width="2" begin="18" end="17" resetval="See to" description="Target data byte width" range="" rwaccess="R"/>
    <bitfield id="RESERVED" width="2" begin="16" end="15" resetval="0x0" description="Read returns 0" range="" rwaccess="R"/>
    <bitfield id="PHY_TARGET_ID" width="7" begin="14" end="8" resetval="See to" description="Physical target ID" range="" rwaccess="R"/>
    <bitfield id="RESERVED" width="1" begin="7" end="7" resetval="0x0" description="Read returns 0." range="" rwaccess="R"/>
    <bitfield id="SIZE" width="6" begin="6" end="1" resetval="See to" description="Define the size of the region in bytes. 2 equals the region." range="" rwaccess="R"/>
    <bitfield id="ENABLE" width="1" begin="0" end="0" resetval="0x1" description="0x0: Disable the region. No access allowed 0x1: Enable the region." range="" rwaccess="R"/>
  </register>
  <register id="L4_AP_REGION_l_H_11" acronym="L4_AP_REGION_l_H_11" offset="0x35C" width="32" description="Define the size, protection group and segment ID of the region">
    <bitfield id="MADDRSPACE" width="4" begin="31" end="28" resetval="See to" description="Target interconnect MAddrSpace" range="" rwaccess="R"/>
    <bitfield id="RESERVED" width="1" begin="27" end="27" resetval="0x0" description="Read returns 0" range="" rwaccess="R"/>
    <bitfield id="SEGMENT_ID" width="3" begin="26" end="24" resetval="See to" description="Segment ID of the region" range="" rwaccess="R"/>
    <bitfield id="RESERVED" width="1" begin="23" end="23" resetval="0x0" description="Read returns 0" range="" rwaccess="R"/>
    <bitfield id="PROT_GROUP_ID" width="3" begin="22" end="20" resetval="See to" description="Protection group ID" range="" rwaccess="RW"/>
    <bitfield id="RESERVED" width="1" begin="19" end="19" resetval="0x0" description="Read returns 0" range="" rwaccess="R"/>
    <bitfield id="BYTE_DATA_WIDTH_EXP" width="2" begin="18" end="17" resetval="See to" description="Target data byte width" range="" rwaccess="R"/>
    <bitfield id="RESERVED" width="2" begin="16" end="15" resetval="0x0" description="Read returns 0" range="" rwaccess="R"/>
    <bitfield id="PHY_TARGET_ID" width="7" begin="14" end="8" resetval="See to" description="Physical target ID" range="" rwaccess="R"/>
    <bitfield id="RESERVED" width="1" begin="7" end="7" resetval="0x0" description="Read returns 0." range="" rwaccess="R"/>
    <bitfield id="SIZE" width="6" begin="6" end="1" resetval="See to" description="Define the size of the region in bytes. 2 equals the region." range="" rwaccess="R"/>
    <bitfield id="ENABLE" width="1" begin="0" end="0" resetval="0x1" description="0x0: Disable the region. No access allowed 0x1: Enable the region." range="" rwaccess="R"/>
  </register>
  <register id="L4_AP_REGION_l_H_12" acronym="L4_AP_REGION_l_H_12" offset="0x364" width="32" description="Define the size, protection group and segment ID of the region">
    <bitfield id="MADDRSPACE" width="4" begin="31" end="28" resetval="See to" description="Target interconnect MAddrSpace" range="" rwaccess="R"/>
    <bitfield id="RESERVED" width="1" begin="27" end="27" resetval="0x0" description="Read returns 0" range="" rwaccess="R"/>
    <bitfield id="SEGMENT_ID" width="3" begin="26" end="24" resetval="See to" description="Segment ID of the region" range="" rwaccess="R"/>
    <bitfield id="RESERVED" width="1" begin="23" end="23" resetval="0x0" description="Read returns 0" range="" rwaccess="R"/>
    <bitfield id="PROT_GROUP_ID" width="3" begin="22" end="20" resetval="See to" description="Protection group ID" range="" rwaccess="RW"/>
    <bitfield id="RESERVED" width="1" begin="19" end="19" resetval="0x0" description="Read returns 0" range="" rwaccess="R"/>
    <bitfield id="BYTE_DATA_WIDTH_EXP" width="2" begin="18" end="17" resetval="See to" description="Target data byte width" range="" rwaccess="R"/>
    <bitfield id="RESERVED" width="2" begin="16" end="15" resetval="0x0" description="Read returns 0" range="" rwaccess="R"/>
    <bitfield id="PHY_TARGET_ID" width="7" begin="14" end="8" resetval="See to" description="Physical target ID" range="" rwaccess="R"/>
    <bitfield id="RESERVED" width="1" begin="7" end="7" resetval="0x0" description="Read returns 0." range="" rwaccess="R"/>
    <bitfield id="SIZE" width="6" begin="6" end="1" resetval="See to" description="Define the size of the region in bytes. 2 equals the region." range="" rwaccess="R"/>
    <bitfield id="ENABLE" width="1" begin="0" end="0" resetval="0x1" description="0x0: Disable the region. No access allowed 0x1: Enable the region." range="" rwaccess="R"/>
  </register>
  <register id="L4_AP_REGION_l_H_13" acronym="L4_AP_REGION_l_H_13" offset="0x36C" width="32" description="Define the size, protection group and segment ID of the region">
    <bitfield id="MADDRSPACE" width="4" begin="31" end="28" resetval="See to" description="Target interconnect MAddrSpace" range="" rwaccess="R"/>
    <bitfield id="RESERVED" width="1" begin="27" end="27" resetval="0x0" description="Read returns 0" range="" rwaccess="R"/>
    <bitfield id="SEGMENT_ID" width="3" begin="26" end="24" resetval="See to" description="Segment ID of the region" range="" rwaccess="R"/>
    <bitfield id="RESERVED" width="1" begin="23" end="23" resetval="0x0" description="Read returns 0" range="" rwaccess="R"/>
    <bitfield id="PROT_GROUP_ID" width="3" begin="22" end="20" resetval="See to" description="Protection group ID" range="" rwaccess="RW"/>
    <bitfield id="RESERVED" width="1" begin="19" end="19" resetval="0x0" description="Read returns 0" range="" rwaccess="R"/>
    <bitfield id="BYTE_DATA_WIDTH_EXP" width="2" begin="18" end="17" resetval="See to" description="Target data byte width" range="" rwaccess="R"/>
    <bitfield id="RESERVED" width="2" begin="16" end="15" resetval="0x0" description="Read returns 0" range="" rwaccess="R"/>
    <bitfield id="PHY_TARGET_ID" width="7" begin="14" end="8" resetval="See to" description="Physical target ID" range="" rwaccess="R"/>
    <bitfield id="RESERVED" width="1" begin="7" end="7" resetval="0x0" description="Read returns 0." range="" rwaccess="R"/>
    <bitfield id="SIZE" width="6" begin="6" end="1" resetval="See to" description="Define the size of the region in bytes. 2 equals the region." range="" rwaccess="R"/>
    <bitfield id="ENABLE" width="1" begin="0" end="0" resetval="0x1" description="0x0: Disable the region. No access allowed 0x1: Enable the region." range="" rwaccess="R"/>
  </register>
  <register id="L4_AP_REGION_l_H_14" acronym="L4_AP_REGION_l_H_14" offset="0x374" width="32" description="Define the size, protection group and segment ID of the region">
    <bitfield id="MADDRSPACE" width="4" begin="31" end="28" resetval="See to" description="Target interconnect MAddrSpace" range="" rwaccess="R"/>
    <bitfield id="RESERVED" width="1" begin="27" end="27" resetval="0x0" description="Read returns 0" range="" rwaccess="R"/>
    <bitfield id="SEGMENT_ID" width="3" begin="26" end="24" resetval="See to" description="Segment ID of the region" range="" rwaccess="R"/>
    <bitfield id="RESERVED" width="1" begin="23" end="23" resetval="0x0" description="Read returns 0" range="" rwaccess="R"/>
    <bitfield id="PROT_GROUP_ID" width="3" begin="22" end="20" resetval="See to" description="Protection group ID" range="" rwaccess="RW"/>
    <bitfield id="RESERVED" width="1" begin="19" end="19" resetval="0x0" description="Read returns 0" range="" rwaccess="R"/>
    <bitfield id="BYTE_DATA_WIDTH_EXP" width="2" begin="18" end="17" resetval="See to" description="Target data byte width" range="" rwaccess="R"/>
    <bitfield id="RESERVED" width="2" begin="16" end="15" resetval="0x0" description="Read returns 0" range="" rwaccess="R"/>
    <bitfield id="PHY_TARGET_ID" width="7" begin="14" end="8" resetval="See to" description="Physical target ID" range="" rwaccess="R"/>
    <bitfield id="RESERVED" width="1" begin="7" end="7" resetval="0x0" description="Read returns 0." range="" rwaccess="R"/>
    <bitfield id="SIZE" width="6" begin="6" end="1" resetval="See to" description="Define the size of the region in bytes. 2 equals the region." range="" rwaccess="R"/>
    <bitfield id="ENABLE" width="1" begin="0" end="0" resetval="0x1" description="0x0: Disable the region. No access allowed 0x1: Enable the region." range="" rwaccess="R"/>
  </register>
  <register id="L4_AP_REGION_l_H_15" acronym="L4_AP_REGION_l_H_15" offset="0x37C" width="32" description="Define the size, protection group and segment ID of the region">
    <bitfield id="MADDRSPACE" width="4" begin="31" end="28" resetval="See to" description="Target interconnect MAddrSpace" range="" rwaccess="R"/>
    <bitfield id="RESERVED" width="1" begin="27" end="27" resetval="0x0" description="Read returns 0" range="" rwaccess="R"/>
    <bitfield id="SEGMENT_ID" width="3" begin="26" end="24" resetval="See to" description="Segment ID of the region" range="" rwaccess="R"/>
    <bitfield id="RESERVED" width="1" begin="23" end="23" resetval="0x0" description="Read returns 0" range="" rwaccess="R"/>
    <bitfield id="PROT_GROUP_ID" width="3" begin="22" end="20" resetval="See to" description="Protection group ID" range="" rwaccess="RW"/>
    <bitfield id="RESERVED" width="1" begin="19" end="19" resetval="0x0" description="Read returns 0" range="" rwaccess="R"/>
    <bitfield id="BYTE_DATA_WIDTH_EXP" width="2" begin="18" end="17" resetval="See to" description="Target data byte width" range="" rwaccess="R"/>
    <bitfield id="RESERVED" width="2" begin="16" end="15" resetval="0x0" description="Read returns 0" range="" rwaccess="R"/>
    <bitfield id="PHY_TARGET_ID" width="7" begin="14" end="8" resetval="See to" description="Physical target ID" range="" rwaccess="R"/>
    <bitfield id="RESERVED" width="1" begin="7" end="7" resetval="0x0" description="Read returns 0." range="" rwaccess="R"/>
    <bitfield id="SIZE" width="6" begin="6" end="1" resetval="See to" description="Define the size of the region in bytes. 2 equals the region." range="" rwaccess="R"/>
    <bitfield id="ENABLE" width="1" begin="0" end="0" resetval="0x1" description="0x0: Disable the region. No access allowed 0x1: Enable the region." range="" rwaccess="R"/>
  </register>
  <register id="L4_AP_REGION_l_H_16" acronym="L4_AP_REGION_l_H_16" offset="0x384" width="32" description="Define the size, protection group and segment ID of the region">
    <bitfield id="MADDRSPACE" width="4" begin="31" end="28" resetval="See to" description="Target interconnect MAddrSpace" range="" rwaccess="R"/>
    <bitfield id="RESERVED" width="1" begin="27" end="27" resetval="0x0" description="Read returns 0" range="" rwaccess="R"/>
    <bitfield id="SEGMENT_ID" width="3" begin="26" end="24" resetval="See to" description="Segment ID of the region" range="" rwaccess="R"/>
    <bitfield id="RESERVED" width="1" begin="23" end="23" resetval="0x0" description="Read returns 0" range="" rwaccess="R"/>
    <bitfield id="PROT_GROUP_ID" width="3" begin="22" end="20" resetval="See to" description="Protection group ID" range="" rwaccess="RW"/>
    <bitfield id="RESERVED" width="1" begin="19" end="19" resetval="0x0" description="Read returns 0" range="" rwaccess="R"/>
    <bitfield id="BYTE_DATA_WIDTH_EXP" width="2" begin="18" end="17" resetval="See to" description="Target data byte width" range="" rwaccess="R"/>
    <bitfield id="RESERVED" width="2" begin="16" end="15" resetval="0x0" description="Read returns 0" range="" rwaccess="R"/>
    <bitfield id="PHY_TARGET_ID" width="7" begin="14" end="8" resetval="See to" description="Physical target ID" range="" rwaccess="R"/>
    <bitfield id="RESERVED" width="1" begin="7" end="7" resetval="0x0" description="Read returns 0." range="" rwaccess="R"/>
    <bitfield id="SIZE" width="6" begin="6" end="1" resetval="See to" description="Define the size of the region in bytes. 2 equals the region." range="" rwaccess="R"/>
    <bitfield id="ENABLE" width="1" begin="0" end="0" resetval="0x1" description="0x0: Disable the region. No access allowed 0x1: Enable the region." range="" rwaccess="R"/>
  </register>
  <register id="L4_AP_REGION_l_H_17" acronym="L4_AP_REGION_l_H_17" offset="0x38C" width="32" description="Define the size, protection group and segment ID of the region">
    <bitfield id="MADDRSPACE" width="4" begin="31" end="28" resetval="See to" description="Target interconnect MAddrSpace" range="" rwaccess="R"/>
    <bitfield id="RESERVED" width="1" begin="27" end="27" resetval="0x0" description="Read returns 0" range="" rwaccess="R"/>
    <bitfield id="SEGMENT_ID" width="3" begin="26" end="24" resetval="See to" description="Segment ID of the region" range="" rwaccess="R"/>
    <bitfield id="RESERVED" width="1" begin="23" end="23" resetval="0x0" description="Read returns 0" range="" rwaccess="R"/>
    <bitfield id="PROT_GROUP_ID" width="3" begin="22" end="20" resetval="See to" description="Protection group ID" range="" rwaccess="RW"/>
    <bitfield id="RESERVED" width="1" begin="19" end="19" resetval="0x0" description="Read returns 0" range="" rwaccess="R"/>
    <bitfield id="BYTE_DATA_WIDTH_EXP" width="2" begin="18" end="17" resetval="See to" description="Target data byte width" range="" rwaccess="R"/>
    <bitfield id="RESERVED" width="2" begin="16" end="15" resetval="0x0" description="Read returns 0" range="" rwaccess="R"/>
    <bitfield id="PHY_TARGET_ID" width="7" begin="14" end="8" resetval="See to" description="Physical target ID" range="" rwaccess="R"/>
    <bitfield id="RESERVED" width="1" begin="7" end="7" resetval="0x0" description="Read returns 0." range="" rwaccess="R"/>
    <bitfield id="SIZE" width="6" begin="6" end="1" resetval="See to" description="Define the size of the region in bytes. 2 equals the region." range="" rwaccess="R"/>
    <bitfield id="ENABLE" width="1" begin="0" end="0" resetval="0x1" description="0x0: Disable the region. No access allowed 0x1: Enable the region." range="" rwaccess="R"/>
  </register>
  <register id="L4_AP_REGION_l_H_18" acronym="L4_AP_REGION_l_H_18" offset="0x394" width="32" description="Define the size, protection group and segment ID of the region">
    <bitfield id="MADDRSPACE" width="4" begin="31" end="28" resetval="See to" description="Target interconnect MAddrSpace" range="" rwaccess="R"/>
    <bitfield id="RESERVED" width="1" begin="27" end="27" resetval="0x0" description="Read returns 0" range="" rwaccess="R"/>
    <bitfield id="SEGMENT_ID" width="3" begin="26" end="24" resetval="See to" description="Segment ID of the region" range="" rwaccess="R"/>
    <bitfield id="RESERVED" width="1" begin="23" end="23" resetval="0x0" description="Read returns 0" range="" rwaccess="R"/>
    <bitfield id="PROT_GROUP_ID" width="3" begin="22" end="20" resetval="See to" description="Protection group ID" range="" rwaccess="RW"/>
    <bitfield id="RESERVED" width="1" begin="19" end="19" resetval="0x0" description="Read returns 0" range="" rwaccess="R"/>
    <bitfield id="BYTE_DATA_WIDTH_EXP" width="2" begin="18" end="17" resetval="See to" description="Target data byte width" range="" rwaccess="R"/>
    <bitfield id="RESERVED" width="2" begin="16" end="15" resetval="0x0" description="Read returns 0" range="" rwaccess="R"/>
    <bitfield id="PHY_TARGET_ID" width="7" begin="14" end="8" resetval="See to" description="Physical target ID" range="" rwaccess="R"/>
    <bitfield id="RESERVED" width="1" begin="7" end="7" resetval="0x0" description="Read returns 0." range="" rwaccess="R"/>
    <bitfield id="SIZE" width="6" begin="6" end="1" resetval="See to" description="Define the size of the region in bytes. 2 equals the region." range="" rwaccess="R"/>
    <bitfield id="ENABLE" width="1" begin="0" end="0" resetval="0x1" description="0x0: Disable the region. No access allowed 0x1: Enable the region." range="" rwaccess="R"/>
  </register>
  <register id="L4_AP_REGION_l_H_19" acronym="L4_AP_REGION_l_H_19" offset="0x39C" width="32" description="Define the size, protection group and segment ID of the region">
    <bitfield id="MADDRSPACE" width="4" begin="31" end="28" resetval="See to" description="Target interconnect MAddrSpace" range="" rwaccess="R"/>
    <bitfield id="RESERVED" width="1" begin="27" end="27" resetval="0x0" description="Read returns 0" range="" rwaccess="R"/>
    <bitfield id="SEGMENT_ID" width="3" begin="26" end="24" resetval="See to" description="Segment ID of the region" range="" rwaccess="R"/>
    <bitfield id="RESERVED" width="1" begin="23" end="23" resetval="0x0" description="Read returns 0" range="" rwaccess="R"/>
    <bitfield id="PROT_GROUP_ID" width="3" begin="22" end="20" resetval="See to" description="Protection group ID" range="" rwaccess="RW"/>
    <bitfield id="RESERVED" width="1" begin="19" end="19" resetval="0x0" description="Read returns 0" range="" rwaccess="R"/>
    <bitfield id="BYTE_DATA_WIDTH_EXP" width="2" begin="18" end="17" resetval="See to" description="Target data byte width" range="" rwaccess="R"/>
    <bitfield id="RESERVED" width="2" begin="16" end="15" resetval="0x0" description="Read returns 0" range="" rwaccess="R"/>
    <bitfield id="PHY_TARGET_ID" width="7" begin="14" end="8" resetval="See to" description="Physical target ID" range="" rwaccess="R"/>
    <bitfield id="RESERVED" width="1" begin="7" end="7" resetval="0x0" description="Read returns 0." range="" rwaccess="R"/>
    <bitfield id="SIZE" width="6" begin="6" end="1" resetval="See to" description="Define the size of the region in bytes. 2 equals the region." range="" rwaccess="R"/>
    <bitfield id="ENABLE" width="1" begin="0" end="0" resetval="0x1" description="0x0: Disable the region. No access allowed 0x1: Enable the region." range="" rwaccess="R"/>
  </register>
  <register id="L4_AP_REGION_l_H_20" acronym="L4_AP_REGION_l_H_20" offset="0x3A4" width="32" description="Define the size, protection group and segment ID of the region">
    <bitfield id="MADDRSPACE" width="4" begin="31" end="28" resetval="See to" description="Target interconnect MAddrSpace" range="" rwaccess="R"/>
    <bitfield id="RESERVED" width="1" begin="27" end="27" resetval="0x0" description="Read returns 0" range="" rwaccess="R"/>
    <bitfield id="SEGMENT_ID" width="3" begin="26" end="24" resetval="See to" description="Segment ID of the region" range="" rwaccess="R"/>
    <bitfield id="RESERVED" width="1" begin="23" end="23" resetval="0x0" description="Read returns 0" range="" rwaccess="R"/>
    <bitfield id="PROT_GROUP_ID" width="3" begin="22" end="20" resetval="See to" description="Protection group ID" range="" rwaccess="RW"/>
    <bitfield id="RESERVED" width="1" begin="19" end="19" resetval="0x0" description="Read returns 0" range="" rwaccess="R"/>
    <bitfield id="BYTE_DATA_WIDTH_EXP" width="2" begin="18" end="17" resetval="See to" description="Target data byte width" range="" rwaccess="R"/>
    <bitfield id="RESERVED" width="2" begin="16" end="15" resetval="0x0" description="Read returns 0" range="" rwaccess="R"/>
    <bitfield id="PHY_TARGET_ID" width="7" begin="14" end="8" resetval="See to" description="Physical target ID" range="" rwaccess="R"/>
    <bitfield id="RESERVED" width="1" begin="7" end="7" resetval="0x0" description="Read returns 0." range="" rwaccess="R"/>
    <bitfield id="SIZE" width="6" begin="6" end="1" resetval="See to" description="Define the size of the region in bytes. 2 equals the region." range="" rwaccess="R"/>
    <bitfield id="ENABLE" width="1" begin="0" end="0" resetval="0x1" description="0x0: Disable the region. No access allowed 0x1: Enable the region." range="" rwaccess="R"/>
  </register>
  <register id="L4_AP_REGION_l_H_21" acronym="L4_AP_REGION_l_H_21" offset="0x3AC" width="32" description="Define the size, protection group and segment ID of the region">
    <bitfield id="MADDRSPACE" width="4" begin="31" end="28" resetval="See to" description="Target interconnect MAddrSpace" range="" rwaccess="R"/>
    <bitfield id="RESERVED" width="1" begin="27" end="27" resetval="0x0" description="Read returns 0" range="" rwaccess="R"/>
    <bitfield id="SEGMENT_ID" width="3" begin="26" end="24" resetval="See to" description="Segment ID of the region" range="" rwaccess="R"/>
    <bitfield id="RESERVED" width="1" begin="23" end="23" resetval="0x0" description="Read returns 0" range="" rwaccess="R"/>
    <bitfield id="PROT_GROUP_ID" width="3" begin="22" end="20" resetval="See to" description="Protection group ID" range="" rwaccess="RW"/>
    <bitfield id="RESERVED" width="1" begin="19" end="19" resetval="0x0" description="Read returns 0" range="" rwaccess="R"/>
    <bitfield id="BYTE_DATA_WIDTH_EXP" width="2" begin="18" end="17" resetval="See to" description="Target data byte width" range="" rwaccess="R"/>
    <bitfield id="RESERVED" width="2" begin="16" end="15" resetval="0x0" description="Read returns 0" range="" rwaccess="R"/>
    <bitfield id="PHY_TARGET_ID" width="7" begin="14" end="8" resetval="See to" description="Physical target ID" range="" rwaccess="R"/>
    <bitfield id="RESERVED" width="1" begin="7" end="7" resetval="0x0" description="Read returns 0." range="" rwaccess="R"/>
    <bitfield id="SIZE" width="6" begin="6" end="1" resetval="See to" description="Define the size of the region in bytes. 2 equals the region." range="" rwaccess="R"/>
    <bitfield id="ENABLE" width="1" begin="0" end="0" resetval="0x1" description="0x0: Disable the region. No access allowed 0x1: Enable the region." range="" rwaccess="R"/>
  </register>
  <register id="L4_AP_REGION_l_H_22" acronym="L4_AP_REGION_l_H_22" offset="0x3B4" width="32" description="Define the size, protection group and segment ID of the region">
    <bitfield id="MADDRSPACE" width="4" begin="31" end="28" resetval="See to" description="Target interconnect MAddrSpace" range="" rwaccess="R"/>
    <bitfield id="RESERVED" width="1" begin="27" end="27" resetval="0x0" description="Read returns 0" range="" rwaccess="R"/>
    <bitfield id="SEGMENT_ID" width="3" begin="26" end="24" resetval="See to" description="Segment ID of the region" range="" rwaccess="R"/>
    <bitfield id="RESERVED" width="1" begin="23" end="23" resetval="0x0" description="Read returns 0" range="" rwaccess="R"/>
    <bitfield id="PROT_GROUP_ID" width="3" begin="22" end="20" resetval="See to" description="Protection group ID" range="" rwaccess="RW"/>
    <bitfield id="RESERVED" width="1" begin="19" end="19" resetval="0x0" description="Read returns 0" range="" rwaccess="R"/>
    <bitfield id="BYTE_DATA_WIDTH_EXP" width="2" begin="18" end="17" resetval="See to" description="Target data byte width" range="" rwaccess="R"/>
    <bitfield id="RESERVED" width="2" begin="16" end="15" resetval="0x0" description="Read returns 0" range="" rwaccess="R"/>
    <bitfield id="PHY_TARGET_ID" width="7" begin="14" end="8" resetval="See to" description="Physical target ID" range="" rwaccess="R"/>
    <bitfield id="RESERVED" width="1" begin="7" end="7" resetval="0x0" description="Read returns 0." range="" rwaccess="R"/>
    <bitfield id="SIZE" width="6" begin="6" end="1" resetval="See to" description="Define the size of the region in bytes. 2 equals the region." range="" rwaccess="R"/>
    <bitfield id="ENABLE" width="1" begin="0" end="0" resetval="0x1" description="0x0: Disable the region. No access allowed 0x1: Enable the region." range="" rwaccess="R"/>
  </register>
  <register id="L4_AP_REGION_l_H_23" acronym="L4_AP_REGION_l_H_23" offset="0x3BC" width="32" description="Define the size, protection group and segment ID of the region">
    <bitfield id="MADDRSPACE" width="4" begin="31" end="28" resetval="See to" description="Target interconnect MAddrSpace" range="" rwaccess="R"/>
    <bitfield id="RESERVED" width="1" begin="27" end="27" resetval="0x0" description="Read returns 0" range="" rwaccess="R"/>
    <bitfield id="SEGMENT_ID" width="3" begin="26" end="24" resetval="See to" description="Segment ID of the region" range="" rwaccess="R"/>
    <bitfield id="RESERVED" width="1" begin="23" end="23" resetval="0x0" description="Read returns 0" range="" rwaccess="R"/>
    <bitfield id="PROT_GROUP_ID" width="3" begin="22" end="20" resetval="See to" description="Protection group ID" range="" rwaccess="RW"/>
    <bitfield id="RESERVED" width="1" begin="19" end="19" resetval="0x0" description="Read returns 0" range="" rwaccess="R"/>
    <bitfield id="BYTE_DATA_WIDTH_EXP" width="2" begin="18" end="17" resetval="See to" description="Target data byte width" range="" rwaccess="R"/>
    <bitfield id="RESERVED" width="2" begin="16" end="15" resetval="0x0" description="Read returns 0" range="" rwaccess="R"/>
    <bitfield id="PHY_TARGET_ID" width="7" begin="14" end="8" resetval="See to" description="Physical target ID" range="" rwaccess="R"/>
    <bitfield id="RESERVED" width="1" begin="7" end="7" resetval="0x0" description="Read returns 0." range="" rwaccess="R"/>
    <bitfield id="SIZE" width="6" begin="6" end="1" resetval="See to" description="Define the size of the region in bytes. 2 equals the region." range="" rwaccess="R"/>
    <bitfield id="ENABLE" width="1" begin="0" end="0" resetval="0x1" description="0x0: Disable the region. No access allowed 0x1: Enable the region." range="" rwaccess="R"/>
  </register>
  <register id="L4_AP_REGION_l_H_24" acronym="L4_AP_REGION_l_H_24" offset="0x3C4" width="32" description="Define the size, protection group and segment ID of the region">
    <bitfield id="MADDRSPACE" width="4" begin="31" end="28" resetval="See to" description="Target interconnect MAddrSpace" range="" rwaccess="R"/>
    <bitfield id="RESERVED" width="1" begin="27" end="27" resetval="0x0" description="Read returns 0" range="" rwaccess="R"/>
    <bitfield id="SEGMENT_ID" width="3" begin="26" end="24" resetval="See to" description="Segment ID of the region" range="" rwaccess="R"/>
    <bitfield id="RESERVED" width="1" begin="23" end="23" resetval="0x0" description="Read returns 0" range="" rwaccess="R"/>
    <bitfield id="PROT_GROUP_ID" width="3" begin="22" end="20" resetval="See to" description="Protection group ID" range="" rwaccess="RW"/>
    <bitfield id="RESERVED" width="1" begin="19" end="19" resetval="0x0" description="Read returns 0" range="" rwaccess="R"/>
    <bitfield id="BYTE_DATA_WIDTH_EXP" width="2" begin="18" end="17" resetval="See to" description="Target data byte width" range="" rwaccess="R"/>
    <bitfield id="RESERVED" width="2" begin="16" end="15" resetval="0x0" description="Read returns 0" range="" rwaccess="R"/>
    <bitfield id="PHY_TARGET_ID" width="7" begin="14" end="8" resetval="See to" description="Physical target ID" range="" rwaccess="R"/>
    <bitfield id="RESERVED" width="1" begin="7" end="7" resetval="0x0" description="Read returns 0." range="" rwaccess="R"/>
    <bitfield id="SIZE" width="6" begin="6" end="1" resetval="See to" description="Define the size of the region in bytes. 2 equals the region." range="" rwaccess="R"/>
    <bitfield id="ENABLE" width="1" begin="0" end="0" resetval="0x1" description="0x0: Disable the region. No access allowed 0x1: Enable the region." range="" rwaccess="R"/>
  </register>
  <register id="L4_AP_REGION_l_H_25" acronym="L4_AP_REGION_l_H_25" offset="0x3CC" width="32" description="Define the size, protection group and segment ID of the region">
    <bitfield id="MADDRSPACE" width="4" begin="31" end="28" resetval="See to" description="Target interconnect MAddrSpace" range="" rwaccess="R"/>
    <bitfield id="RESERVED" width="1" begin="27" end="27" resetval="0x0" description="Read returns 0" range="" rwaccess="R"/>
    <bitfield id="SEGMENT_ID" width="3" begin="26" end="24" resetval="See to" description="Segment ID of the region" range="" rwaccess="R"/>
    <bitfield id="RESERVED" width="1" begin="23" end="23" resetval="0x0" description="Read returns 0" range="" rwaccess="R"/>
    <bitfield id="PROT_GROUP_ID" width="3" begin="22" end="20" resetval="See to" description="Protection group ID" range="" rwaccess="RW"/>
    <bitfield id="RESERVED" width="1" begin="19" end="19" resetval="0x0" description="Read returns 0" range="" rwaccess="R"/>
    <bitfield id="BYTE_DATA_WIDTH_EXP" width="2" begin="18" end="17" resetval="See to" description="Target data byte width" range="" rwaccess="R"/>
    <bitfield id="RESERVED" width="2" begin="16" end="15" resetval="0x0" description="Read returns 0" range="" rwaccess="R"/>
    <bitfield id="PHY_TARGET_ID" width="7" begin="14" end="8" resetval="See to" description="Physical target ID" range="" rwaccess="R"/>
    <bitfield id="RESERVED" width="1" begin="7" end="7" resetval="0x0" description="Read returns 0." range="" rwaccess="R"/>
    <bitfield id="SIZE" width="6" begin="6" end="1" resetval="See to" description="Define the size of the region in bytes. 2 equals the region." range="" rwaccess="R"/>
    <bitfield id="ENABLE" width="1" begin="0" end="0" resetval="0x1" description="0x0: Disable the region. No access allowed 0x1: Enable the region." range="" rwaccess="R"/>
  </register>
  <register id="L4_AP_REGION_l_H_26" acronym="L4_AP_REGION_l_H_26" offset="0x3D4" width="32" description="Define the size, protection group and segment ID of the region">
    <bitfield id="MADDRSPACE" width="4" begin="31" end="28" resetval="See to" description="Target interconnect MAddrSpace" range="" rwaccess="R"/>
    <bitfield id="RESERVED" width="1" begin="27" end="27" resetval="0x0" description="Read returns 0" range="" rwaccess="R"/>
    <bitfield id="SEGMENT_ID" width="3" begin="26" end="24" resetval="See to" description="Segment ID of the region" range="" rwaccess="R"/>
    <bitfield id="RESERVED" width="1" begin="23" end="23" resetval="0x0" description="Read returns 0" range="" rwaccess="R"/>
    <bitfield id="PROT_GROUP_ID" width="3" begin="22" end="20" resetval="See to" description="Protection group ID" range="" rwaccess="RW"/>
    <bitfield id="RESERVED" width="1" begin="19" end="19" resetval="0x0" description="Read returns 0" range="" rwaccess="R"/>
    <bitfield id="BYTE_DATA_WIDTH_EXP" width="2" begin="18" end="17" resetval="See to" description="Target data byte width" range="" rwaccess="R"/>
    <bitfield id="RESERVED" width="2" begin="16" end="15" resetval="0x0" description="Read returns 0" range="" rwaccess="R"/>
    <bitfield id="PHY_TARGET_ID" width="7" begin="14" end="8" resetval="See to" description="Physical target ID" range="" rwaccess="R"/>
    <bitfield id="RESERVED" width="1" begin="7" end="7" resetval="0x0" description="Read returns 0." range="" rwaccess="R"/>
    <bitfield id="SIZE" width="6" begin="6" end="1" resetval="See to" description="Define the size of the region in bytes. 2 equals the region." range="" rwaccess="R"/>
    <bitfield id="ENABLE" width="1" begin="0" end="0" resetval="0x1" description="0x0: Disable the region. No access allowed 0x1: Enable the region." range="" rwaccess="R"/>
  </register>
  <register id="L4_AP_REGION_l_H_27" acronym="L4_AP_REGION_l_H_27" offset="0x3DC" width="32" description="Define the size, protection group and segment ID of the region">
    <bitfield id="MADDRSPACE" width="4" begin="31" end="28" resetval="See to" description="Target interconnect MAddrSpace" range="" rwaccess="R"/>
    <bitfield id="RESERVED" width="1" begin="27" end="27" resetval="0x0" description="Read returns 0" range="" rwaccess="R"/>
    <bitfield id="SEGMENT_ID" width="3" begin="26" end="24" resetval="See to" description="Segment ID of the region" range="" rwaccess="R"/>
    <bitfield id="RESERVED" width="1" begin="23" end="23" resetval="0x0" description="Read returns 0" range="" rwaccess="R"/>
    <bitfield id="PROT_GROUP_ID" width="3" begin="22" end="20" resetval="See to" description="Protection group ID" range="" rwaccess="RW"/>
    <bitfield id="RESERVED" width="1" begin="19" end="19" resetval="0x0" description="Read returns 0" range="" rwaccess="R"/>
    <bitfield id="BYTE_DATA_WIDTH_EXP" width="2" begin="18" end="17" resetval="See to" description="Target data byte width" range="" rwaccess="R"/>
    <bitfield id="RESERVED" width="2" begin="16" end="15" resetval="0x0" description="Read returns 0" range="" rwaccess="R"/>
    <bitfield id="PHY_TARGET_ID" width="7" begin="14" end="8" resetval="See to" description="Physical target ID" range="" rwaccess="R"/>
    <bitfield id="RESERVED" width="1" begin="7" end="7" resetval="0x0" description="Read returns 0." range="" rwaccess="R"/>
    <bitfield id="SIZE" width="6" begin="6" end="1" resetval="See to" description="Define the size of the region in bytes. 2 equals the region." range="" rwaccess="R"/>
    <bitfield id="ENABLE" width="1" begin="0" end="0" resetval="0x1" description="0x0: Disable the region. No access allowed 0x1: Enable the region." range="" rwaccess="R"/>
  </register>
  <register id="L4_AP_REGION_l_H_28" acronym="L4_AP_REGION_l_H_28" offset="0x3E4" width="32" description="Define the size, protection group and segment ID of the region">
    <bitfield id="MADDRSPACE" width="4" begin="31" end="28" resetval="See to" description="Target interconnect MAddrSpace" range="" rwaccess="R"/>
    <bitfield id="RESERVED" width="1" begin="27" end="27" resetval="0x0" description="Read returns 0" range="" rwaccess="R"/>
    <bitfield id="SEGMENT_ID" width="3" begin="26" end="24" resetval="See to" description="Segment ID of the region" range="" rwaccess="R"/>
    <bitfield id="RESERVED" width="1" begin="23" end="23" resetval="0x0" description="Read returns 0" range="" rwaccess="R"/>
    <bitfield id="PROT_GROUP_ID" width="3" begin="22" end="20" resetval="See to" description="Protection group ID" range="" rwaccess="RW"/>
    <bitfield id="RESERVED" width="1" begin="19" end="19" resetval="0x0" description="Read returns 0" range="" rwaccess="R"/>
    <bitfield id="BYTE_DATA_WIDTH_EXP" width="2" begin="18" end="17" resetval="See to" description="Target data byte width" range="" rwaccess="R"/>
    <bitfield id="RESERVED" width="2" begin="16" end="15" resetval="0x0" description="Read returns 0" range="" rwaccess="R"/>
    <bitfield id="PHY_TARGET_ID" width="7" begin="14" end="8" resetval="See to" description="Physical target ID" range="" rwaccess="R"/>
    <bitfield id="RESERVED" width="1" begin="7" end="7" resetval="0x0" description="Read returns 0." range="" rwaccess="R"/>
    <bitfield id="SIZE" width="6" begin="6" end="1" resetval="See to" description="Define the size of the region in bytes. 2 equals the region." range="" rwaccess="R"/>
    <bitfield id="ENABLE" width="1" begin="0" end="0" resetval="0x1" description="0x0: Disable the region. No access allowed 0x1: Enable the region." range="" rwaccess="R"/>
  </register>
  <register id="L4_AP_REGION_l_H_29" acronym="L4_AP_REGION_l_H_29" offset="0x3EC" width="32" description="Define the size, protection group and segment ID of the region">
    <bitfield id="MADDRSPACE" width="4" begin="31" end="28" resetval="See to" description="Target interconnect MAddrSpace" range="" rwaccess="R"/>
    <bitfield id="RESERVED" width="1" begin="27" end="27" resetval="0x0" description="Read returns 0" range="" rwaccess="R"/>
    <bitfield id="SEGMENT_ID" width="3" begin="26" end="24" resetval="See to" description="Segment ID of the region" range="" rwaccess="R"/>
    <bitfield id="RESERVED" width="1" begin="23" end="23" resetval="0x0" description="Read returns 0" range="" rwaccess="R"/>
    <bitfield id="PROT_GROUP_ID" width="3" begin="22" end="20" resetval="See to" description="Protection group ID" range="" rwaccess="RW"/>
    <bitfield id="RESERVED" width="1" begin="19" end="19" resetval="0x0" description="Read returns 0" range="" rwaccess="R"/>
    <bitfield id="BYTE_DATA_WIDTH_EXP" width="2" begin="18" end="17" resetval="See to" description="Target data byte width" range="" rwaccess="R"/>
    <bitfield id="RESERVED" width="2" begin="16" end="15" resetval="0x0" description="Read returns 0" range="" rwaccess="R"/>
    <bitfield id="PHY_TARGET_ID" width="7" begin="14" end="8" resetval="See to" description="Physical target ID" range="" rwaccess="R"/>
    <bitfield id="RESERVED" width="1" begin="7" end="7" resetval="0x0" description="Read returns 0." range="" rwaccess="R"/>
    <bitfield id="SIZE" width="6" begin="6" end="1" resetval="See to" description="Define the size of the region in bytes. 2 equals the region." range="" rwaccess="R"/>
    <bitfield id="ENABLE" width="1" begin="0" end="0" resetval="0x1" description="0x0: Disable the region. No access allowed 0x1: Enable the region." range="" rwaccess="R"/>
  </register>
  <register id="L4_AP_REGION_l_H_30" acronym="L4_AP_REGION_l_H_30" offset="0x3F4" width="32" description="Define the size, protection group and segment ID of the region">
    <bitfield id="MADDRSPACE" width="4" begin="31" end="28" resetval="See to" description="Target interconnect MAddrSpace" range="" rwaccess="R"/>
    <bitfield id="RESERVED" width="1" begin="27" end="27" resetval="0x0" description="Read returns 0" range="" rwaccess="R"/>
    <bitfield id="SEGMENT_ID" width="3" begin="26" end="24" resetval="See to" description="Segment ID of the region" range="" rwaccess="R"/>
    <bitfield id="RESERVED" width="1" begin="23" end="23" resetval="0x0" description="Read returns 0" range="" rwaccess="R"/>
    <bitfield id="PROT_GROUP_ID" width="3" begin="22" end="20" resetval="See to" description="Protection group ID" range="" rwaccess="RW"/>
    <bitfield id="RESERVED" width="1" begin="19" end="19" resetval="0x0" description="Read returns 0" range="" rwaccess="R"/>
    <bitfield id="BYTE_DATA_WIDTH_EXP" width="2" begin="18" end="17" resetval="See to" description="Target data byte width" range="" rwaccess="R"/>
    <bitfield id="RESERVED" width="2" begin="16" end="15" resetval="0x0" description="Read returns 0" range="" rwaccess="R"/>
    <bitfield id="PHY_TARGET_ID" width="7" begin="14" end="8" resetval="See to" description="Physical target ID" range="" rwaccess="R"/>
    <bitfield id="RESERVED" width="1" begin="7" end="7" resetval="0x0" description="Read returns 0." range="" rwaccess="R"/>
    <bitfield id="SIZE" width="6" begin="6" end="1" resetval="See to" description="Define the size of the region in bytes. 2 equals the region." range="" rwaccess="R"/>
    <bitfield id="ENABLE" width="1" begin="0" end="0" resetval="0x1" description="0x0: Disable the region. No access allowed 0x1: Enable the region." range="" rwaccess="R"/>
  </register>
  <register id="L4_AP_REGION_l_H_31" acronym="L4_AP_REGION_l_H_31" offset="0x3FC" width="32" description="Define the size, protection group and segment ID of the region">
    <bitfield id="MADDRSPACE" width="4" begin="31" end="28" resetval="See to" description="Target interconnect MAddrSpace" range="" rwaccess="R"/>
    <bitfield id="RESERVED" width="1" begin="27" end="27" resetval="0x0" description="Read returns 0" range="" rwaccess="R"/>
    <bitfield id="SEGMENT_ID" width="3" begin="26" end="24" resetval="See to" description="Segment ID of the region" range="" rwaccess="R"/>
    <bitfield id="RESERVED" width="1" begin="23" end="23" resetval="0x0" description="Read returns 0" range="" rwaccess="R"/>
    <bitfield id="PROT_GROUP_ID" width="3" begin="22" end="20" resetval="See to" description="Protection group ID" range="" rwaccess="RW"/>
    <bitfield id="RESERVED" width="1" begin="19" end="19" resetval="0x0" description="Read returns 0" range="" rwaccess="R"/>
    <bitfield id="BYTE_DATA_WIDTH_EXP" width="2" begin="18" end="17" resetval="See to" description="Target data byte width" range="" rwaccess="R"/>
    <bitfield id="RESERVED" width="2" begin="16" end="15" resetval="0x0" description="Read returns 0" range="" rwaccess="R"/>
    <bitfield id="PHY_TARGET_ID" width="7" begin="14" end="8" resetval="See to" description="Physical target ID" range="" rwaccess="R"/>
    <bitfield id="RESERVED" width="1" begin="7" end="7" resetval="0x0" description="Read returns 0." range="" rwaccess="R"/>
    <bitfield id="SIZE" width="6" begin="6" end="1" resetval="See to" description="Define the size of the region in bytes. 2 equals the region." range="" rwaccess="R"/>
    <bitfield id="ENABLE" width="1" begin="0" end="0" resetval="0x1" description="0x0: Disable the region. No access allowed 0x1: Enable the region." range="" rwaccess="R"/>
  </register>
  <register id="L4_AP_REGION_l_H_32" acronym="L4_AP_REGION_l_H_32" offset="0x404" width="32" description="Define the size, protection group and segment ID of the region">
    <bitfield id="MADDRSPACE" width="4" begin="31" end="28" resetval="See to" description="Target interconnect MAddrSpace" range="" rwaccess="R"/>
    <bitfield id="RESERVED" width="1" begin="27" end="27" resetval="0x0" description="Read returns 0" range="" rwaccess="R"/>
    <bitfield id="SEGMENT_ID" width="3" begin="26" end="24" resetval="See to" description="Segment ID of the region" range="" rwaccess="R"/>
    <bitfield id="RESERVED" width="1" begin="23" end="23" resetval="0x0" description="Read returns 0" range="" rwaccess="R"/>
    <bitfield id="PROT_GROUP_ID" width="3" begin="22" end="20" resetval="See to" description="Protection group ID" range="" rwaccess="RW"/>
    <bitfield id="RESERVED" width="1" begin="19" end="19" resetval="0x0" description="Read returns 0" range="" rwaccess="R"/>
    <bitfield id="BYTE_DATA_WIDTH_EXP" width="2" begin="18" end="17" resetval="See to" description="Target data byte width" range="" rwaccess="R"/>
    <bitfield id="RESERVED" width="2" begin="16" end="15" resetval="0x0" description="Read returns 0" range="" rwaccess="R"/>
    <bitfield id="PHY_TARGET_ID" width="7" begin="14" end="8" resetval="See to" description="Physical target ID" range="" rwaccess="R"/>
    <bitfield id="RESERVED" width="1" begin="7" end="7" resetval="0x0" description="Read returns 0." range="" rwaccess="R"/>
    <bitfield id="SIZE" width="6" begin="6" end="1" resetval="See to" description="Define the size of the region in bytes. 2 equals the region." range="" rwaccess="R"/>
    <bitfield id="ENABLE" width="1" begin="0" end="0" resetval="0x1" description="0x0: Disable the region. No access allowed 0x1: Enable the region." range="" rwaccess="R"/>
  </register>
</module>
