<module name="L4_WKUP_COUNTER_32K" acronym="" XML_version="1.0" HW_revision="n/a" description="">
  <register id="REVISION" acronym="REVISION" offset="0x0" width="32" description="This register contains the sync counter IP revision code.">
    <bitfield id="REVISION" width="32" begin="31" end="0" resetval="0x-" description="IP revision" range="" rwaccess="R"/>
  </register>
  <register id="SYSCONFIG" acronym="SYSCONFIG" offset="0x10" width="32" description="This register is used for idle modes only.">
    <bitfield id="Reserved" width="27" begin="31" end="5" resetval="0x0" description="Reads return 0." range="" rwaccess="R"/>
    <bitfield id="IDLEMODE" width="2" begin="4" end="3" resetval="0x0" description="Power management REQ/ACK control" range="" rwaccess="RW"/>
    <bitfield id="Reserved" width="2" begin="2" end="1" resetval="0x0" description="Reads return 0." range="" rwaccess="R"/>
    <bitfield id="SYNCMODE" width="1" begin="0" end="0" resetval="0x0" description="Synchronization scheme0x0 Gray synchronization scheme. Ensures that a stable value of the register is read. . 0x1 Legacy synchronization scheme. ." range="" rwaccess="RW"/>
  </register>
  <register id="CR" acronym="CR" offset="0x30" width="32" description="This register contains the 32-kHz sync counter value.">
    <bitfield id="COUNTER_VALUE" width="32" begin="31" end="0" resetval="0x00000003" description="Counter register value" range="" rwaccess="R"/>
  </register>
</module>
