<module name="PWMSS_EPWM" acronym="" XML_version="1.0" HW_revision="n/a" description="">
  <register id="EPWM_TBCTL" acronym="EPWM_TBCTL" offset="0x0" width="16" description="">
    <bitfield id="FREE_SOFT" width="2" begin="15" end="14" resetval="0x0" description="Emulation Mode Bits. These bits select the behavior of the ePWM time-base counter during emulation events: 0x0 = Stop after the next time-base counter increment or decrement 0x1 = Stop when counter completes a whole cycle. (a) Up-count mode: stop when the time-base counter = period ( 0x2 = Free run 0x3 = Free run" range="" rwaccess="RW"/>
    <bitfield id="PHSDIR" width="1" begin="13" end="13" resetval="0x0" description="Phase Direction Bit. This bit is only used when the time-base counter is configured in the up-down-count mode. The PHSDIR bit indicates the direction the time-base counter ( 0x0 = Count down after the synchronization event. 0x1 = Count up after the synchronization event." range="" rwaccess="RW"/>
    <bitfield id="CLKDIV" width="3" begin="12" end="10" resetval="0x0" description="Time-base Clock Prescale Bits. These bits determine part of the time-base clock prescale value. 0x0 = /1 (default on reset) 0x1 = /2 0x2 = /4 0x3 = /8 0x4 = /16 0x5 = /32 0x6 = /64 0x7 = /128" range="" rwaccess="RW"/>
    <bitfield id="HSPCLKDIV" width="3" begin="9" end="7" resetval="0x0" description="High-Speed Time-base Clock Prescale Bits. These bits determine part of the time-base clock prescale value. 0x0 = /1 0x1 = /2 (default on reset) 0x2 = /4 0x3 = /6 0x4 = /8 0x5 = /10 0x6 = /12 0x7 = /14" range="" rwaccess="RW"/>
    <bitfield id="SWFSYNC" width="1" begin="6" end="6" resetval="0x0" description="Software Forced Synchronization Pulse. 0x0 = Writing a 0 has no effect and reads always return a 0. 0x1 = Writing a 1 forces a one-time synchronization pulse to be generated. This event is ORed with the EPWM_SYNCI input of the ePWM module. SWFSYNC is valid (operates) only when EPWM_SYNCI is selected by SYNCOSEL = 00." range="" rwaccess="RW"/>
    <bitfield id="SYNCOSEL" width="2" begin="5" end="4" resetval="0x0" description="Synchronization Output Select. These bits select the source of the EPWM_SYNCO signal. 0x0 = EPWM_SYNC: 0x1 = TBCNT = 0: Time-base counter equal to zero ( 0x2 = TBCNT = CMPB : Time-base counter equal to counter-compare B ( 0x3 = Disable EPWM_SYNCO signal" range="" rwaccess="RW"/>
    <bitfield id="PRDLD" width="1" begin="3" end="3" resetval="0x0" description="Active Period Register Load From Shadow Register Select 0x0 = The period register ( 0x1 = Load the" range="" rwaccess="RW"/>
    <bitfield id="PHSEN" width="1" begin="2" end="2" resetval="0x0" description="Counter Register Load From Phase Register Enable 0x0 = Do not load the time-base counter ( 0x1 = Load the time-base counter with the phase register when an EPWM_SYNCI input signal occurs or when a software synchronization is forced by the SWFSYNC bit." range="" rwaccess="RW"/>
    <bitfield id="CTRMODE" width="2" begin="1" end="0" resetval="0x0" description="Counter Mode. The time-base counter mode is normally configured once and not changed during normal operation. If you change the mode of the counter, the change will take effect at the next TBCLK edge and the current counter value shall increment or decrement from the value before the mode change. These bits set the time-base counter mode of operation as follows: 0x0 = Up-count mode 0x1 = Down-count mode 0x2 = Up-down-count mode 0x3 = Stop-freeze counter operation (default on reset)" range="" rwaccess="RW"/>
  </register>
  <register id="EPWM_TBSTS" acronym="EPWM_TBSTS" offset="0x2" width="16" description="">
    <bitfield id="RESERVED" width="13" begin="15" end="3" resetval="0x0000" description="" range="" rwaccess="R"/>
    <bitfield id="CTRMAX" width="1" begin="2" end="2" resetval="0x0" description="Time-Base Counter Max Latched Status Bit. 0x0 = Reading a 0 indicates the time-base counter never reached its maximum value. Writing a 0 will have no effect. 0x1 = Reading a 1 on this bit indicates that the time-base counter reached the max value 0xFFFF. Writing a 1 to this bit will clear the latched event." range="" rwaccess="RW1C"/>
    <bitfield id="SYNCI" width="1" begin="1" end="1" resetval="0x0" description="Input Synchronization Latched Status Bit. 0x0 = Writing a 0 will have no effect. Reading a 0 indicates no external synchronization event has occurred. 0x1 = Reading a 1 on this bit indicates that an external synchronization event has occurred (EPWM_SYNCI). Writing a 1 to this bit will clear the latched event." range="" rwaccess="RW1C"/>
    <bitfield id="CTRDIR" width="1" begin="0" end="0" resetval="0x0" description="Time-Base Counter Direction Status Bit. At reset, the counter is frozen, therefore, this bit has no meaning. To make this bit meaningful, you must first set the appropriate mode via 0x0 = Time-Base Counter is currently counting down. 0x1 = Time-Base Counter is currently counting up." range="" rwaccess="R"/>
  </register>
  <register id="HRPWM_TBPHSHR" acronym="HRPWM_TBPHSHR" offset="0x4" width="16" description="">
    <bitfield id="TBPHSH" width="8" begin="15" end="8" resetval="0x0" description="Time-base phase high-resolution bits" range="" rwaccess="RW"/>
    <bitfield id="RESERVED" width="8" begin="7" end="0" resetval="0x0" description="" range="" rwaccess="R"/>
  </register>
  <register id="EPWM_TBPHS" acronym="EPWM_TBPHS" offset="0x6" width="16" description="">
    <bitfield id="TBPHS" width="16" begin="15" end="0" resetval="0x0" description="These bits set time-base counter phase of the ePWM relative to the time-base that is supplying the synchronization input signal. (a) If" range="" rwaccess="RW"/>
  </register>
  <register id="EPWM_TBCNT" acronym="EPWM_TBCNT" offset="0x8" width="16" description="">
    <bitfield id="TBCNT" width="16" begin="15" end="0" resetval="0x0" description="Reading these bits gives the current time-base counter value. Writing to these bits sets the current time-base counter value. The update happens as soon as the write occurs. The write is NOT synchronized to the time-base clock (TBCLK) and the register is not shadowed." range="" rwaccess="RW"/>
  </register>
  <register id="EPWM_TBPRD" acronym="EPWM_TBPRD" offset="0xA" width="16" description="">
    <bitfield id="TBPRD" width="16" begin="15" end="0" resetval="0x0" description="These bits determine the period of the time-base counter. This sets the PWM frequency. Shadowing of this register is enabled and disabled by the" range="" rwaccess="RW"/>
  </register>
  <register id="EPWM_CMPCTL" acronym="EPWM_CMPCTL" offset="0xE" width="16" description="">
    <bitfield id="RESERVED" width="6" begin="15" end="10" resetval="0x0" description="" range="" rwaccess="R"/>
    <bitfield id="SHDWBFULL" width="1" begin="9" end="9" resetval="0x0" description="Counter-compare B ( 0x0 = CMPB shadow FIFO not full yet 0x1 = Indicates the CMPB shadow FIFO is full. A CPU write will overwrite current shadow value." range="" rwaccess="R"/>
    <bitfield id="SHDWAFULL" width="1" begin="8" end="8" resetval="0x0" description="Counter-compare A ( 0x0 = CMPA shadow FIFO not full yet 0x1 = Indicates the CMPA shadow FIFO is full, a CPU write will overwrite the current shadow value." range="" rwaccess="R"/>
    <bitfield id="RESERVED" width="1" begin="7" end="7" resetval="0x0" description="" range="" rwaccess="R"/>
    <bitfield id="SHDWBMODE" width="1" begin="6" end="6" resetval="0x0" description="Counter-compare B ( 0x0 = Shadow mode. Operates as a double buffer. All writes via the CPU access the shadow register. 0x1 = Immediate mode. Only the active compare B register is used. All writes and reads directly access the active register for immediate compare action." range="" rwaccess="RW"/>
    <bitfield id="RESERVED" width="1" begin="5" end="5" resetval="0x0" description="" range="" rwaccess="R"/>
    <bitfield id="SHDWAMODE" width="1" begin="4" end="4" resetval="0x0" description="Counter-compare A ( 0x0 = Shadow mode. Operates as a double buffer. All writes via the CPU access the shadow register. 0x1 = Immediate mode. Only the active compare register is used. All writes and reads directly access the active register for immediate compare action" range="" rwaccess="RW"/>
    <bitfield id="LOADBMODE" width="2" begin="3" end="2" resetval="0x0" description="Active Counter-Compare B (CMPB) Load From Shadow Select Mode. This bit has no effect in immediate mode ( 0x0 = Load on TBCNT = 0: Time-base counter equal to zero ( 0x1 = Load on TBCNT = PRD: Time-base counter equal to period ( 0x2 = Load on either TBCNT = 0 or TBCNT = PRD 0x3 = Freeze (no loads possible)" range="" rwaccess="RW"/>
    <bitfield id="LOADAMODE" width="2" begin="1" end="0" resetval="0x0" description="Active Counter-Compare A ( 0x0 = Load on TBCNT = 0: Time-base counter equal to zero ( 0x1 = Load on TBCNT = PRD: Time-base counter equal to period ( 0x2 = Load on either TBCNT = 0 or TBCNT = PRD 0x3 = Freeze (no loads possible)" range="" rwaccess="RW"/>
  </register>
  <register id="HRPWM_CMPAHR" acronym="HRPWM_CMPAHR" offset="0x10" width="16" description="">
    <bitfield id="CMPAHR" width="8" begin="15" end="8" resetval="0x1" description="Compare A High-Resolution register bits for MEP step control. A minimum value of 1h is needed to enable HRPWM capabilities. Valid MEP range of operation 1-255h." range="" rwaccess="RW"/>
    <bitfield id="RESERVED" width="8" begin="7" end="0" resetval="0x0" description="" range="" rwaccess="R"/>
  </register>
  <register id="EPWM_CMPA" acronym="EPWM_CMPA" offset="0x12" width="16" description="">
    <bitfield id="CMPA" width="16" begin="15" end="0" resetval="0x0" description="The value in the active" range="" rwaccess="RW"/>
  </register>
  <register id="EPWM_CMPB" acronym="EPWM_CMPB" offset="0x14" width="16" description="">
    <bitfield id="CMPB" width="16" begin="15" end="0" resetval="0x0" description="The value in the active" range="" rwaccess="RW"/>
  </register>
  <register id="EPWM_AQCTLA" acronym="EPWM_AQCTLA" offset="0x16" width="16" description="">
    <bitfield id="RESERVED" width="4" begin="15" end="12" resetval="0x0" description="" range="" rwaccess="R"/>
    <bitfield id="CBD" width="2" begin="11" end="10" resetval="0x0" description="Action when the time-base counter equals the active 0x0 = Do nothing (action disabled) 0x1 = Clear: force EPWM1A output low. 0x2 = Set: force EPWM1A output high. 0x3 = Toggle EPWM1A output: low output signal will be forced high, and a high signal will be forced low." range="" rwaccess="RW"/>
    <bitfield id="CBU" width="2" begin="9" end="8" resetval="0x0" description="Action when the counter equals the active 0x0 = Do nothing (action disabled) 0x1 = Clear: force EPWM1A output low. 0x2 = Set: force EPWM1A output high. 0x3 = Toggle EPWM1A output: low output signal will be forced high, and a high signal will be forced low." range="" rwaccess="RW"/>
    <bitfield id="CAD" width="2" begin="7" end="6" resetval="0x0" description="Action when the counter equals the active 0x0 = Do nothing (action disabled) 0x1 = Clear: force EPWM1A output low. 0x2 = Set: force EPWM1A output high. 0x3 = Toggle EPWM1A output: low output signal will be forced high, and a high signal will be forced low." range="" rwaccess="RW"/>
    <bitfield id="CAU" width="2" begin="5" end="4" resetval="0x0" description="Action when the counter equals the active 0x0 = Do nothing (action disabled) 0x1 = Clear: force EPWM1A output low. 0x2 = Set: force EPWM1A output high. 0x3 = Toggle EPWM1A output: low output signal will be forced high, and a high signal will be forced low." range="" rwaccess="RW"/>
    <bitfield id="PRD" width="2" begin="3" end="2" resetval="0x0" description="Action when the counter equals the period. Note: By definition, in count up-down mode when the counter equals period the direction is defined as 0 or counting down. 0x0 = Do nothing (action disabled) 0x1 = Clear: force EPWM1A output low. 0x2 = Set: force EPWM1A output high. 0x3 = Toggle EPWM1A output: low output signal will be forced high, and a high signal will be forced low." range="" rwaccess="RW"/>
    <bitfield id="ZRO" width="2" begin="1" end="0" resetval="0x0" description="Action when counter equals zero. Note: By definition, in count up-down mode when the counter equals 0 the direction is defined as 1 or counting up. 0x0 = Do nothing (action disabled) 0x1 = Clear: force EPWM1A output low. 0x2 = Set: force EPWM1A output high. 0x3 = Toggle EPWM1A output: low output signal will be forced high, and a high signal will be forced low." range="" rwaccess="RW"/>
  </register>
  <register id="EPWM_AQCTLB" acronym="EPWM_AQCTLB" offset="0x18" width="16" description="">
    <bitfield id="RESERVED" width="4" begin="15" end="12" resetval="0x0" description="" range="" rwaccess="R"/>
    <bitfield id="CBD" width="2" begin="11" end="10" resetval="0x0" description="Action when the counter equals the active 0x0 = Do nothing (action disabled) 0x1 = Clear: force EPWM1B output low. 0x2 = Set: force EPWM1B output high. 0x3 = Toggle EPWM1B output: low output signal will be forced high, and a high signal will be forced low." range="" rwaccess="RW"/>
    <bitfield id="CBU" width="2" begin="9" end="8" resetval="0x0" description="Action when the counter equals the active 0x0 = Do nothing (action disabled) 0x1 = Clear: force EPWM1B output low. 0x2 = Set: force EPWM1B output high. 0x3 = Toggle EPWM1B output: low output signal will be forced high, and a high signal will be forced low." range="" rwaccess="RW"/>
    <bitfield id="CAD" width="2" begin="7" end="6" resetval="0x0" description="Action when the counter equals the active 0x0 = Do nothing (action disabled) 0x1 = Clear: force EPWM1B output low. 0x2 = Set: force EPWM1B output high. 0x3 = Toggle EPWM1B output: low output signal will be forced high, and a high signal will be forced low." range="" rwaccess="RW"/>
    <bitfield id="CAU" width="2" begin="5" end="4" resetval="0x0" description="Action when the counter equals the active 0x0 = Do nothing (action disabled) 0x1 = Clear: force EPWM1B output low. 0x2 = Set: force EPWM1B output high. 0x3 = Toggle EPWM1B output: low output signal will be forced high, and a high signal will be forced low." range="" rwaccess="RW"/>
    <bitfield id="PRD" width="2" begin="3" end="2" resetval="0x0" description="Action when the counter equals the period. Note: By definition, in count up-down mode when the counter equals period the direction is defined as 0 or counting down. 0x0 = Do nothing (action disabled) 0x1 = Clear: force EPWM1B output low. 0x2 = Set: force EPWM1B output high. 0x3 = Toggle EPWM1B output: low output signal will be forced high, and a high signal will be forced low." range="" rwaccess="RW"/>
    <bitfield id="ZRO" width="2" begin="1" end="0" resetval="0x0" description="Action when counter equals zero. Note: By definition, in count up-down mode when the counter equals 0 the direction is defined as 1 or counting up. 0x0 = Do nothing (action disabled) 0x1 = Clear: force EPWM1B output low. 0x2 = Set: force EPWM1B output high. 0x3 = Toggle EPWM1B output: low output signal will be forced high, and a high signal will be forced low." range="" rwaccess="RW"/>
  </register>
  <register id="EPWM_AQSFRC" acronym="EPWM_AQSFRC" offset="0x1A" width="16" description="">
    <bitfield id="RESERVED" width="8" begin="15" end="8" resetval="0x0" description="" range="" rwaccess="R"/>
    <bitfield id="RLDCSF" width="2" begin="7" end="6" resetval="0x0" description="0x0 = Load on event counter equals zero 0x1 = Load on event counter equals period 0x2 = Load on event counter equals zero or counter equals period 0x3 = Load immediately (the active register is directly accessed by the CPU and is not loaded from the shadow register)." range="" rwaccess="RW"/>
    <bitfield id="OTSFB" width="1" begin="5" end="5" resetval="0x0" description="One-Time Software Forced Event on Output B. 0x0 = Writing a 0 (zero) has no effect. Always reads back a 0. This bit is auto cleared once a write to this register is complete, that is, a forced event is initiated. This is a one-shot forced event. It can be overridden by another subsequent event on output B. 0x1 = Initiates a single s/w forced event" range="" rwaccess="RW"/>
    <bitfield id="ACTSFB" width="2" begin="4" end="3" resetval="0x0" description="Action when One-Time Software Force B Is invoked 0x0 = Does nothing (action disabled) 0x1 = Clear (low) 0x2 = Set (high) 0x3 = Toggle (Low -&amp;amp;gt; High, High -&amp;amp;gt; Low). Note: This action is not qualified by counter direction (CNT_dir)" range="" rwaccess="RW"/>
    <bitfield id="OTSFA" width="1" begin="2" end="2" resetval="0x0" description="One-Time Software Forced Event on Output A. 0x0 = Writing a 0 (zero) has no effect. Always reads back a 0. This bit is auto cleared once a write to this register is complete (that is, a forced event is initiated). 0x1 = Initiates a single software forced event." range="" rwaccess="RW"/>
    <bitfield id="ACTSFA" width="2" begin="1" end="0" resetval="0x0" description="Action When One-Time Software Force A Is Invoked. 0x0 = Does nothing (action disabled). 0x1 = Clear (low). 0x2 = Set (high). 0x3 = Toggle (Low -&amp;amp;gt; High, High -&amp;amp;gt; Low). Note: This action is not qualified by counter direction (CNT_dir)" range="" rwaccess="RW"/>
  </register>
  <register id="EPWM_AQCSFRC" acronym="EPWM_AQCSFRC" offset="0x1C" width="16" description="">
    <bitfield id="RESERVED" width="12" begin="15" end="4" resetval="0x0" description="" range="" rwaccess="R"/>
    <bitfield id="CSFB" width="2" begin="3" end="2" resetval="0x0" description="Continuous Software Force on Output B. In immediate mode, a continuous force takes effect on the next TBCLK edge. In shadow mode, a continuous force takes effect on the next TBCLK edge after a shadow load into the active register. To configure shadow mode, use 0x0 = Forcing disabled, that is, has no effect 0x1 = Forces a continuous low on output B 0x2 = Forces a continuous high on output B 0x3 = Software forcing is disabled and has no effect" range="" rwaccess="RW"/>
    <bitfield id="CSFA" width="2" begin="1" end="0" resetval="0x0" description="Continuous Software Force on Output A In immediate mode, a continuous force takes effect on the next TBCLK edge. In shadow mode, a continuous force takes effect on the next TBCLK edge after a shadow load into the active register. 0x0 = Forcing disabled, that is, has no effect 0x1 = Forces a continuous low on output A 0x2 = Forces a continuous high on output A 0x3 = Software forcing is disabled and has no effect" range="" rwaccess="RW"/>
  </register>
  <register id="EPWM_DBCTL" acronym="EPWM_DBCTL" offset="0x1E" width="16" description="">
    <bitfield id="RESERVED" width="10" begin="15" end="6" resetval="0x0" description="" range="" rwaccess="R"/>
    <bitfield id="IN_MODE" width="2" begin="5" end="4" resetval="0x0" description="Dead Band Input Mode Control. Bit 5 controls the S5 switch and bit 4 controls the S4 switch. This allows you to select the input source to the falling-edge and rising-edge delay. To produce classical dead-band waveforms, the default is EPWM1A In is the source for both falling and rising-edge delays. 0x0 = EPWM1A In (from the action-qualifier) is the source for both falling-edge and rising-edge delay. 0x1 = EPWM1B In (from the action-qualifier) is the source for rising-edge delayed signal. EPWM1A In (from the action-qualifier) is the source for falling-edge delayed signal. 0x2 = EPWM1A In (from the action-qualifier) is the source for rising-edge delayed signal. EPWM1B In (from the action-qualifier) is the source for falling-edge delayed signal. 0x3 = EPWM1B In (from the action-qualifier) is the source for both rising-edge delay and falling-edge delayed signal." range="" rwaccess="RW"/>
    <bitfield id="POLSEL" width="2" begin="3" end="2" resetval="0x0" description="Polarity Select Control. Bit 3 controls the S3 switch and bit 2 controls the S2 switch. This allows you to selectively invert one of the delayed signals before it is sent out of the dead-band submodule. The following descriptions correspond to classical upper/lower switch control as found in one leg of a digital motor control inverter. These assume that 0x0 = Active high (AH) mode. Neither EPWM1A nor EPWM1B is inverted (default). 0x1 = Active low complementary (ALC) mode. EPWM1A is inverted. 0x2 = Active high complementary (AHC). EPWM1B is inverted. 0x3 = Active low (AL) mode. Both EPWM1A and EPWM1B are inverted." range="" rwaccess="RW"/>
    <bitfield id="OUT_MODE" width="2" begin="1" end="0" resetval="0x0" description="Dead-band Output Mode Control. Bit 1 controls the S1 switch and bit 0 controls the S0 switch. This allows you to selectively enable or bypass the dead-band generation for the falling-edge and rising-edge delay. 0x0 = Dead-band generation is bypassed for both output signals. In this mode, both the EPWM1A and EPWM1B output signals from the action-qualifier are passed directly to the PWM-chopper submodule. In this mode, the POLSEL and IN_MODE bits have no effect. 0x1 = Disable rising-edge delay. The EPWM1A signal from the action-qualifier is passed straight through to the EPWM1A input of the PWM-chopper submodule. The falling-edge delayed signal is seen on output EPWM1B. The input signal for the delay is determined by 0x2 = Disable falling-edge delay. The EPWM1B signal from the action-qualifier is passed straight through to the EPWM1B input of the PWM-chopper submodule. The rising-edge delayed signal is seen on output EPWM1A. The input signal for the delay is determined by 0x3 = Dead-band is fully enabled for both rising-edge delay on output EPWM1A and falling-edge delay on output EPWM1B. The input signal for the delay is determined by" range="" rwaccess="RW"/>
  </register>
  <register id="EPWM_DBRED" acronym="EPWM_DBRED" offset="0x20" width="16" description="">
    <bitfield id="RESERVED" width="6" begin="15" end="10" resetval="0x0" description="" range="" rwaccess="R"/>
    <bitfield id="DEL" width="10" begin="9" end="0" resetval="0x0" description="Rising Edge Delay Count. 10 bit counter." range="" rwaccess="RW"/>
  </register>
  <register id="EPWM_DBFED" acronym="EPWM_DBFED" offset="0x22" width="16" description="">
    <bitfield id="RESERVED" width="6" begin="15" end="10" resetval="0x0" description="" range="" rwaccess="R"/>
    <bitfield id="DEL" width="10" begin="9" end="0" resetval="0x0" description="Falling Edge Delay Count. 10 bit counter" range="" rwaccess="RW"/>
  </register>
  <register id="EPWM_TZSEL" acronym="EPWM_TZSEL" offset="0x24" width="16" description="">
    <bitfield id="OSHTN" width="8" begin="15" end="8" resetval="0x0" description="Trip-zone n (TZn) select. One-Shot (OSHT) trip-zone enable/disable. When any of the enabled pins go low, a one-shot trip event occurs for this ePWM module. When the event occurs, the action defined in the 0x0 = Disable TZn as a one-shot trip source for this ePWM module. 0x1 = Enable TZn as a one-shot trip source for this ePWM module." range="" rwaccess="RW"/>
    <bitfield id="RESERVED" width="7" begin="7" end="1" resetval="0x00" description="" range="" rwaccess="R"/>
    <bitfield id="CBC0" width="1" begin="0" end="0" resetval="0x0" description="Trip-zone 0 (TZ0) select. Cycle-by-Cycle (CBC) trip-zone enable/disable. When any of the enabled pins go low, a cycle-by-cycle trip event occurs for this ePWM module. When the event occurs, the action defined in the 0x0 = Disable TZ0 as a CBC trip source for this ePWM module. 0x1 = Enable TZ0 as a CBC trip source for this ePWM module." range="" rwaccess="RW"/>
  </register>
  <register id="EPWM_TZCTL" acronym="EPWM_TZCTL" offset="0x28" width="16" description="">
    <bitfield id="RESERVED" width="12" begin="15" end="4" resetval="0x0" description="" range="" rwaccess="R"/>
    <bitfield id="TZB" width="2" begin="3" end="2" resetval="0x0" description="When a trip event occurs the following action is taken on output EPWM1B. Which trip-zone pins can cause an event is defined in the 0x0 = High impedance (EPWM1B = High-impedance state) 0x1 = Force EPWM1B to a high state 0x2 = Force EPWM1B to a low state 0x3 = Do nothing, no action is taken on EPWM1B." range="" rwaccess="RW"/>
    <bitfield id="TZA" width="2" begin="1" end="0" resetval="0x0" description="When a trip event occurs the following action is taken on output EPWM1A. Which trip-zone pins can cause an event is defined in the 0x0 = High impedance (EPWM1A = High-impedance state) 0x1 = Force EPWM1A to a high state 0x2 = Force EPWM1A to a low state 0x3 = Do nothing, no action is taken on EPWM1A." range="" rwaccess="RW"/>
  </register>
  <register id="EPWM_TZEINT" acronym="EPWM_TZEINT" offset="0x2A" width="16" description="">
    <bitfield id="RESERVED" width="13" begin="15" end="3" resetval="0x0" description="" range="" rwaccess="R"/>
    <bitfield id="OST" width="1" begin="2" end="2" resetval="0x0" description="Trip-zone One-Shot Interrupt Enable 0x0 = Disable one-shot interrupt generation 0x1 = Enable Interrupt generation; a one-shot trip event will cause a ePWM0_TZINT interrupt." range="" rwaccess="RW"/>
    <bitfield id="CBC" width="1" begin="1" end="1" resetval="0x0" description="Trip-zone Cycle-by-Cycle Interrupt Enable 0x0 = Disable cycle-by-cycle interrupt generation. 0x1 = Enable interrupt generation; a cycle-by-cycle trip event will cause an ePWM0_TZINT interrupt." range="" rwaccess="RW"/>
    <bitfield id="RESERVED" width="1" begin="0" end="0" resetval="0x0" description="" range="" rwaccess="R"/>
  </register>
  <register id="EPWM_TZFLG" acronym="EPWM_TZFLG" offset="0x2C" width="16" description="">
    <bitfield id="RESERVED" width="13" begin="15" end="3" resetval="0x0" description="" range="" rwaccess="R"/>
    <bitfield id="OST" width="1" begin="2" end="2" resetval="0x0" description="Latched Status Flag for A One-Shot Trip Event. 0x0 = No one-shot trip event has occurred. 0x1 = Indicates a trip event has occurred on a pin selected as a one-shot trip source. This bit is cleared by writing the appropriate value to the" range="" rwaccess="R"/>
    <bitfield id="CBC" width="1" begin="1" end="1" resetval="0x0" description="Latched Status Flag for Cycle-By-Cycle Trip Event 0x0 = No cycle-by-cycle trip event has occurred. 0x1 = Indicates a trip event has occurred on a pin selected as a cycle-by-cycle trip source. The" range="" rwaccess="R"/>
    <bitfield id="INT" width="1" begin="0" end="0" resetval="0x0" description="Latched Trip Interrupt Status Flag 0x0 = Indicates no interrupt has been generated. 0x1 = Indicates an ePWM0_TZINT interrupt was generated because of a trip condition. No further ePWM0_TZINT interrupts will be generated until this flag is cleared. If the interrupt flag is cleared when either CBC or OST is set, then another interrupt pulse will be generated. Clearing all flag bits will prevent further interrupts. This bit is cleared by writing the appropriate value to the" range="" rwaccess="R"/>
  </register>
  <register id="EPWM_TZCLR" acronym="EPWM_TZCLR" offset="0x2E" width="16" description="">
    <bitfield id="RESERVED" width="13" begin="15" end="3" resetval="0x0" description="" range="" rwaccess="R"/>
    <bitfield id="OST" width="1" begin="2" end="2" resetval="0x0" description="Clear Flag for One-Shot Trip (OST) Latch 0x0 = Has no effect. Always reads back a 0. 0x1 = Clears this Trip (set) condition." range="" rwaccess="RW"/>
    <bitfield id="CBC" width="1" begin="1" end="1" resetval="0x0" description="Clear Flag for Cycle-By-Cycle (CBC) Trip Latch 0x0 = Has no effect. Always reads back a 0. 0x1 = Clears this Trip (set) condition." range="" rwaccess="RW"/>
    <bitfield id="INT" width="1" begin="0" end="0" resetval="0x0" description="Global Interrupt Clear Flag 0x0 = Has no effect. Always reads back a 0. 0x1 = Clears the trip-interrupt flag for this ePWM module (" range="" rwaccess="RW"/>
  </register>
  <register id="EPWM_TZFRC" acronym="EPWM_TZFRC" offset="0x30" width="16" description="">
    <bitfield id="RESERVED" width="13" begin="15" end="3" resetval="0x0" description="" range="" rwaccess="R"/>
    <bitfield id="OST" width="1" begin="2" end="2" resetval="0x0" description="Force a One-Shot Trip Event via Software 0x0 = Writing of 0 is ignored. Always reads back a 0. 0x1 = Forces a one-shot trip event and sets the" range="" rwaccess="RW"/>
    <bitfield id="CBC" width="1" begin="1" end="1" resetval="0x0" description="Force a Cycle-by-Cycle Trip Event via Software 0x0 = Writing of 0 is ignored. Always reads back a 0. 0x1 = Forces a cycle-by-cycle trip event and sets the" range="" rwaccess="RW"/>
    <bitfield id="RESERVED" width="1" begin="0" end="0" resetval="0x0" description="" range="" rwaccess="R"/>
  </register>
  <register id="EPWM_ETSEL" acronym="EPWM_ETSEL" offset="0x32" width="16" description="">
    <bitfield id="RESERVED" width="12" begin="15" end="4" resetval="0x0" description="" range="" rwaccess="R"/>
    <bitfield id="INTEN" width="1" begin="3" end="3" resetval="0x0" description="Enable ePWM Interrupt (ePWM0INT) Generation 0x0 = Disable ePWM0INT generation 0x1 = Enable ePWM0INT generation" range="" rwaccess="RW"/>
    <bitfield id="INTSEL" width="3" begin="2" end="0" resetval="0x0" description="ePWM Interrupt (ePWM0INT) Selection Options 0x0 = Reserved 0x1 = Enable event time-base counter equal to zero. (TBCNT = 0000h) 0x2 = Enable event time-base counter equal to period (TBCNT = TBPRD) 0x3 = Reserved 0x4 = Enable event time-base counter equal to CMPA when the timer is incrementing. 0x5 = Enable event time-base counter equal to CMPA when the timer is decrementing. 0x6 = Enable event: time-base counter equal to CMPB when the timer is incrementing. 0x7 = Enable event: time-base counter equal to CMPB when the timer is decrementing." range="" rwaccess="RW"/>
  </register>
  <register id="EPWM_ETPS" acronym="EPWM_ETPS" offset="0x34" width="16" description="">
    <bitfield id="RESERVED" width="12" begin="15" end="4" resetval="0x0" description="" range="" rwaccess="R"/>
    <bitfield id="INTCNT" width="2" begin="3" end="2" resetval="0x0" description="ePWM Interrupt Event (ePWM0INT) Counter Register. These bits indicate how many selected 0x0 = No events have occurred. 0x1 = 1 event has occurred. 0x2 = 2 events have occurred. 0x3 = 3 events have occurred." range="" rwaccess="R"/>
    <bitfield id="INTPRD" width="2" begin="1" end="0" resetval="0x0" description="ePWM Interrupt (ePWM0INT) Period Select. These bits determine how many selected 0x0 = Disable the interrupt event counter. No interrupt will be generated and 0x1 = Generate an interrupt on the first event INTCNT = 01 (first event) 0x2 = Generate interrupt on 0x3 = Generate interrupt on" range="" rwaccess="RW"/>
  </register>
  <register id="EPWM_ETFLG" acronym="EPWM_ETFLG" offset="0x36" width="16" description="">
    <bitfield id="RESERVED" width="15" begin="15" end="1" resetval="0x0" description="" range="" rwaccess="R"/>
    <bitfield id="INT" width="1" begin="0" end="0" resetval="0x0" description="Latched ePWM Interrupt (EPWM_INT) Status Flag 0x0 = Indicates no event occurred 0x1 = Indicates that an ePWM interrupt (EWPM_INT) was generated. No further interrupts will be generated until the flag bit is cleared. Up to one interrupt can be pending while the" range="" rwaccess="R"/>
  </register>
  <register id="EPWM_ETCLR" acronym="EPWM_ETCLR" offset="0x38" width="16" description="">
    <bitfield id="RESERVED" width="15" begin="15" end="1" resetval="0x0" description="" range="" rwaccess="R"/>
    <bitfield id="INT" width="1" begin="0" end="0" resetval="0x0" description="ePWM Interrupt (ePWM0INT) Flag Clear Bit 0x0 = Writing a 0 has no effect. Always reads back a 0. 0x1 = Writing 1 clears the" range="" rwaccess="RW"/>
  </register>
  <register id="EPWM_ETFRC" acronym="EPWM_ETFRC" offset="0x3A" width="16" description="">
    <bitfield id="RESERVED" width="15" begin="15" end="1" resetval="0x0" description="" range="" rwaccess="R"/>
    <bitfield id="INT" width="1" begin="0" end="0" resetval="0x0" description="INT Force Bit. The interrupt will only be generated if the event is enabled in the 0x0 = Writing 0 to this bit will be ignored. Always reads back a 0. 0x1 = Writing 1 generates an interrupt on ePWM0INT and set the INT flag bit. This bit is used for test purposes." range="" rwaccess="RW"/>
  </register>
  <register id="EPWM_PCCTL" acronym="EPWM_PCCTL" offset="0x3C" width="16" description="">
    <bitfield id="RESERVED" width="5" begin="15" end="11" resetval="0x0" description="" range="" rwaccess="R"/>
    <bitfield id="CHPDUTY" width="3" begin="10" end="8" resetval="0x0" description="Chopping Clock Duty Cycle 0x0 = Duty = 1/8 (12.5%) 0x1 = Duty = 2/8 (25.0%) 0x2 = Duty = 3/8 (37.5%) 0x3 = Duty = 4/8 (50.0%) 0x4 = Duty = 5/8 (62.5%) 0x5 = Duty = 6/8 (75.0%) 0x6 = Duty = 7/8 (87.5%) 0x7 = Reserved." range="" rwaccess="RW"/>
    <bitfield id="CHPFREQ" width="3" begin="7" end="5" resetval="0x0" description="Chopping Clock Frequency 0x0 = Divide by 1 (no prescale). 0x1 = Divide by 2. 0x2 = Divide by 3. 0x3 = Divide by 4. 0x4 = Divide by 5. 0x5 = Divide by 6. 0x6 = Divide by 7. 0x7 = Divide by 8." range="" rwaccess="RW"/>
    <bitfield id="OSHTWTH" width="4" begin="4" end="1" resetval="0x0" description="One-Shot Pulse Width 0x0 = 1 - SYSCLKOUT/8 wide 0x1 = 2 - SYSCLKOUT/8 wide 0x2 = 3 - SYSCLKOUT/8 wide 0x3 = 4 - SYSCLKOUT/8 wide 0xF = 16 - SYSCLKOUT/8 wide" range="" rwaccess="RW"/>
    <bitfield id="CHPEN" width="1" begin="0" end="0" resetval="0x0" description="PWM-chopping Enable 0x0 = Disable (bypass) PWM chopping function 0x1 = Enable chopping function" range="" rwaccess="RW"/>
  </register>
  <register id="HRPWM_HRCTL" acronym="HRPWM_HRCTL" offset="0xC0" width="16" description="">
    <bitfield id="RESERVED" width="12" begin="15" end="4" resetval="0x0" description="" range="" rwaccess="R"/>
    <bitfield id="PULSESEL" width="1" begin="3" end="3" resetval="0x0" description="Pulse select bits. Selects which pulse to use for timing events in the HRPWM module. Note: The user needs to select the pulse to match the selection in the EPWM module. If TBPHSHR bus is selected, then CNT_zero pulse should be used. If COMPAHR bus is selected, then it should match the bit setting of the 0x0 = Select CNT_zero pulse 0x1 = Select PRD_eq pulse" range="" rwaccess="RW"/>
    <bitfield id="DELBUSSEL" width="1" begin="2" end="2" resetval="0x0" description="Delay Bus Select Bit: Selects which bus is used to select the delay for the PWM pulse. 0x0 = Select CMPAHR(8) bus from compare module of EPWM (default on reset). 0x1 = Select TBPHSHR(8) bus from time base module." range="" rwaccess="RW"/>
    <bitfield id="DELMODE" width="2" begin="1" end="0" resetval="0x0" description="Delay Mode Bits: Selects which edge of the PWM pulse the delay is inserted. Note: When DELMODE = 0b00, the HRCALM[CALMODE] bits are ignored and the delay line is in by-pass mode. Additionally, DLYIN is connected to CALIN and a continuous low value is fed to the delay line to minimize activity in the module. 0x0 = No delay inserted (default on reset) 0x1 = Delay inserted rising edge 0x2 = Delay inserted falling edge 0x3 = Delay inserted on both edges" range="" rwaccess="RW"/>
  </register>
</module>
