<module name="RTC_PRM" acronym="" XML_version="1.0" HW_revision="n/a" description="">
  <register id="PM_RTC_RTCSS_WKDEP" acronym="PM_RTC_RTCSS_WKDEP" offset="0x0" width="32" description="This register controls wakeup dependency based on RTCSS service requests.">
    <bitfield id="RESERVED" width="12" begin="31" end="20" resetval="0x0" description="" range="" rwaccess="R"/>
    <bitfield id="WKUPDEP_RTC_IRQ2_EVE4" width="1" begin="19" end="19" resetval="0x0" description="Wakeup dependency from RTCSS module (timer_swakeup signal) towards EVE4 + L3_MAIN1 + L4PER1 + L4PER2 + L4PER3 domains" range="" rwaccess="RW">
      <bitenum value="0" id="DISABLED" token="WKUPDEP_RTC_IRQ2_EVE4_0" description="Dependency is disabled"/>
      <bitenum value="1" id="ENABLED" token="WKUPDEP_RTC_IRQ2_EVE4_1" description="Dependency is enabled"/>
    </bitfield>
    <bitfield id="WKUPDEP_RTC_IRQ2_EVE3" width="1" begin="18" end="18" resetval="0x0" description="Wakeup dependency from RTCSS module (timer_swakeup signal) towards EVE3 + L3_MAIN1 + L4PER1 + L4PER2 + L4PER3 domains" range="" rwaccess="RW">
      <bitenum value="0" id="DISABLED" token="WKUPDEP_RTC_IRQ2_EVE3_0" description="Dependency is disabled"/>
      <bitenum value="1" id="ENABLED" token="WKUPDEP_RTC_IRQ2_EVE3_1" description="Dependency is enabled"/>
    </bitfield>
    <bitfield id="WKUPDEP_RTC_IRQ2_EVE2" width="1" begin="17" end="17" resetval="0x0" description="Wakeup dependency from RTCSS module (timer_swakeup signal) towards EVE2 + L3_MAIN1 + L4PER1 + L4PER2 + L4PER3 domains" range="" rwaccess="RW">
      <bitenum value="0" id="DISABLED" token="WKUPDEP_RTC_IRQ2_EVE2_0" description="Dependency is disabled"/>
      <bitenum value="1" id="ENABLED" token="WKUPDEP_RTC_IRQ2_EVE2_1" description="Dependency is enabled"/>
    </bitfield>
    <bitfield id="WKUPDEP_RTC_IRQ2_EVE1" width="1" begin="16" end="16" resetval="0x0" description="Wakeup dependency from RTCSS module (timer_swakeup signal) towards EVE1 + L3_MAIN1 + L4PER1 + L4PER2 + L4PER3 domains" range="" rwaccess="RW">
      <bitenum value="0" id="DISABLED" token="WKUPDEP_RTC_IRQ2_EVE1_0" description="Dependency is disabled"/>
      <bitenum value="1" id="ENABLED" token="WKUPDEP_RTC_IRQ2_EVE1_1" description="Dependency is enabled"/>
    </bitfield>
    <bitfield id="WKUPDEP_RTC_IRQ2_DSP2" width="1" begin="15" end="15" resetval="0x0" description="Wakeup dependency from RTCSS module (timer_swakeup signal) towards DSP2 + L3_MAIN1 + L4PER1 + L4PER2 + L4PER3 domains" range="" rwaccess="RW">
      <bitenum value="0" id="DISABLED" token="WKUPDEP_RTC_IRQ2_DSP2_0" description="Dependency is disabled"/>
      <bitenum value="1" id="ENABLED" token="WKUPDEP_RTC_IRQ2_DSP2_1" description="Dependency is enabled"/>
    </bitfield>
    <bitfield id="WKUPDEP_RTC_IRQ2_IPU1" width="1" begin="14" end="14" resetval="0x0" description="Wakeup dependency from RTCSS module (timer_swakeup signal) towards IPU1 + L3_MAIN1 + L4PER1 + L4PER2 + L4PER3 domains" range="" rwaccess="RW">
      <bitenum value="0" id="DISABLED" token="WKUPDEP_RTC_IRQ2_IPU1_0" description="Dependency is disabled"/>
      <bitenum value="1" id="ENABLED" token="WKUPDEP_RTC_IRQ2_IPU1_1" description="Dependency is enabled"/>
    </bitfield>
    <bitfield id="RESERVED" width="1" begin="13" end="13" resetval="0x0" description="" range="" rwaccess="R"/>
    <bitfield id="WKUPDEP_RTC_IRQ2_DSP1" width="1" begin="12" end="12" resetval="0x0" description="Wakeup dependency from RTCSS module (timer_swakeup signal) towards DSP + L3MAIN1 + L4PER1 + L4PER2 + L4PER3 domains" range="" rwaccess="RW">
      <bitenum value="0" id="DISABLED" token="WKUPDEP_RTC_IRQ2_DSP1_0" description="Dependency is disabled"/>
      <bitenum value="1" id="ENABLED" token="WKUPDEP_RTC_IRQ2_DSP1_1" description="Dependency is enabled"/>
    </bitfield>
    <bitfield id="WKUPDEP_RTC_IRQ2_IPU2" width="1" begin="11" end="11" resetval="0x0" description="Wakeup dependency from RTCSS module (timer_swakeup signal) towards IPU2 + L3_MAIN1 + L4PER1 + L4PER2 + L4PER3 domains" range="" rwaccess="RW">
      <bitenum value="0" id="DISABLED" token="WKUPDEP_RTC_IRQ2_IPU2_0" description="Dependency is disabled"/>
      <bitenum value="1" id="ENABLED" token="WKUPDEP_RTC_IRQ2_IPU2_1" description="Dependency is enabled"/>
    </bitfield>
    <bitfield id="WKUPDEP_RTC_IRQ2_MPU" width="1" begin="10" end="10" resetval="0x0" description="Wakeup dependency from RTCSS module (timer_swakeup signal) towards MPU + L3_MAIN1 + L4PER1 + L4PER2 + L4PER3 domains" range="" rwaccess="RW">
      <bitenum value="0" id="DISABLED" token="WKUPDEP_RTC_IRQ2_MPU_0" description="Dependency is disabled"/>
      <bitenum value="1" id="ENABLED" token="WKUPDEP_RTC_IRQ2_MPU_1" description="Dependency is enabled"/>
    </bitfield>
    <bitfield id="WKUPDEP_RTC_IRQ1_EVE4" width="1" begin="9" end="9" resetval="0x0" description="Wakeup dependency from RTCSS module (alarm_swakeup signal) towards EVE4 + L3_MAIN1 + L4PER1 + L4PER2 + L4PER3 domains" range="" rwaccess="RW">
      <bitenum value="0" id="DISABLED" token="WKUPDEP_RTC_IRQ1_EVE4_0" description="Dependency is disabled"/>
      <bitenum value="1" id="ENABLED" token="WKUPDEP_RTC_IRQ1_EVE4_1" description="Dependency is enabled"/>
    </bitfield>
    <bitfield id="WKUPDEP_RTC_IRQ1_EVE3" width="1" begin="8" end="8" resetval="0x0" description="Wakeup dependency from RTCSS module (alarm_swakeup signal) towards EVE3 + L3_MAIN1 + L4PER1 + L4PER2 + L4PER3 domains" range="" rwaccess="RW">
      <bitenum value="0" id="DISABLED" token="WKUPDEP_RTC_IRQ1_EVE3_0" description="Dependency is disabled"/>
      <bitenum value="1" id="ENABLED" token="WKUPDEP_RTC_IRQ1_EVE3_1" description="Dependency is enabled"/>
    </bitfield>
    <bitfield id="WKUPDEP_RTC_IRQ1_EVE2" width="1" begin="7" end="7" resetval="0x0" description="Wakeup dependency from RTCSS module (alarm_swakeup signal) towards EVE2 + L3_MAIN1 + L4PER1 + L4PER2 + L4PER3 domains" range="" rwaccess="RW">
      <bitenum value="0" id="DISABLED" token="WKUPDEP_RTC_IRQ1_EVE2_0" description="Dependency is disabled"/>
      <bitenum value="1" id="ENABLED" token="WKUPDEP_RTC_IRQ1_EVE2_1" description="Dependency is enabled"/>
    </bitfield>
    <bitfield id="WKUPDEP_RTC_IRQ1_EVE1" width="1" begin="6" end="6" resetval="0x0" description="Wakeup dependency from RTCSS module ( alarm_swakeup signal) towards EVE1 + L3_MAIN1 + L4PER1 + L4PER2 + L4PER3 domains" range="" rwaccess="RW">
      <bitenum value="0" id="DISABLED" token="WKUPDEP_RTC_IRQ1_EVE1_0" description="Dependency is disabled"/>
      <bitenum value="1" id="ENABLED" token="WKUPDEP_RTC_IRQ1_EVE1_1" description="Dependency is enabled"/>
    </bitfield>
    <bitfield id="WKUPDEP_RTC_IRQ1_DSP2" width="1" begin="5" end="5" resetval="0x0" description="Wakeup dependency from RTCSS module (alarm_swakeup signal) towards DSP2 + L3_MAIN1 + L4PER1 + L4PER2 + L4PER3 domains" range="" rwaccess="RW">
      <bitenum value="0" id="DISABLED" token="WKUPDEP_RTC_IRQ1_DSP2_0" description="Dependency is disabled"/>
      <bitenum value="1" id="ENABLED" token="WKUPDEP_RTC_IRQ1_DSP2_1" description="Dependency is enabled"/>
    </bitfield>
    <bitfield id="WKUPDEP_RTC_IRQ1_IPU1" width="1" begin="4" end="4" resetval="0x0" description="Wakeup dependency from RTCSS module (alarm_swakeup signal) towards IPU1 + L3_MAIN1 + L4PER1 + L4PER2 + L4PER3 domains" range="" rwaccess="RW">
      <bitenum value="0" id="DISABLED" token="WKUPDEP_RTC_IRQ1_IPU1_0" description="Dependency is disabled"/>
      <bitenum value="1" id="ENABLED" token="WKUPDEP_RTC_IRQ1_IPU1_1" description="Dependency is enabled"/>
    </bitfield>
    <bitfield id="RESERVED" width="1" begin="3" end="3" resetval="0x0" description="" range="" rwaccess="R"/>
    <bitfield id="WKUPDEP_RTC_IRQ1_DSP1" width="1" begin="2" end="2" resetval="0x0" description="Wakeup dependency from RTCSS module (alarm_swakeup signal) towards DSP + L3MAIN1 + L4PER1 + L4PER2 + L4PER3 domains" range="" rwaccess="RW">
      <bitenum value="0" id="DISABLED" token="WKUPDEP_RTC_IRQ1_DSP1_0" description="Dependency is disabled"/>
      <bitenum value="1" id="ENABLED" token="WKUPDEP_RTC_IRQ1_DSP1_1" description="Dependency is enabled"/>
    </bitfield>
    <bitfield id="WKUPDEP_RTC_IRQ1_IPU2" width="1" begin="1" end="1" resetval="0x0" description="Wakeup dependency from RTCSS module ( alarm_swakeup signal) towards IPU2 + L3_MAIN1 + L4PER1 + L4PER2 + L4PER3 domains" range="" rwaccess="RW">
      <bitenum value="0" id="DISABLED" token="WKUPDEP_RTC_IRQ1_IPU2_0" description="Dependency is disabled"/>
      <bitenum value="1" id="ENABLED" token="WKUPDEP_RTC_IRQ1_IPU2_1" description="Dependency is enabled"/>
    </bitfield>
    <bitfield id="WKUPDEP_RTC_IRQ1_MPU" width="1" begin="0" end="0" resetval="0x0" description="Wakeup dependency from RTCSS module (alarm_swakeup signal) towards MPU + L3_MAIN1 + L4PER1 + L4PER2 + L4PER3 domains" range="" rwaccess="RW">
      <bitenum value="0" id="DISABLED" token="WKUPDEP_RTC_IRQ1_MPU_0" description="Dependency is disabled"/>
      <bitenum value="1" id="ENABLED" token="WKUPDEP_RTC_IRQ1_MPU_1" description="Dependency is enabled"/>
    </bitfield>
  </register>
  <register id="RM_RTC_RTCSS_CONTEXT" acronym="RM_RTC_RTCSS_CONTEXT" offset="0x4" width="32" description="This register contains dedicated RTCSS context statuses. [warm reset insensitive]">
    <bitfield id="RESERVED" width="31" begin="31" end="1" resetval="0x0" description="" range="" rwaccess="R"/>
    <bitfield id="LOSTCONTEXT_DFF" width="1" begin="0" end="0" resetval="0x1" description="Specify if DFF-based context has been lost due to a previous power transition or other reset source. (set upon assertion of L4PER_RST signal)" range="" rwaccess="RW">
      <bitenum value="0" id="MAINTAINED" token="LOSTCONTEXT_DFF_0" description="Context has been maintained"/>
      <bitenum value="1" id="LOST" token="LOSTCONTEXT_DFF_1" description="Context has been lost"/>
    </bitfield>
  </register>
</module>
