<module name="RTC_CM_CORE_AON" acronym="" XML_version="1.0" HW_revision="n/a" description="">
  <register id="CM_RTC_CLKSTCTRL" acronym="CM_RTC_CLKSTCTRL" offset="0x0" width="32" description="This register enables the domain power state transition. It controls the HW supervised domain power state transition between ON-ACTIVE and ON-INACTIVE states. It also hold one status bit per clock input of the domain.">
    <bitfield id="RESERVED" width="21" begin="31" end="11" resetval="0x0" description="" range="" rwaccess="R"/>
    <bitfield id="CLKACTIVITY_RTC_AUX_CLK" width="1" begin="10" end="10" resetval="0x0" description="This field indicates the state of the RTC_AUX_CLK in the domain. [warm reset insensitive]" range="" rwaccess="R">
      <bitenum value="0" id="INACT" token="CLKACTIVITY_RTC_AUX_CLK_0" description="Corresponding clock is definitely gated"/>
      <bitenum value="1" id="ACT" token="CLKACTIVITY_RTC_AUX_CLK_1" description="Corresponding clock is running or gating/ungating transition is on-going"/>
    </bitfield>
    <bitfield id="RESERVED" width="1" begin="9" end="9" resetval="0x0" description="" range="" rwaccess="R"/>
    <bitfield id="CLKACTIVITY_RTC_L4_GICLK" width="1" begin="8" end="8" resetval="0x0" description="This field indicates the state of the RTC_L4_GICLK clock in the domain. [warm reset insensitive]" range="" rwaccess="R">
      <bitenum value="0" id="INACT" token="CLKACTIVITY_RTC_L4_GICLK_0" description="Corresponding clock is definitely gated"/>
      <bitenum value="1" id="ACT" token="CLKACTIVITY_RTC_L4_GICLK_1" description="Corresponding clock is running or gating/ungating transition is on-going"/>
    </bitfield>
    <bitfield id="RESERVED" width="6" begin="7" end="2" resetval="0x0" description="" range="" rwaccess="R"/>
    <bitfield id="CLKTRCTRL" width="2" begin="1" end="0" resetval="0x0" description="Controls the clock state transition of the WKUPAON clock domain." range="" rwaccess="RW">
      <bitenum value="0" id="NO_SLEEP" token="CLKTRCTRL_0" description="NO_SLEEP: Sleep transition cannot be initiated. Wakeup transition may however occur."/>
      <bitenum value="1" id="RESERVED_1" token="CLKTRCTRL_1" description="Reserved"/>
      <bitenum value="2" id="SW_WKUP" token="CLKTRCTRL_2" description="SW_WKUP: Start a software forced wake-up transition on the domain."/>
      <bitenum value="3" id="HW_AUTO" token="CLKTRCTRL_3" description="HW_AUTO: Automatic transition is enabled. Sleep and wakeup transition are based upon hardware conditions."/>
    </bitfield>
  </register>
  <register id="CM_RTC_RTCSS_CLKCTRL" acronym="CM_RTC_RTCSS_CLKCTRL" offset="0x4" width="32" description="This register manages the RTC clocks.">
    <bitfield id="RESERVED" width="14" begin="31" end="18" resetval="0x0" description="" range="" rwaccess="R"/>
    <bitfield id="IDLEST" width="2" begin="17" end="16" resetval="0x3" description="Module idle status. [warm reset insensitive]" range="" rwaccess="R">
      <bitenum value="0" id="FUNC" token="IDLEST_0" description="Module is fully functional, including OCP"/>
      <bitenum value="1" id="TRANS" token="IDLEST_1" description="Module is performing transition: wakeup, or sleep, or sleep abortion"/>
      <bitenum value="2" id="IDLE" token="IDLEST_2" description="Module is in Idle mode (only OCP part). It is functional if using separate functional clock"/>
      <bitenum value="3" id="DISABLE" token="IDLEST_3" description="Module is disabled and cannot be accessed"/>
    </bitfield>
    <bitfield id="RESERVED" width="14" begin="15" end="2" resetval="0x0" description="" range="" rwaccess="R"/>
    <bitfield id="MODULEMODE" width="2" begin="1" end="0" resetval="0x0" description="Control the way mandatory clocks are managed." range="" rwaccess="RW">
      <bitenum value="0" id="DISABLED" token="MODULEMODE_0" description="Module is disabled by SW. Any OCP access to module results in an error, except if resulting from a module wakeup (asynchronous wakeup)."/>
      <bitenum value="1" id="RESERVED_1" token="MODULEMODE_1" description="Reserved"/>
      <bitenum value="2" id="ENABLED" token="MODULEMODE_2" description="Module is explicitly enabled. Interface clock (if not used for functions) may be gated according to the clock domain state. Functional clocks are guaranteed to stay present. As long as in this configuration, power domain sleep transition cannot happen."/>
      <bitenum value="3" id="RESERVED" token="MODULEMODE_3" description="Reserved"/>
    </bitfield>
  </register>
</module>
