<module name="VIP_Slice0_sc" acronym="" XML_version="1.0" HW_revision="n/a" description="">
  <register id="VIP_CFG_SC0" acronym="VIP_CFG_SC0" offset="0x0" width="32" description="">
    <bitfield id="RESERVED" width="15" begin="31" end="17" resetval="0x0" description="" range="" rwaccess="R"/>
    <bitfield id="CFG_FID_SELFGEN" width="1" begin="16" end="16" resetval="0x0" description="FID self generate enable. When input is progressive and this bit is set, the SC generates self-toggling (top/bottom) output FID when performing interlacing." range="" rwaccess="RW"/>
    <bitfield id="CFG_TRIM" width="1" begin="15" end="15" resetval="0x0" description="Trimming enable. When 1, the input image whose size is specified by orgW and orgH registers is trimmed to the size with srcW and srcH from the offset specified by offW and offH. 0: disable trimming 1: enable trimming" range="" rwaccess="RW"/>
    <bitfield id="CFG_Y_PK_EN" width="1" begin="14" end="14" resetval="0x0" description="This parameter is used by peaking block. 0: disable luma peaking 1: enable luma peaking" range="" rwaccess="RW"/>
    <bitfield id="RESERVED" width="3" begin="13" end="11" resetval="0x0" description="" range="" rwaccess="R"/>
    <bitfield id="CFG_INTERLACE_I" width="1" begin="10" end="10" resetval="0x0" description="This parameter is used by both horizontal and vertical scaling 0: the input video format is progressive 1: the input video format is interlace" range="" rwaccess="RW"/>
    <bitfield id="CFG_HP_BYPASS" width="1" begin="9" end="9" resetval="0x0" description="This parameter is used by horizontal scaling. If cfg_auto_hs is 0, horizontal polyphase filter is always enabled. In this case, this register is DON?T CARE. If cfg_auto_hs is 1, 0 : The polyphase scaler is always used regardless of the scaling ratio. 1 : The polyphase scaler is bypassed only when (tar_w == src_w) or (tar_w == src_w/2) or (tar_w == src_w/4)" range="" rwaccess="RW"/>
    <bitfield id="CFG_DCM_4X" width="1" begin="8" end="8" resetval="0x0" description="This parameter is used by horizontal scaling. 0: the 4X decimation filter is disabled 1: the 4X decimation filter is enabled Note: (1) Either 2X or 4X can be enabled, but they cannot be enabled simultaneously. (2) This register is only set to 1 when it makes sense to do so. Typically, it is used when (horizontal scale ratio 0.25). (3) This register is DON?T CARE when cfg_auto_hs = 1." range="" rwaccess="RW"/>
    <bitfield id="CFG_DCM_2X" width="1" begin="7" end="7" resetval="0x0" description="This parameter is used by horizontal scaling. 0: the 2X decimation filter is disabled 1: the 2X decimation filter is enabled Note: (1) Either 2X or 4X can be enabled, but they cannot be enabled simultaneously. (2) This register is only set to 1 when it makes sense to do so. Typically, it is used when (0.25 horizontal scale ratio 0.5). (3) This register is DON?T CARE when cfg_auto_hs = 1." range="" rwaccess="RW"/>
    <bitfield id="CFG_AUTO_HS" width="1" begin="6" end="6" resetval="0x0" description="This parameter is used by horizontal scaling. 0: the cfg_dcm_2x and cfg_dcm_4x bits will enable appropriate decimation filters 1: HW will decide whether up-scaling or down-scaling is required based on horizontal scaling ratio (SR). SR 0.5 : horizontal polyphase filter is enabled, all decimation filters are disabled SR = 0.5 : dcm_2x is enabled, horizontal polyphase filter is enabled or disabled based on cfg_hp_bypass 0.5 SR 0.25 : dcm_2x and horizontal polyphase filter both are enabled SR = 0.25 : dcm_4x is enabled, horizontal polyphase filter is enabled or disabled based on cfg_hp_bypass 0.25 SR 0.125 : dcm_4x and horizontal polyphase filter are both enabled SR = 0.125 : Functionally supported, but not recommended in auto mode for image quality concerns" range="" rwaccess="RW"/>
    <bitfield id="CFG_ENABLE_EV" width="1" begin="5" end="5" resetval="0x0" description="This parameter is used by the edge-detection block. 0: The output of edge-detection block will be force to ?0? 1: The calculation results of edge-detection block will be output normally" range="" rwaccess="RW"/>
    <bitfield id="CFG_USE_RAV" width="1" begin="4" end="4" resetval="0x0" description="This parameter is used by vertical scaling. 0: Poly-phase filter will be used for the vertical scaling 1: Running average filter will be used for the vertical scaling (down scaling only)" range="" rwaccess="RW"/>
    <bitfield id="CFG_INVT_FID" width="1" begin="3" end="3" resetval="0x0" description="This parameter is used by vertical scaling. 0: Progressive input 1: Interlaced input Must be set to 1 when CFG_INTERFACE_I = 1." range="" rwaccess="RW"/>
    <bitfield id="CFG_SC_BYPASS" width="1" begin="2" end="2" resetval="0x0" description="This parameter is a general purpose. 0: Scaling module will engaged 1: Scaling module will be bypassed" range="" rwaccess="RW"/>
    <bitfield id="CFG_LINEAR" width="1" begin="1" end="1" resetval="0x0" description="This parameter is used by horizontal scaling. 0: Anamorphic scaling 1: Linear scaling" range="" rwaccess="RW"/>
    <bitfield id="CFG_INTERLACE_O" width="1" begin="0" end="0" resetval="0x0" description="This parameter is used by vertical scaling. 0: The output format of SC is progressive 1: The output format of SC is interlace" range="" rwaccess="RW"/>
  </register>
  <register id="VIP_CFG_SC1" acronym="VIP_CFG_SC1" offset="0x4" width="32" description="">
    <bitfield id="RESERVED" width="5" begin="31" end="27" resetval="0x0" description="" range="" rwaccess="R"/>
    <bitfield id="CFG_ROW_ACC_INC" width="27" begin="26" end="0" resetval="0x0" description="This parameter is used by vertical scaling. It defines the increment of the row accumulator in vertical poly-phase filter. It can be calculated by following formula: row_acc_inc = round(2^16 *(src_h)/(tar_h)) In case of interlaced input, srcH is input field height In case of interlaced output, tarH is output field height." range="" rwaccess="RW"/>
  </register>
  <register id="VIP_CFG_SC2" acronym="VIP_CFG_SC2" offset="0x8" width="32" description="">
    <bitfield id="RESERVED" width="4" begin="31" end="28" resetval="0x0" description="" range="" rwaccess="R"/>
    <bitfield id="CFG_ROW_ACC_OFFSET" width="28" begin="27" end="0" resetval="0x0" description="This parameter is used by vertical scaling. It defines the vertical offset during vertical scaling. In progressive mode: this offset will be applied to a frame. In interlace mode: this offset will be applied to the top field." range="" rwaccess="RW"/>
  </register>
  <register id="VIP_CFG_SC3" acronym="VIP_CFG_SC3" offset="0xC" width="32" description="">
    <bitfield id="RESERVED" width="4" begin="31" end="28" resetval="0x0" description="" range="" rwaccess="R"/>
    <bitfield id="CFG_ROW_ACC_OFFSET_B" width="28" begin="27" end="0" resetval="0x0" description="This parameter is used by vertical scaling. It defines the vertical offset during vertical scaling. In progressive mode: this parameter will not be used. In interlace mode: this offset will be applied to the bottom field." range="" rwaccess="RW"/>
  </register>
  <register id="VIP_CFG_SC4" acronym="VIP_CFG_SC4" offset="0x10" width="32" description="">
    <bitfield id="RESERVED" width="1" begin="31" end="31" resetval="0x0" description="" range="" rwaccess="R"/>
    <bitfield id="CFG_NLIN_ACC_INIT_U" width="3" begin="30" end="28" resetval="0x0" description="This parameter is used by horizontal scaling. The 3 MSBbits of 'nlin_acc_init' that is defined in CFG_SC10" range="" rwaccess="RW"/>
    <bitfield id="RESERVED" width="1" begin="27" end="27" resetval="0x0" description="" range="" rwaccess="R"/>
    <bitfield id="CFG_LIN_ACC_INC_U" width="3" begin="26" end="24" resetval="0x0" description="This parameter is used by horizontal scaling. The 3 MSBbits of 'lin_acc_inc' that is defined in CFG_SC9" range="" rwaccess="RW"/>
    <bitfield id="RESERVED" width="1" begin="23" end="23" resetval="0x0" description="" range="" rwaccess="R"/>
    <bitfield id="CFG_TAR_W" width="11" begin="22" end="12" resetval="0x0" description="This parameter is a general purpose. Scaled target picture width. unit is pixel. This parameter defines the final output picture size" range="" rwaccess="RW"/>
    <bitfield id="RESERVED" width="1" begin="11" end="11" resetval="0x0" description="" range="" rwaccess="R"/>
    <bitfield id="CFG_TAR_H" width="11" begin="10" end="0" resetval="0x0" description="This parameter is a general purpose. Scaled target picture height.. unit is line... This parameter defines the final output picture size. For the interlace output.. it should be the number of lines per field." range="" rwaccess="RW"/>
  </register>
  <register id="VIP_CFG_SC5" acronym="VIP_CFG_SC5" offset="0x14" width="32" description="">
    <bitfield id="RESERVED" width="5" begin="31" end="27" resetval="0x0" description="" range="" rwaccess="R"/>
    <bitfield id="CFG_NLIN_ACC_INC_U" width="3" begin="26" end="24" resetval="0x0" description="This parameter is used by horizontal scaling. The 3 MSBbits of ?nlin_acc_inc? that is defined in CFG_SC11" range="" rwaccess="RW"/>
    <bitfield id="RESERVED" width="1" begin="23" end="23" resetval="0x0" description="" range="" rwaccess="R"/>
    <bitfield id="CFG_SRC_W" width="11" begin="22" end="12" resetval="0x0" description="This parameter is a general purpose. This parameter defines the width of the source image" range="" rwaccess="RW"/>
    <bitfield id="RESERVED" width="1" begin="11" end="11" resetval="0x0" description="" range="" rwaccess="R"/>
    <bitfield id="CFG_SRC_H" width="11" begin="10" end="0" resetval="0x0" description="This parameter is a general purpose. This parameter defines the height of the source image. For the interlace input.. it should be the number of lines per field." range="" rwaccess="RW"/>
  </register>
  <register id="VIP_CFG_SC6" acronym="VIP_CFG_SC6" offset="0x18" width="32" description="">
    <bitfield id="RESERVED" width="12" begin="31" end="20" resetval="0x0" description="" range="" rwaccess="R"/>
    <bitfield id="CFG_ROW_ACC_INIT_RAV_B" width="10" begin="19" end="10" resetval="0x0" description="This parameter is used by vertical scaling. it is used only when the input is interlace format. In vertical down scaling.. the running average filter is applied. This parameter sets the initialization value of the row accumulator in running average filter (for bottom field of interlace format)" range="" rwaccess="RW"/>
    <bitfield id="CFG_ROW_ACC_INIT_RAV" width="10" begin="9" end="0" resetval="0x0" description="This parameter is used by vertical scaling. In vertical down scaling.. the running average filter is applied. This parameter sets the initialization value of the row accumulator in running average filter (for progressive format or top field of interlace format)" range="" rwaccess="RW"/>
  </register>
  <register id="VIP_CFG_SC8" acronym="VIP_CFG_SC8" offset="0x20" width="32" description="">
    <bitfield id="RESERVED" width="9" begin="31" end="23" resetval="0x0" description="" range="" rwaccess="R"/>
    <bitfield id="CFG_NLIN_RIGHT" width="11" begin="22" end="12" resetval="0x0" description="This parameter is used by horizontal scaling. In anamorphic mode. this parameter defines the width of the strip on right-hand side. In other words. it defines the location of the last pixel where the linear scaling is ended. The unit is the 'pixel location' in an active video line. This parameter will not be used in linear scaling" range="" rwaccess="RW"/>
    <bitfield id="RESERVED" width="1" begin="11" end="11" resetval="0x0" description="" range="" rwaccess="R"/>
    <bitfield id="CFG_NLIN_LEFT" width="11" begin="10" end="0" resetval="0x0" description="This parameter is used by horizontal scaling. In anamorphic mode. this parameter defines the width of the strip on left-hand side. In other words. it defines the location of the last pixel in the left-sidenonlinear strip. The unit is the 'pixel location' in an active video line. This parameter will not be used in linear scaling" range="" rwaccess="RW"/>
  </register>
  <register id="VIP_CFG_SC9" acronym="VIP_CFG_SC9" offset="0x24" width="32" description="">
    <bitfield id="CFG_LIN_ACC_INC" width="32" begin="31" end="0" resetval="0x0" description="This parameter is used by horizontal scaling. It defines the increment of the linear accumulator. if SR 0.5 then lin_acc_inc = round(2^24*(srcWi -1) /(tarWi -1)) else if 0.25 SR ? 0.5 lin_acc_inc = round(2^24*(srcWi/2 -1) /(tarWi - 1)) else if SR ? 0.25 lin_acc_inc = round(2^24*(srcWi/4 -1) /(tarWi - 1)) where srcWi and tarWi are the inner source width and the inner target width respectively." range="" rwaccess="RW"/>
  </register>
  <register id="VIP_CFG_SC10" acronym="VIP_CFG_SC10" offset="0x28" width="32" description="">
    <bitfield id="CFG_NLIN_ACC_INIT" width="32" begin="31" end="0" resetval="0x0" description="This parameter is used by horizontal scaling. It is used by nonlinear scaling only. It defines the initialization value of the nonlinear accumulator. nlin_acc_init = K*(1-2*d) Here the definitions of K and d are the same as in CFG_SC11" range="" rwaccess="RW"/>
  </register>
  <register id="VIP_CFG_SC11" acronym="VIP_CFG_SC11" offset="0x2C" width="32" description="">
    <bitfield id="CFG_NLIN_ACC_INC" width="32" begin="31" end="0" resetval="0x0" description="This parameter is used by horizontal scaling. It is used by nonlinear scaling only. It defines the increment of the nonlinear accumulator. if upscaling then d = 0 if Ltar !=0 then K =round[2^24*Lsrc/(Ltar*Ltar) ] where Lsrc= (srcW-srcWi)/2 else K = 0 elseif downscaling d = (tarW-1)/2 if Ltar!=0 then K = round[ 2^24 * Lsrc / (Ltar*(Ltar-2d))] where Lsrc= (srcW-srcWi)/(2n) and n=1..2 or 4 else K = 0 nlin_acc_inc = 2*K (negative for downscaling)" range="" rwaccess="RW"/>
  </register>
  <register id="VIP_CFG_SC12" acronym="VIP_CFG_SC12" offset="0x30" width="32" description="">
    <bitfield id="RESERVED" width="7" begin="31" end="25" resetval="0x0" description="" range="" rwaccess="R"/>
    <bitfield id="CFG_COL_ACC_OFFSET" width="25" begin="24" end="0" resetval="0x0" description="This parameter is used in horizontal scaling. It defines the luma accumulator's offset. Normally this parameter can be set as 0 if no horizontal offset is involved. In some applications.. such as Pan and Scan.. a corresponding offset value should be set. The format is 1.24." range="" rwaccess="RW"/>
  </register>
  <register id="VIP_CFG_SC13" acronym="VIP_CFG_SC13" offset="0x34" width="32" description="">
    <bitfield id="RESERVED" width="22" begin="31" end="10" resetval="0x0" description="" range="" rwaccess="R"/>
    <bitfield id="CFG_SC_FACTOR_RAV" width="10" begin="9" end="0" resetval="0x0" description="This parameter is used by vertical scaling. Vertical scaling factor: It is defined as following: 1024*tarH/srcH. It is used for downscaling by the running average filter" range="" rwaccess="RW"/>
  </register>
  <register id="VIP_CFG_SC18" acronym="VIP_CFG_SC18" offset="0x48" width="32" description="">
    <bitfield id="RESERVED" width="22" begin="31" end="10" resetval="0x0" description="" range="" rwaccess="R"/>
    <bitfield id="CFG_HS_FACTOR" width="10" begin="9" end="0" resetval="0x0" description="This parameter is used by horizontal scaling. Horizontal-scaling-factor = tarWi/srcWi. Numerical format: 6.4 (6 bit integer and 4 bit fraction)" range="" rwaccess="RW"/>
  </register>
  <register id="VIP_CFG_SC19" acronym="VIP_CFG_SC19" offset="0x4C" width="32" description="">
    <bitfield id="CFG_HPF_COEF3" width="8" begin="31" end="24" resetval="0x0" description="This parameter is used by the peaking block. Defines the coefficient 3 of the HPF used in the peaking filter. Signed. Decimal point is defined by hpf_norm_shift." range="" rwaccess="RW"/>
    <bitfield id="CFG_HPF_COEF2" width="8" begin="23" end="16" resetval="0x0" description="This parameter is used by the peaking block. Defines the coefficient 2 of the HPF used in the peaking filter. Signed. Decimal point is defined by hpf_norm_shift." range="" rwaccess="RW"/>
    <bitfield id="CFG_HPF_COEF1" width="8" begin="15" end="8" resetval="0x0" description="This parameter is used by the peaking block. Defines the coefficient 1 of the HPF used in the peaking filter. Signed. Decimal point is defined by hpf_norm_shift." range="" rwaccess="RW"/>
    <bitfield id="CFG_HPF_COEF0" width="8" begin="7" end="0" resetval="0x0" description="This parameter is used by the peaking block. Defines the coefficient 0 of the HPF used in the peaking filter. Signed. Decimal point is defined by hpf_norm_shift." range="" rwaccess="RW"/>
  </register>
  <register id="VIP_CFG_SC20" acronym="VIP_CFG_SC20" offset="0x50" width="32" description="">
    <bitfield id="RESERVED" width="3" begin="31" end="29" resetval="0x0" description="" range="" rwaccess="R"/>
    <bitfield id="CFG_NL_LIMIT" width="9" begin="28" end="20" resetval="0x0" description="This parameter is used by the peaking block. The maximum of clipping." range="" rwaccess="RW"/>
    <bitfield id="RESERVED" width="1" begin="19" end="19" resetval="0x0" description="" range="" rwaccess="R"/>
    <bitfield id="CFG_HPF_NORM_SHIFT" width="3" begin="18" end="16" resetval="0x0" description="This parameter is used by the peaking block. Defines the decimal point of the hpf coefficient." range="" rwaccess="RW"/>
    <bitfield id="CFG_HPF_COEF5" width="8" begin="15" end="8" resetval="0x0" description="This parameter is used by the peaking block. Defines the coefficient 5 of the HPF used in the peaking filter. Signed. Decimal point is defined by hpf_norm_shift." range="" rwaccess="RW"/>
    <bitfield id="CFG_HPF_COEF4" width="8" begin="7" end="0" resetval="0x0" description="This parameter is used by the peaking block. Defines the coefficient 4 of the HPF used in the peaking filter. Signed. Decimal point is defined by hpf_norm_shift." range="" rwaccess="RW"/>
  </register>
  <register id="VIP_CFG_SC21" acronym="VIP_CFG_SC21" offset="0x54" width="32" description="">
    <bitfield id="RESERVED" width="8" begin="31" end="24" resetval="0x0" description="" range="" rwaccess="R"/>
    <bitfield id="CFG_NL_LO_SLOPE" width="8" begin="23" end="16" resetval="0x0" description="This parameter is used by the peaking block. Slope of the nonlinear peaking function. The format is fixed point 4.4." range="" rwaccess="RW"/>
    <bitfield id="RESERVED" width="7" begin="15" end="9" resetval="0x0" description="" range="" rwaccess="R"/>
    <bitfield id="CFG_NL_LO_THR" width="9" begin="8" end="0" resetval="0x0" description="This parameter is used by the peaking block. Threshold for the nonlinear peaking function. Must be 0" range="" rwaccess="RW"/>
  </register>
  <register id="VIP_CFG_SC22" acronym="VIP_CFG_SC22" offset="0x58" width="32" description="">
    <bitfield id="RESERVED" width="13" begin="31" end="19" resetval="0x0" description="" range="" rwaccess="R"/>
    <bitfield id="CFG_NL_HI_SLOPE_SHIFT" width="3" begin="18" end="16" resetval="0x0" description="This parameter is used by the peaking block. Slope of the nonlinear peaking function. The gain is 2^(nl_hi_slope_shift-3)." range="" rwaccess="RW"/>
    <bitfield id="RESERVED" width="7" begin="15" end="9" resetval="0x0" description="" range="" rwaccess="R"/>
    <bitfield id="CFG_NL_HI_THR" width="9" begin="8" end="0" resetval="0x0" description="This parameter is used by the peaking block. Threshold for the nonlinear peaking function. Must be nl_hi_thr." range="" rwaccess="RW"/>
  </register>
  <register id="VIP_CFG_SC24" acronym="VIP_CFG_SC24" offset="0x60" width="32" description="">
    <bitfield id="RESERVED" width="5" begin="31" end="27" resetval="0x0" description="" range="" rwaccess="R"/>
    <bitfield id="CFG_ORG_W" width="11" begin="26" end="16" resetval="0x0" description="This parameter is used by the trimmer. Horizontal offset from the left of the original input image." range="" rwaccess="RW"/>
    <bitfield id="RESERVED" width="5" begin="15" end="11" resetval="0x0" description="" range="" rwaccess="R"/>
    <bitfield id="CFG_ORG_H" width="11" begin="10" end="0" resetval="0x0" description="This parameter is used by the trimmer. Vertical offset from the top of the original input image." range="" rwaccess="RW"/>
  </register>
  <register id="VIP_CFG_SC25" acronym="VIP_CFG_SC25" offset="0x64" width="32" description="">
    <bitfield id="RESERVED" width="5" begin="31" end="27" resetval="0x0" description="" range="" rwaccess="R"/>
    <bitfield id="CFG_OFF_W" width="11" begin="26" end="16" resetval="0x0" description="This parameter is used by the trimmer. Horizontal offset from the left of the original input image." range="" rwaccess="RW"/>
    <bitfield id="RESERVED" width="5" begin="15" end="11" resetval="0x0" description="" range="" rwaccess="R"/>
    <bitfield id="CFG_OFF_H" width="11" begin="10" end="0" resetval="0x0" description="This parameter is used by the trimmer. Vertical offset from the top of the original input image." range="" rwaccess="RW"/>
  </register>
</module>
