<module name="CM_CORE_AON__EVE3" acronym="" XML_version="1.0" HW_revision="n/a" description="">
  <register id="CM_EVE3_CLKSTCTRL" acronym="CM_EVE3_CLKSTCTRL" offset="0x0" width="32" description="This register enables the EVE domain power state transition. It controls the HW supervised domain power state transition between ON-ACTIVE and ON-INACTIVE states. It also hold one status bit per clock input of the domain.">
    <bitfield id="RESERVED" width="23" begin="31" end="9" resetval="0x0" description="" range="" rwaccess="R"/>
    <bitfield id="CLKACTIVITY_EVE3_GFCLK" width="1" begin="8" end="8" resetval="0x0" description="This field indicates the state of the EVE3_GFCLK clock in the domain. [warm reset insensitive]" range="" rwaccess="R">
      <bitenum value="0" id="INACT" token="CLKACTIVITY_EVE3_GFCLK_0" description="Corresponding clock is definitely gated"/>
      <bitenum value="1" id="ACT" token="CLKACTIVITY_EVE3_GFCLK_1" description="Corresponding clock is running or gating/ungating transition is on-going"/>
    </bitfield>
    <bitfield id="RESERVED" width="6" begin="7" end="2" resetval="0x0" description="" range="" rwaccess="R"/>
    <bitfield id="CLKTRCTRL" width="2" begin="1" end="0" resetval="0x3" description="Controls the clock state transition of the DSP clock domain." range="" rwaccess="RW">
      <bitenum value="0" id="NO_SLEEP" token="CLKTRCTRL_0" description="NO_SLEEP: Sleep transition cannot be initiated. Wakeup transition may however occur."/>
      <bitenum value="1" id="SW_SLEEP" token="CLKTRCTRL_1" description="SW_SLEEP: Start a software forced sleep transition on the domain."/>
      <bitenum value="2" id="SW_WKUP" token="CLKTRCTRL_2" description="SW_WKUP: Start a software forced wake-up transition on the domain."/>
      <bitenum value="3" id="HW_AUTO" token="CLKTRCTRL_3" description="HW_AUTO: Automatic transition is enabled. Sleep and wakeup transition are based upon hardware conditions."/>
    </bitfield>
  </register>
  <register id="CM_EVE3_STATICDEP" acronym="CM_EVE3_STATICDEP" offset="0x4" width="32" description="This register controls the static domain depedencies from EVE3 domain towards 'target' domains. It is relevant only for domain having system initiator(s).">
    <bitfield id="RESERVED" width="9" begin="31" end="23" resetval="0x0" description="" range="" rwaccess="R"/>
    <bitfield id="EVE4_STATDEP" width="1" begin="22" end="22" resetval="0x0" description="Static dependency towards EVE4 Cock Domain" range="" rwaccess="RW">
      <bitenum value="0" id="DISABLED" token="EVE4_STATDEP_0" description="Dependency is disabled"/>
      <bitenum value="1" id="ENABLED" token="EVE4_STATDEP_1" description="Dependency is enabled"/>
    </bitfield>
    <bitfield id="RESERVED" width="1" begin="21" end="21" resetval="0x0" description="" range="" rwaccess="R"/>
    <bitfield id="EVE2_STATDEP" width="1" begin="20" end="20" resetval="0x0" description="Static dependency towards EVE2 Clock Domain" range="" rwaccess="RW">
      <bitenum value="0" id="DISABLED" token="EVE2_STATDEP_0" description="Dependency is disabled"/>
      <bitenum value="1" id="ENABLED" token="EVE2_STATDEP_1" description="Dependency is enabled"/>
    </bitfield>
    <bitfield id="EVE1_STATDEP" width="1" begin="19" end="19" resetval="0x0" description="Static dependency towards EVE1 Clock Domain" range="" rwaccess="RW">
      <bitenum value="0" id="DISABLED" token="EVE1_STATDEP_0" description="Dependency is disabled"/>
      <bitenum value="1" id="ENABLED" token="EVE1_STATDEP_1" description="Dependency is enabled"/>
    </bitfield>
    <bitfield id="RESERVED" width="13" begin="18" end="6" resetval="0x0" description="" range="" rwaccess="R"/>
    <bitfield id="L3MAIN1_STATDEP" width="1" begin="5" end="5" resetval="0x1" description="Static dependency towards L3MAIN1 Clock Domain" range="" rwaccess="R">
      <bitenum value="1" id="ENABLED" token="L3MAIN1_STATDEP_1" description="Dependency is enabled"/>
    </bitfield>
    <bitfield id="EMIF_STATDEP" width="1" begin="4" end="4" resetval="0x1" description="Static dependency towards EMIF Clock Domain" range="" rwaccess="RW">
      <bitenum value="0" id="DISABLED" token="EMIF_STATDEP_0" description="Dependency is disabled"/>
      <bitenum value="1" id="ENABLED" token="EMIF_STATDEP_1" description="Dependency is enabled"/>
    </bitfield>
    <bitfield id="RESERVED" width="1" begin="3" end="3" resetval="0x0" description="" range="" rwaccess="R"/>
    <bitfield id="IVA_STATDEP" width="1" begin="2" end="2" resetval="0x0" description="Static dependency towards IVA Clock Domain" range="" rwaccess="RW">
      <bitenum value="0" id="DISABLED" token="IVA_STATDEP_0" description="Dependency is disabled"/>
      <bitenum value="1" id="ENABLED" token="IVA_STATDEP_1" description="Dependency is enabled"/>
    </bitfield>
    <bitfield id="RESERVED" width="2" begin="1" end="0" resetval="0x0" description="" range="" rwaccess="R"/>
  </register>
  <register id="CM_EVE3_EVE3_CLKCTRL" acronym="CM_EVE3_EVE3_CLKCTRL" offset="0x20" width="32" description="This register manages the EVE clocks.">
    <bitfield id="RESERVED" width="13" begin="31" end="19" resetval="0x0" description="" range="" rwaccess="R"/>
    <bitfield id="STBYST" width="1" begin="18" end="18" resetval="0x1" description="Module standby status. [warm reset insensitive]" range="" rwaccess="R">
      <bitenum value="0" id="FUNC" token="STBYST_0" description="Module is functional (not in standby)"/>
      <bitenum value="1" id="STANDBY" token="STBYST_1" description="Module is in standby"/>
    </bitfield>
    <bitfield id="IDLEST" width="2" begin="17" end="16" resetval="0x3" description="Module idle status. [warm reset insensitive]" range="" rwaccess="R">
      <bitenum value="0" id="FUNC" token="IDLEST_0" description="Module is fully functional, including OCP"/>
      <bitenum value="1" id="TRANS" token="IDLEST_1" description="Module is performing transition: wakeup, or sleep, or sleep abortion"/>
      <bitenum value="2" id="IDLE" token="IDLEST_2" description="Module is in Idle mode (only OCP part). It is functional if using separate functional clock"/>
      <bitenum value="3" id="DISABLE" token="IDLEST_3" description="Module is disabled and cannot be accessed"/>
    </bitfield>
    <bitfield id="RESERVED" width="14" begin="15" end="2" resetval="0x0" description="" range="" rwaccess="R"/>
    <bitfield id="MODULEMODE" width="2" begin="1" end="0" resetval="0x0" description="Control the way mandatory clocks are managed." range="" rwaccess="RW">
      <bitenum value="0" id="DISABLED" token="MODULEMODE_0" description="Module is disabled by SW. Any OCP access to module results in an error, except if resulting from a module wakeup (asynchronous wakeup)."/>
      <bitenum value="1" id="AUTO" token="MODULEMODE_1" description="Module is managed automatically by HW according to clock domain transition. A clock domain sleep transition put module into idle. A wakeup domain transition put it back into function. If CLKTRCTRL=3, any OCP access to module is always granted. Module clocks may be gated according to the clock domain state."/>
      <bitenum value="2" id="RESERVED_2" token="MODULEMODE_2" description="Reserved"/>
      <bitenum value="3" id="RESERVED" token="MODULEMODE_3" description="Reserved"/>
    </bitfield>
  </register>
</module>
