<module name="CM_CORE__GPU" acronym="" XML_version="1.0" HW_revision="n/a" description="">
  <register id="CM_GPU_CLKSTCTRL" acronym="CM_GPU_CLKSTCTRL" offset="0x0" width="32" description="This register enables the GPU domain power state transition. It controls the HW supervised domain power state transition between ON-ACTIVE and ON-INACTIVE states. It also hold one status bit per clock input of the domain.">
    <bitfield id="RESERVED" width="21" begin="31" end="11" resetval="0x0" description="" range="" rwaccess="R"/>
    <bitfield id="CLKACTIVITY_GPU_HYD_GCLK" width="1" begin="10" end="10" resetval="0x0" description="This field indicates the state of the GPU_HYD_GCLK clock in the domain. [warm reset insensitive]" range="" rwaccess="R">
      <bitenum value="0" id="INACT" token="CLKACTIVITY_GPU_HYD_GCLK_0" description="Corresponding clock is definitely gated"/>
      <bitenum value="1" id="ACT" token="CLKACTIVITY_GPU_HYD_GCLK_1" description="Corresponding clock is running or gating/ungating transition is on-going"/>
    </bitfield>
    <bitfield id="CLKACTIVITY_GPU_CORE_GCLK" width="1" begin="9" end="9" resetval="0x0" description="This field indicates the state of the GPU_CORE_GCLK clock in the domain. [warm reset insensitive]" range="" rwaccess="R">
      <bitenum value="0" id="INACT" token="CLKACTIVITY_GPU_CORE_GCLK_0" description="Corresponding clock is definitely gated"/>
      <bitenum value="1" id="ACT" token="CLKACTIVITY_GPU_CORE_GCLK_1" description="Corresponding clock is running or gating/ungating transition is on-going"/>
    </bitfield>
    <bitfield id="CLKACTIVITY_GPU_L3_GICLK" width="1" begin="8" end="8" resetval="0x0" description="This field indicates the state of the GPU_L3_GICLK clock in the domain. [warm reset insensitive]" range="" rwaccess="R">
      <bitenum value="0" id="INACT" token="CLKACTIVITY_GPU_L3_GICLK_0" description="Corresponding clock is definitely gated"/>
      <bitenum value="1" id="ACT" token="CLKACTIVITY_GPU_L3_GICLK_1" description="Corresponding clock is running or gating/ungating transition is on-going"/>
    </bitfield>
    <bitfield id="RESERVED" width="6" begin="7" end="2" resetval="0x0" description="" range="" rwaccess="R"/>
    <bitfield id="CLKTRCTRL" width="2" begin="1" end="0" resetval="0x3" description="Controls the clock state transition of the GPU clock domain." range="" rwaccess="RW">
      <bitenum value="0" id="NO_SLEEP" token="CLKTRCTRL_0" description="NO_SLEEP: Sleep transition cannot be initiated. Wakeup transition may however occur."/>
      <bitenum value="1" id="SW_SLEEP" token="CLKTRCTRL_1" description="SW_SLEEP: Start a software forced sleep transition on the domain."/>
      <bitenum value="2" id="SW_WKUP" token="CLKTRCTRL_2" description="SW_WKUP: Start a software forced wake-up transition on the domain."/>
      <bitenum value="3" id="HW_AUTO" token="CLKTRCTRL_3" description="HW_AUTO: Automatic transition is enabled. Sleep and wakeup transition are based upon hardware conditions."/>
    </bitfield>
  </register>
  <register id="CM_GPU_STATICDEP" acronym="CM_GPU_STATICDEP" offset="0x4" width="32" description="This register controls the static domain depedencies from GPU domain towards 'target' domains. It is relevant only for domain having system initiator(s).">
    <bitfield id="RESERVED" width="26" begin="31" end="6" resetval="0x0" description="" range="" rwaccess="R"/>
    <bitfield id="L3MAIN1_STATDEP" width="1" begin="5" end="5" resetval="0x1" description="Static dependency towards L3MAIN1 clock domain" range="" rwaccess="R">
      <bitenum value="1" id="ENABLED" token="L3MAIN1_STATDEP_1" description="Dependency is enabled"/>
    </bitfield>
    <bitfield id="EMIF_STATDEP" width="1" begin="4" end="4" resetval="0x0" description="Static dependency towards EMIF clock domain" range="" rwaccess="RW">
      <bitenum value="0" id="DISABLED" token="EMIF_STATDEP_0" description="Dependency is disabled"/>
      <bitenum value="1" id="ENABLED" token="EMIF_STATDEP_1" description="Dependency is enabled"/>
    </bitfield>
    <bitfield id="RESERVED" width="1" begin="3" end="3" resetval="0x0" description="" range="" rwaccess="R"/>
    <bitfield id="IVA_STATDEP" width="1" begin="2" end="2" resetval="0x0" description="Static dependency towards IVA clock domain" range="" rwaccess="RW">
      <bitenum value="0" id="DISABLED" token="IVA_STATDEP_0" description="Dependency is disabled"/>
      <bitenum value="1" id="ENABLED" token="IVA_STATDEP_1" description="Dependency is enabled"/>
    </bitfield>
    <bitfield id="RESERVED" width="2" begin="1" end="0" resetval="0x0" description="" range="" rwaccess="R"/>
  </register>
  <register id="CM_GPU_DYNAMICDEP" acronym="CM_GPU_DYNAMICDEP" offset="0x8" width="32" description="This register controls the dynamic domain depedencies from GPU domain towards 'target' domains. It is relevant only for domain having OCP master port(s).">
    <bitfield id="RESERVED" width="25" begin="31" end="7" resetval="0x0" description="" range="" rwaccess="R"/>
    <bitfield id="L3MAIN1_DYNDEP" width="1" begin="6" end="6" resetval="0x0" description="Dynamic dependency towards L3MAIN1 clock domain" range="" rwaccess="R">
      <bitenum value="0" id="DISABLED" token="L3MAIN1_DYNDEP_0" description="Dependency is disabled"/>
    </bitfield>
    <bitfield id="RESERVED" width="6" begin="5" end="0" resetval="0x0" description="" range="" rwaccess="R"/>
  </register>
  <register id="CM_GPU_GPU_CLKCTRL" acronym="CM_GPU_GPU_CLKCTRL" offset="0x20" width="32" description="This register manages the GPU clocks.">
    <bitfield id="RESERVED" width="4" begin="31" end="28" resetval="0x0" description="" range="" rwaccess="R"/>
    <bitfield id="CLKSEL_HYD_CLK" width="2" begin="27" end="26" resetval="0x0" description="Select the source of the functional clock" range="" rwaccess="RW">
      <bitenum value="0" id="SEL_CORE_GPU_CLK" token="CLKSEL_HYD_CLK_0" description="Selects the CORE_GPU_CLK as the source"/>
      <bitenum value="1" id="SEL_PER_GPU_CLK" token="CLKSEL_HYD_CLK_1" description="Selects the PER_GPU_CLK"/>
      <bitenum value="2" id="SEL_GPU_GCLK" token="CLKSEL_HYD_CLK_2" description="Selects GPU_GCLK"/>
      <bitenum value="3" id="RESERVED" token="CLKSEL_HYD_CLK_3" description="RESERVED"/>
    </bitfield>
    <bitfield id="CLKSEL_CORE_CLK" width="2" begin="25" end="24" resetval="0x0" description="Select the source of the functional clock" range="" rwaccess="RW">
      <bitenum value="0" id="SEL_CORE_GPU_CLK" token="CLKSEL_CORE_CLK_0" description="Selects the CORE_GPU_CLK as the source"/>
      <bitenum value="1" id="SEL_PER_GPU_CLK" token="CLKSEL_CORE_CLK_1" description="Selects the PER_GPU_CLK"/>
      <bitenum value="2" id="SEL_GPU_GCLK" token="CLKSEL_CORE_CLK_2" description="Selects GPU_GCLK"/>
      <bitenum value="3" id="RESERVED" token="CLKSEL_CORE_CLK_3" description="RESERVED"/>
    </bitfield>
    <bitfield id="RESERVED" width="5" begin="23" end="19" resetval="0x0" description="" range="" rwaccess="R"/>
    <bitfield id="STBYST" width="1" begin="18" end="18" resetval="0x1" description="Module standby status. [warm reset insensitive]" range="" rwaccess="R">
      <bitenum value="0" id="FUNC" token="STBYST_0" description="Module is functional (not in standby)"/>
      <bitenum value="1" id="STANDBY" token="STBYST_1" description="Module is in standby"/>
    </bitfield>
    <bitfield id="IDLEST" width="2" begin="17" end="16" resetval="0x3" description="Module idle status. [warm reset insensitive]" range="" rwaccess="R">
      <bitenum value="0" id="FUNC" token="IDLEST_0" description="Module is fully functional, including OCP"/>
      <bitenum value="1" id="TRANS" token="IDLEST_1" description="Module is performing transition: wakeup, or sleep, or sleep abortion"/>
      <bitenum value="2" id="IDLE" token="IDLEST_2" description="Module is in Idle mode (only OCP part). It is functional if using separate functional clock"/>
      <bitenum value="3" id="DISABLE" token="IDLEST_3" description="Module is disabled and cannot be accessed"/>
    </bitfield>
    <bitfield id="RESERVED" width="14" begin="15" end="2" resetval="0x0" description="" range="" rwaccess="R"/>
    <bitfield id="MODULEMODE" width="2" begin="1" end="0" resetval="0x0" description="Control the way mandatory clocks are managed." range="" rwaccess="RW">
      <bitenum value="0" id="DISABLED" token="MODULEMODE_0" description="Module is disabled by SW. Any OCP access to module results in an error, except if resulting from a module wakeup (asynchronous wakeup)."/>
      <bitenum value="1" id="RESERVED_1" token="MODULEMODE_1" description="Reserved"/>
      <bitenum value="2" id="ENABLE" token="MODULEMODE_2" description="Module is explicitly enabled. Interface clock (if not used for functions) may be gated according to the clock domain state. Functional clocks are guarantied to stay present. As long as in this configuration, power domain sleep transition cannot happen."/>
      <bitenum value="3" id="RESERVED" token="MODULEMODE_3" description="Reserved"/>
    </bitfield>
  </register>
</module>
