<module name="COREAON_PRM" acronym="" XML_version="1.0" HW_revision="n/a" description="">
  <register id="PM_COREAON_SMARTREFLEX_MPU_WKDEP" acronym="PM_COREAON_SMARTREFLEX_MPU_WKDEP" offset="0x28" width="32" description="This register controls wakeup dependency based on SMARTREFLEX_MPU service requests.">
    <bitfield id="RESERVED" width="22" begin="31" end="10" resetval="0x0" description="" range="" rwaccess="R"/>
    <bitfield id="WKUPDEP_SMARTREFLEX_MPU_EVE4" width="1" begin="9" end="9" resetval="0x0" description="Wakeup dependency from SMARTREFLEX_MPU module (SWakeup signal) towards EVE4 + L3_MAIN1 + L4PER1 + L4PER2 + L4PER3 domains" range="" rwaccess="RW">
      <bitenum value="0" id="DISABLED" token="WKUPDEP_SMARTREFLEX_MPU_EVE4_0" description="Dependency is disabled"/>
      <bitenum value="1" id="ENABLED" token="WKUPDEP_SMARTREFLEX_MPU_EVE4_1" description="Dependency is enabled"/>
    </bitfield>
    <bitfield id="WKUPDEP_SMARTREFLEX_MPU_EVE3" width="1" begin="8" end="8" resetval="0x0" description="Wakeup dependency from SMARTREFLEX_MPU module (SWakeup signal) towards EVE3 + L3_MAIN1 + L4PER1 + L4PER2 + L4PER3 domains" range="" rwaccess="RW">
      <bitenum value="0" id="DISABLED" token="WKUPDEP_SMARTREFLEX_MPU_EVE3_0" description="Dependency is disabled"/>
      <bitenum value="1" id="ENABLED" token="WKUPDEP_SMARTREFLEX_MPU_EVE3_1" description="Dependency is enabled"/>
    </bitfield>
    <bitfield id="WKUPDEP_SMARTREFLEX_MPU_EVE2" width="1" begin="7" end="7" resetval="0x0" description="Wakeup dependency from SMARTREFLEX_MPU module (SWakeup signal) towards EVE2 + L3_MAIN1 + L4PER1 + L4PER2 + L4PER3 domains" range="" rwaccess="RW">
      <bitenum value="0" id="DISABLED" token="WKUPDEP_SMARTREFLEX_MPU_EVE2_0" description="Dependency is disabled"/>
      <bitenum value="1" id="ENABLED" token="WKUPDEP_SMARTREFLEX_MPU_EVE2_1" description="Dependency is enabled"/>
    </bitfield>
    <bitfield id="WKUPDEP_SMARTREFLEX_MPU_EVE1" width="1" begin="6" end="6" resetval="0x0" description="Wakeup dependency from SMARTREFLEX_MPU module (SWakeup signal) towards EVE1 + L3_MAIN1 + L4PER1 + L4PER2 + L4PER3 domains" range="" rwaccess="RW">
      <bitenum value="0" id="DISABLED" token="WKUPDEP_SMARTREFLEX_MPU_EVE1_0" description="Dependency is disabled"/>
      <bitenum value="1" id="ENABLED" token="WKUPDEP_SMARTREFLEX_MPU_EVE1_1" description="Dependency is enabled"/>
    </bitfield>
    <bitfield id="WKUPDEP_SMARTREFLEX_MPU_DSP2" width="1" begin="5" end="5" resetval="0x0" description="Wakeup dependency from SMARTREFLEX_MPU module (SWakeup signal) towards DSP2 + L3_MAIN1 + L4PER1 + L4PER2 + L4PER3 domains" range="" rwaccess="RW">
      <bitenum value="0" id="DISABLED" token="WKUPDEP_SMARTREFLEX_MPU_DSP2_0" description="Dependency is disabled"/>
      <bitenum value="1" id="ENABLED" token="WKUPDEP_SMARTREFLEX_MPU_DSP2_1" description="Dependency is enabled"/>
    </bitfield>
    <bitfield id="WKUPDEP_SMARTREFLEX_MPU_IPU1" width="1" begin="4" end="4" resetval="0x0" description="Wakeup dependency from SMARTREFLEX_MPU module (SWakeup signal) towards IPU1 + L3_MAIN1 + L4PER1 + L4PER2 + L4PER3 domains" range="" rwaccess="RW">
      <bitenum value="0" id="DISABLED" token="WKUPDEP_SMARTREFLEX_MPU_IPU1_0" description="Dependency is disabled"/>
      <bitenum value="1" id="ENABLED" token="WKUPDEP_SMARTREFLEX_MPU_IPU1_1" description="Dependency is enabled"/>
    </bitfield>
    <bitfield id="RESERVED" width="1" begin="3" end="3" resetval="0x0" description="" range="" rwaccess="R"/>
    <bitfield id="WKUPDEP_SMARTREFLEX_MPU_DSP1" width="1" begin="2" end="2" resetval="0x0" description="Wakeup dependency from SMARTREFLEX_MPU module (SWakeup signal) towards DSP + L3MAIN1 + L4PER1 + L4PER2 + L4PER3 domains" range="" rwaccess="RW">
      <bitenum value="0" id="DISABLED" token="WKUPDEP_SMARTREFLEX_MPU_DSP1_0" description="Dependency is disabled"/>
      <bitenum value="1" id="ENABLED" token="WKUPDEP_SMARTREFLEX_MPU_DSP1_1" description="Dependency is enabled"/>
    </bitfield>
    <bitfield id="WKUPDEP_SMARTREFLEX_MPU_IPU2" width="1" begin="1" end="1" resetval="0x0" description="Wakeup dependency from SMARTREFLEX_MPU module (SWakeup signal) towards IPU2 + L3_MAIN1 + L4PER1 + L4PER2 + L4PER3 domains" range="" rwaccess="RW">
      <bitenum value="0" id="DISABLED" token="WKUPDEP_SMARTREFLEX_MPU_IPU2_0" description="Dependency is disabled"/>
      <bitenum value="1" id="ENABLED" token="WKUPDEP_SMARTREFLEX_MPU_IPU2_1" description="Dependency is enabled"/>
    </bitfield>
    <bitfield id="WKUPDEP_SMARTREFLEX_MPU_MPU" width="1" begin="0" end="0" resetval="0x0" description="Wakeup dependency from SMARTREFLEX_MPU module (SWakeup signal) towards MPU + L3_MAIN1 + L4PER1 + L4PER2 + L4PER3 domains" range="" rwaccess="RW">
      <bitenum value="0" id="DISABLED" token="WKUPDEP_SMARTREFLEX_MPU_MPU_0" description="Dependency is disabled"/>
      <bitenum value="1" id="ENABLED" token="WKUPDEP_SMARTREFLEX_MPU_MPU_1" description="Dependency is enabled"/>
    </bitfield>
  </register>
  <register id="RM_COREAON_SMARTREFLEX_MPU_CONTEXT" acronym="RM_COREAON_SMARTREFLEX_MPU_CONTEXT" offset="0x2C" width="32" description="This register contains dedicated SMARTREFLEX_MPU context statuses. [warm reset insensitive]">
    <bitfield id="RESERVED" width="31" begin="31" end="1" resetval="0x0" description="" range="" rwaccess="R"/>
    <bitfield id="LOSTCONTEXT_DFF" width="1" begin="0" end="0" resetval="0x1" description="Specify if DFF-based context has been lost due to a previous power transition or other reset source. (set upon assertion of COREAON_RST signal)" range="" rwaccess="RW">
      <bitenum value="0" id="MAINTAINED" token="LOSTCONTEXT_DFF_0" description="Context has been maintained"/>
      <bitenum value="1" id="LOST" token="LOSTCONTEXT_DFF_1" description="Context has been lost"/>
    </bitfield>
  </register>
  <register id="PM_COREAON_SMARTREFLEX_CORE_WKDEP" acronym="PM_COREAON_SMARTREFLEX_CORE_WKDEP" offset="0x38" width="32" description="This register controls wakeup dependency based on SMARTREFLEX_CORE service requests.">
    <bitfield id="RESERVED" width="22" begin="31" end="10" resetval="0x0" description="" range="" rwaccess="R"/>
    <bitfield id="WKUPDEP_SMARTREFLEX_CORE_EVE4" width="1" begin="9" end="9" resetval="0x0" description="Wakeup dependency from SMARTREFLEX_CORE module (SWakeup signal) towards EVE4 + L3_MAIN1 + L4PER1 + L4PER2 + L4PER3 domains" range="" rwaccess="RW">
      <bitenum value="0" id="DISABLED" token="WKUPDEP_SMARTREFLEX_CORE_EVE4_0" description="Dependency is disabled"/>
      <bitenum value="1" id="ENABLED" token="WKUPDEP_SMARTREFLEX_CORE_EVE4_1" description="Dependency is enabled"/>
    </bitfield>
    <bitfield id="WKUPDEP_SMARTREFLEX_CORE_EVE3" width="1" begin="8" end="8" resetval="0x0" description="Wakeup dependency from SMARTREFLEX_CORE module (SWakeup signal) towards EVE3 + L3_MAIN1 + L4PER1 + L4PER2 + L4PER3 domains" range="" rwaccess="RW">
      <bitenum value="0" id="DISABLED" token="WKUPDEP_SMARTREFLEX_CORE_EVE3_0" description="Dependency is disabled"/>
      <bitenum value="1" id="ENABLED" token="WKUPDEP_SMARTREFLEX_CORE_EVE3_1" description="Dependency is enabled"/>
    </bitfield>
    <bitfield id="WKUPDEP_SMARTREFLEX_CORE_EVE2" width="1" begin="7" end="7" resetval="0x0" description="Wakeup dependency from SMARTREFLEX_CORE module (SWakeup signal) towards EVE2 + L3_MAIN1 + L4PER1 + L4PER2 + L4PER3 domains" range="" rwaccess="RW">
      <bitenum value="0" id="DISABLED" token="WKUPDEP_SMARTREFLEX_CORE_EVE2_0" description="Dependency is disabled"/>
      <bitenum value="1" id="ENABLED" token="WKUPDEP_SMARTREFLEX_CORE_EVE2_1" description="Dependency is enabled"/>
    </bitfield>
    <bitfield id="WKUPDEP_SMARTREFLEX_CORE_EVE1" width="1" begin="6" end="6" resetval="0x0" description="Wakeup dependency from SMARTREFLEX_CORE module (SWakeup signal) towards EVE1 + L3_MAIN1 + L4PER1 + L4PER2 + L4PER3 domains" range="" rwaccess="RW">
      <bitenum value="0" id="DISABLED" token="WKUPDEP_SMARTREFLEX_CORE_EVE1_0" description="Dependency is disabled"/>
      <bitenum value="1" id="ENABLED" token="WKUPDEP_SMARTREFLEX_CORE_EVE1_1" description="Dependency is enabled"/>
    </bitfield>
    <bitfield id="WKUPDEP_SMARTREFLEX_CORE_DSP2" width="1" begin="5" end="5" resetval="0x0" description="Wakeup dependency from SMARTREFLEX_CORE module (SWakeup signal) towards DSP2 + L3_MAIN1 + L4PER1 + L4PER2 + L4PER3 domains" range="" rwaccess="RW">
      <bitenum value="0" id="DISABLED" token="WKUPDEP_SMARTREFLEX_CORE_DSP2_0" description="Dependency is disabled"/>
      <bitenum value="1" id="ENABLED" token="WKUPDEP_SMARTREFLEX_CORE_DSP2_1" description="Dependency is enabled"/>
    </bitfield>
    <bitfield id="WKUPDEP_SMARTREFLEX_CORE_IPU1" width="1" begin="4" end="4" resetval="0x0" description="Wakeup dependency from SMARTREFLEX_CORE module (SWakeup signal) towards IPU1 + L3_MAIN1 + L4PER1 + L4PER2 + L4PER3 domains" range="" rwaccess="RW">
      <bitenum value="0" id="DISABLED" token="WKUPDEP_SMARTREFLEX_CORE_IPU1_0" description="Dependency is disabled"/>
      <bitenum value="1" id="ENABLED" token="WKUPDEP_SMARTREFLEX_CORE_IPU1_1" description="Dependency is enabled"/>
    </bitfield>
    <bitfield id="RESERVED" width="1" begin="3" end="3" resetval="0x0" description="" range="" rwaccess="R"/>
    <bitfield id="WKUPDEP_SMARTREFLEX_CORE_DSP1" width="1" begin="2" end="2" resetval="0x0" description="Wakeup dependency from SMARTREFLEX_CORE module (SWakeup signal) towards DSP + L3MAIN1 + L4PER1 + L4PER2 + L4PER3 domains" range="" rwaccess="RW">
      <bitenum value="0" id="DISABLED" token="WKUPDEP_SMARTREFLEX_CORE_DSP1_0" description="Dependency is disabled"/>
      <bitenum value="1" id="ENABLED" token="WKUPDEP_SMARTREFLEX_CORE_DSP1_1" description="Dependency is enabled"/>
    </bitfield>
    <bitfield id="WKUPDEP_SMARTREFLEX_CORE_IPU2" width="1" begin="1" end="1" resetval="0x0" description="Wakeup dependency from SMARTREFLEX_CORE module (SWakeup signal) towards IPU2 + L3_MAIN1 + L4PER1 + L4PER2 + L4PER3 domains" range="" rwaccess="RW">
      <bitenum value="0" id="DISABLED" token="WKUPDEP_SMARTREFLEX_CORE_IPU2_0" description="Dependency is disabled"/>
      <bitenum value="1" id="ENABLED" token="WKUPDEP_SMARTREFLEX_CORE_IPU2_1" description="Dependency is enabled"/>
    </bitfield>
    <bitfield id="WKUPDEP_SMARTREFLEX_CORE_MPU" width="1" begin="0" end="0" resetval="0x0" description="Wakeup dependency from SMARTREFLEX_CORE module (SWakeup signal) towards MPU + L3_MAIN1 + L4PER1 + L4PER2 + L4PER3 domains" range="" rwaccess="RW">
      <bitenum value="0" id="DISABLED" token="WKUPDEP_SMARTREFLEX_CORE_MPU_0" description="Dependency is disabled"/>
      <bitenum value="1" id="ENABLED" token="WKUPDEP_SMARTREFLEX_CORE_MPU_1" description="Dependency is enabled"/>
    </bitfield>
  </register>
  <register id="RM_COREAON_SMARTREFLEX_CORE_CONTEXT" acronym="RM_COREAON_SMARTREFLEX_CORE_CONTEXT" offset="0x3C" width="32" description="This register contains dedicated SMARTREFLEX_CORE context statuses. [warm reset insensitive]">
    <bitfield id="RESERVED" width="31" begin="31" end="1" resetval="0x0" description="" range="" rwaccess="R"/>
    <bitfield id="LOSTCONTEXT_DFF" width="1" begin="0" end="0" resetval="0x1" description="Specify if DFF-based context has been lost due to a previous power transition or other reset source. (set upon assertion of COREAON_RST signal)" range="" rwaccess="RW">
      <bitenum value="0" id="MAINTAINED" token="LOSTCONTEXT_DFF_0" description="Context has been maintained"/>
      <bitenum value="1" id="LOST" token="LOSTCONTEXT_DFF_1" description="Context has been lost"/>
    </bitfield>
  </register>
  <register id="PM_COREAON_SMARTREFLEX_GPU_WKDEP" acronym="PM_COREAON_SMARTREFLEX_GPU_WKDEP" offset="0x58" width="32" description="This register controls wakeup dependency based on SMARTREFLEX_GPU service requests.">
    <bitfield id="RESERVED" width="22" begin="31" end="10" resetval="0x0" description="" range="" rwaccess="R"/>
    <bitfield id="WKUPDEP_SMARTREFLEX_GPU_EVE4" width="1" begin="9" end="9" resetval="0x0" description="Wakeup dependency from SMARTREFLEX_GPU module (SWakeup signal) towards EVE4 + L3_MAIN1 + L4PER1 + L4PER2 + L4PER3 domains" range="" rwaccess="RW">
      <bitenum value="0" id="DISABLED" token="WKUPDEP_SMARTREFLEX_GPU_EVE4_0" description="Dependency is disabled"/>
      <bitenum value="1" id="ENABLED" token="WKUPDEP_SMARTREFLEX_GPU_EVE4_1" description="Dependency is enabled"/>
    </bitfield>
    <bitfield id="WKUPDEP_SMARTREFLEX_GPU_EVE3" width="1" begin="8" end="8" resetval="0x0" description="Wakeup dependency from SMARTREFLEX_GPU module (SWakeup signal) towards EVE3 + L3_MAIN1 + L4PER1 + L4PER2 + L4PER3 domains" range="" rwaccess="RW">
      <bitenum value="0" id="DISABLED" token="WKUPDEP_SMARTREFLEX_GPU_EVE3_0" description="Dependency is disabled"/>
      <bitenum value="1" id="ENABLED" token="WKUPDEP_SMARTREFLEX_GPU_EVE3_1" description="Dependency is enabled"/>
    </bitfield>
    <bitfield id="WKUPDEP_SMARTREFLEX_GPU_EVE2" width="1" begin="7" end="7" resetval="0x0" description="Wakeup dependency from SMARTREFLEX_GPU module (SWakeup signal) towards EVE2 + L3_MAIN1 + L4PER1 + L4PER2 + L4PER3 domains" range="" rwaccess="RW">
      <bitenum value="0" id="DISABLED" token="WKUPDEP_SMARTREFLEX_GPU_EVE2_0" description="Dependency is disabled"/>
      <bitenum value="1" id="ENABLED" token="WKUPDEP_SMARTREFLEX_GPU_EVE2_1" description="Dependency is enabled"/>
    </bitfield>
    <bitfield id="WKUPDEP_SMARTREFLEX_GPU_EVE1" width="1" begin="6" end="6" resetval="0x0" description="Wakeup dependency from SMARTREFLEX_GPU module (SWakeup signal) towards EVE1 + L3_MAIN1 + L4PER1 + L4PER2 + L4PER3 domains" range="" rwaccess="RW">
      <bitenum value="0" id="DISABLED" token="WKUPDEP_SMARTREFLEX_GPU_EVE1_0" description="Dependency is disabled"/>
      <bitenum value="1" id="ENABLED" token="WKUPDEP_SMARTREFLEX_GPU_EVE1_1" description="Dependency is enabled"/>
    </bitfield>
    <bitfield id="WKUPDEP_SMARTREFLEX_GPU_DSP2" width="1" begin="5" end="5" resetval="0x0" description="Wakeup dependency from SMARTREFLEX_GPU module (SWakeup signal) towards DSP2 + L3_MAIN1 + L4PER1 + L4PER2 + L4PER3 domains" range="" rwaccess="RW">
      <bitenum value="0" id="DISABLED" token="WKUPDEP_SMARTREFLEX_GPU_DSP2_0" description="Dependency is disabled"/>
      <bitenum value="1" id="ENABLED" token="WKUPDEP_SMARTREFLEX_GPU_DSP2_1" description="Dependency is enabled"/>
    </bitfield>
    <bitfield id="WKUPDEP_SMARTREFLEX_GPU_IPU1" width="1" begin="4" end="4" resetval="0x0" description="Wakeup dependency from SMARTREFLEX_GPU module (SWakeup signal) towards IPU1 + L3_MAIN1 + L4PER1 + L4PER2 + L4PER3 domains" range="" rwaccess="RW">
      <bitenum value="0" id="DISABLED" token="WKUPDEP_SMARTREFLEX_GPU_IPU1_0" description="Dependency is disabled"/>
      <bitenum value="1" id="ENABLED" token="WKUPDEP_SMARTREFLEX_GPU_IPU1_1" description="Dependency is enabled"/>
    </bitfield>
    <bitfield id="RESERVED" width="1" begin="3" end="3" resetval="0x0" description="" range="" rwaccess="R"/>
    <bitfield id="WKUPDEP_SMARTREFLEX_GPU_DSP1" width="1" begin="2" end="2" resetval="0x0" description="Wakeup dependency from SMARTREFLEX_GPU module (SWakeup signal) towards DSP + L3MAIN1 + L4PER1 + L4PER2 + L4PER3 domains" range="" rwaccess="RW">
      <bitenum value="0" id="DISABLED" token="WKUPDEP_SMARTREFLEX_GPU_DSP1_0" description="Dependency is disabled"/>
      <bitenum value="1" id="ENABLED" token="WKUPDEP_SMARTREFLEX_GPU_DSP1_1" description="Dependency is enabled"/>
    </bitfield>
    <bitfield id="WKUPDEP_SMARTREFLEX_GPU_IPU2" width="1" begin="1" end="1" resetval="0x0" description="Wakeup dependency from SMARTREFLEX_GPU module (SWakeup signal) towards IPU2 + L3_MAIN1 + L4PER1 + L4PER2 + L4PER3 domains" range="" rwaccess="RW">
      <bitenum value="0" id="DISABLED" token="WKUPDEP_SMARTREFLEX_GPU_IPU2_0" description="Dependency is disabled"/>
      <bitenum value="1" id="ENABLED" token="WKUPDEP_SMARTREFLEX_GPU_IPU2_1" description="Dependency is enabled"/>
    </bitfield>
    <bitfield id="WKUPDEP_SMARTREFLEX_GPU_MPU" width="1" begin="0" end="0" resetval="0x0" description="Wakeup dependency from SMARTREFLEX_GPU module (SWakeup signal) towards MPU + L3_MAIN1 + L4PER1 + L4PER2 + L4PER3 domains" range="" rwaccess="RW">
      <bitenum value="0" id="DISABLED" token="WKUPDEP_SMARTREFLEX_GPU_MPU_0" description="Dependency is disabled"/>
      <bitenum value="1" id="ENABLED" token="WKUPDEP_SMARTREFLEX_GPU_MPU_1" description="Dependency is enabled"/>
    </bitfield>
  </register>
  <register id="RM_COREAON_SMARTREFLEX_GPU_CONTEXT" acronym="RM_COREAON_SMARTREFLEX_GPU_CONTEXT" offset="0x5C" width="32" description="This register contains dedicated SMARTREFLEX_GPU context statuses. [warm reset insensitive]">
    <bitfield id="RESERVED" width="31" begin="31" end="1" resetval="0x0" description="" range="" rwaccess="R"/>
    <bitfield id="LOSTCONTEXT_DFF" width="1" begin="0" end="0" resetval="0x1" description="Specify if DFF-based context has been lost due to a previous power transition or other reset source. (set upon assertion of COREAON_RST signal)" range="" rwaccess="RW">
      <bitenum value="0" id="MAINTAINED" token="LOSTCONTEXT_DFF_0" description="Context has been maintained"/>
      <bitenum value="1" id="LOST" token="LOSTCONTEXT_DFF_1" description="Context has been lost"/>
    </bitfield>
  </register>
  <register id="PM_COREAON_SMARTREFLEX_DSPEVE_WKDEP" acronym="PM_COREAON_SMARTREFLEX_DSPEVE_WKDEP" offset="0x68" width="32" description="This register controls wakeup dependency based on SMARTREFLEX_DSPEVE service requests.">
    <bitfield id="RESERVED" width="22" begin="31" end="10" resetval="0x0" description="" range="" rwaccess="R"/>
    <bitfield id="WKUPDEP_SMARTREFLEX_DSPEVE_EVE4" width="1" begin="9" end="9" resetval="0x0" description="Wakeup dependency from SMARTREFLEX_DSPEVE module (SWakeup signal) towards EVE4 + L3_MAIN1 + L4PER1 + L4PER2 + L4PER3 domains" range="" rwaccess="RW">
      <bitenum value="0" id="DISABLED" token="WKUPDEP_SMARTREFLEX_DSPEVE_EVE4_0" description="Dependency is disabled"/>
      <bitenum value="1" id="ENABLED" token="WKUPDEP_SMARTREFLEX_DSPEVE_EVE4_1" description="Dependency is enabled"/>
    </bitfield>
    <bitfield id="WKUPDEP_SMARTREFLEX_DSPEVE_EVE3" width="1" begin="8" end="8" resetval="0x0" description="Wakeup dependency from SMARTREFLEX_DSPEVE module (SWakeup signal) towards EVE3 + L3_MAIN1 + L4PER1 + L4PER2 + L4PER3 domains" range="" rwaccess="RW">
      <bitenum value="0" id="DISABLED" token="WKUPDEP_SMARTREFLEX_DSPEVE_EVE3_0" description="Dependency is disabled"/>
      <bitenum value="1" id="ENABLED" token="WKUPDEP_SMARTREFLEX_DSPEVE_EVE3_1" description="Dependency is enabled"/>
    </bitfield>
    <bitfield id="WKUPDEP_SMARTREFLEX_DSPEVE_EVE2" width="1" begin="7" end="7" resetval="0x0" description="Wakeup dependency from SMARTREFLEX_DSPEVE module (SWakeup signal) towards EVE2 + L3_MAIN1 + L4PER1 + L4PER2 + L4PER3 domains" range="" rwaccess="RW">
      <bitenum value="0" id="DISABLED" token="WKUPDEP_SMARTREFLEX_DSPEVE_EVE2_0" description="Dependency is disabled"/>
      <bitenum value="1" id="ENABLED" token="WKUPDEP_SMARTREFLEX_DSPEVE_EVE2_1" description="Dependency is enabled"/>
    </bitfield>
    <bitfield id="WKUPDEP_SMARTREFLEX_DSPEVE_EVE1" width="1" begin="6" end="6" resetval="0x0" description="Wakeup dependency from SMARTREFLEX_DSPEVE module (SWakeup signal) towards EVE1 + L3_MAIN1 + L4PER1 + L4PER2 + L4PER3 domains" range="" rwaccess="RW">
      <bitenum value="0" id="DISABLED" token="WKUPDEP_SMARTREFLEX_DSPEVE_EVE1_0" description="Dependency is disabled"/>
      <bitenum value="1" id="ENABLED" token="WKUPDEP_SMARTREFLEX_DSPEVE_EVE1_1" description="Dependency is enabled"/>
    </bitfield>
    <bitfield id="WKUPDEP_SMARTREFLEX_DSPEVE_DSP2" width="1" begin="5" end="5" resetval="0x0" description="Wakeup dependency from SMARTREFLEX_DSPEVE module (SWakeup signal) towards DSP2 + L3_MAIN1 + L4PER1 + L4PER2 + L4PER3 domains" range="" rwaccess="RW">
      <bitenum value="0" id="DISABLED" token="WKUPDEP_SMARTREFLEX_DSPEVE_DSP2_0" description="Dependency is disabled"/>
      <bitenum value="1" id="ENABLED" token="WKUPDEP_SMARTREFLEX_DSPEVE_DSP2_1" description="Dependency is enabled"/>
    </bitfield>
    <bitfield id="WKUPDEP_SMARTREFLEX_DSPEVE_IPU1" width="1" begin="4" end="4" resetval="0x0" description="Wakeup dependency from SMARTREFLEX_DSPEVE module (SWakeup signal) towards IPU1 + L3_MAIN1 + L4PER1 + L4PER2 + L4PER3 domains" range="" rwaccess="RW">
      <bitenum value="0" id="DISABLED" token="WKUPDEP_SMARTREFLEX_DSPEVE_IPU1_0" description="Dependency is disabled"/>
      <bitenum value="1" id="ENABLED" token="WKUPDEP_SMARTREFLEX_DSPEVE_IPU1_1" description="Dependency is enabled"/>
    </bitfield>
    <bitfield id="WKUPDEP_SMARTREFLEX_DSPEVE_SDMA" width="1" begin="3" end="3" resetval="0x0" description="Wakeup dependency from SMARTREFLEX_DSPEVE module (SWakeup signal) towards SDMA + L3MAIN1 + L4PER1 + L4PER2 + L4PER3 domains" range="" rwaccess="RW">
      <bitenum value="0" id="DISABLED" token="WKUPDEP_SMARTREFLEX_DSPEVE_SDMA_0" description="Dependency is disabled"/>
      <bitenum value="1" id="ENABLED" token="WKUPDEP_SMARTREFLEX_DSPEVE_SDMA_1" description="Dependency is enabled"/>
    </bitfield>
    <bitfield id="WKUPDEP_SMARTREFLEX_DSPEVE_DSP1" width="1" begin="2" end="2" resetval="0x0" description="Wakeup dependency from SMARTREFLEX_GPU module (SWakeup signal) towards DSP + L3MAIN1 + L4PER1 + L4PER2 + L4PER3 domains" range="" rwaccess="RW">
      <bitenum value="0" id="DISABLED" token="WKUPDEP_SMARTREFLEX_DSPEVE_DSP1_0" description="Dependency is disabled"/>
      <bitenum value="1" id="ENABLED" token="WKUPDEP_SMARTREFLEX_DSPEVE_DSP1_1" description="Dependency is enabled"/>
    </bitfield>
    <bitfield id="WKUPDEP_SMARTREFLEX_DSPEVE_IPU2" width="1" begin="1" end="1" resetval="0x0" description="Wakeup dependency from SMARTREFLEX_DSPEVE module (SWakeup signal) towards IPU2 + L3_MAIN1 + L4PER1 + L4PER2 + L4PER3 domains" range="" rwaccess="RW">
      <bitenum value="0" id="DISABLED" token="WKUPDEP_SMARTREFLEX_DSPEVE_IPU2_0" description="Dependency is disabled"/>
      <bitenum value="1" id="ENABLED" token="WKUPDEP_SMARTREFLEX_DSPEVE_IPU2_1" description="Dependency is enabled"/>
    </bitfield>
    <bitfield id="WKUPDEP_SMARTREFLEX_DSPEVE_MPU" width="1" begin="0" end="0" resetval="0x0" description="Wakeup dependency from SMARTREFLEX_DSPEVE module (SWakeup signal) towards MPU + L3_MAIN1 + L4PER1 + L4PER2 + L4PER3 domains" range="" rwaccess="RW">
      <bitenum value="0" id="DISABLED" token="WKUPDEP_SMARTREFLEX_DSPEVE_MPU_0" description="Dependency is disabled"/>
      <bitenum value="1" id="ENABLED" token="WKUPDEP_SMARTREFLEX_DSPEVE_MPU_1" description="Dependency is enabled"/>
    </bitfield>
  </register>
  <register id="RM_COREAON_SMARTREFLEX_DSPEVE_CONTEXT" acronym="RM_COREAON_SMARTREFLEX_DSPEVE_CONTEXT" offset="0x6C" width="32" description="This register contains dedicated SMARTREFLEX_DSPEVE context statuses. [warm reset insensitive]">
    <bitfield id="RESERVED" width="31" begin="31" end="1" resetval="0x0" description="" range="" rwaccess="R"/>
    <bitfield id="LOSTCONTEXT_DFF" width="1" begin="0" end="0" resetval="0x1" description="Specify if DFF-based context has been lost due to a previous power transition or other reset source. (set upon assertion of COREAON_RST signal)" range="" rwaccess="RW">
      <bitenum value="0" id="MAINTAINED" token="LOSTCONTEXT_DFF_0" description="Context has been maintained"/>
      <bitenum value="1" id="LOST" token="LOSTCONTEXT_DFF_1" description="Context has been lost"/>
    </bitfield>
  </register>
  <register id="PM_COREAON_SMARTREFLEX_IVAHD_WKDEP" acronym="PM_COREAON_SMARTREFLEX_IVAHD_WKDEP" offset="0x78" width="32" description="This register controls wakeup dependency based on SMARTREFLEX_IVAHD service requests.">
    <bitfield id="RESERVED" width="22" begin="31" end="10" resetval="0x0" description="" range="" rwaccess="R"/>
    <bitfield id="WKUPDEP_SMARTREFLEX_IVAHD_EVE4" width="1" begin="9" end="9" resetval="0x0" description="Wakeup dependency from SMARTREFLEX_IVAHD module (SWakeup signal) towards EVE4 + L3_MAIN1 + L4PER1 + L4PER2 + L4PER3 domains" range="" rwaccess="RW">
      <bitenum value="0" id="DISABLED" token="WKUPDEP_SMARTREFLEX_IVAHD_EVE4_0" description="Dependency is disabled"/>
      <bitenum value="1" id="ENABLED" token="WKUPDEP_SMARTREFLEX_IVAHD_EVE4_1" description="Dependency is enabled"/>
    </bitfield>
    <bitfield id="WKUPDEP_SMARTREFLEX_IVAHD_EVE3" width="1" begin="8" end="8" resetval="0x0" description="Wakeup dependency from SMARTREFLEX_IVAHD module (SWakeup signal) towards EVE3 + L3_MAIN1 + L4PER1 + L4PER2 + L4PER3 domains" range="" rwaccess="RW">
      <bitenum value="0" id="DISABLED" token="WKUPDEP_SMARTREFLEX_IVAHD_EVE3_0" description="Dependency is disabled"/>
      <bitenum value="1" id="ENABLED" token="WKUPDEP_SMARTREFLEX_IVAHD_EVE3_1" description="Dependency is enabled"/>
    </bitfield>
    <bitfield id="WKUPDEP_SMARTREFLEX_IVAHD_EVE2" width="1" begin="7" end="7" resetval="0x0" description="Wakeup dependency from SMARTREFLEX_IVAHD module (SWakeup signal) towards EVE2 + L3_MAIN1 + L4PER1 + L4PER2 + L4PER3 domains" range="" rwaccess="RW">
      <bitenum value="0" id="DISABLED" token="WKUPDEP_SMARTREFLEX_IVAHD_EVE2_0" description="Dependency is disabled"/>
      <bitenum value="1" id="ENABLED" token="WKUPDEP_SMARTREFLEX_IVAHD_EVE2_1" description="Dependency is enabled"/>
    </bitfield>
    <bitfield id="WKUPDEP_SMARTREFLEX_IVAHD_EVE1" width="1" begin="6" end="6" resetval="0x0" description="Wakeup dependency from SMARTREFLEX_IVAHD module (SWakeup signal) towards EVE1 + L3_MAIN1 + L4PER1 + L4PER2 + L4PER3 domains" range="" rwaccess="RW">
      <bitenum value="0" id="DISABLED" token="WKUPDEP_SMARTREFLEX_IVAHD_EVE1_0" description="Dependency is disabled"/>
      <bitenum value="1" id="ENABLED" token="WKUPDEP_SMARTREFLEX_IVAHD_EVE1_1" description="Dependency is enabled"/>
    </bitfield>
    <bitfield id="WKUPDEP_SMARTREFLEX_IVAHD_DSP2" width="1" begin="5" end="5" resetval="0x0" description="Wakeup dependency from SMARTREFLEX_IVAHD module (SWakeup signal) towards DSP2 + L3_MAIN1 + L4PER1 + L4PER2 + L4PER3 domains" range="" rwaccess="RW">
      <bitenum value="0" id="DISABLED" token="WKUPDEP_SMARTREFLEX_IVAHD_DSP2_0" description="Dependency is disabled"/>
      <bitenum value="1" id="ENABLED" token="WKUPDEP_SMARTREFLEX_IVAHD_DSP2_1" description="Dependency is enabled"/>
    </bitfield>
    <bitfield id="WKUPDEP_SMARTREFLEX_IVAHD_IPU1" width="1" begin="4" end="4" resetval="0x0" description="Wakeup dependency from SMARTREFLEX_IVAHD module (SWakeup signal) towards IPU1 + L3_MAIN1 + L4PER1 + L4PER2 + L4PER3 domains" range="" rwaccess="RW">
      <bitenum value="0" id="DISABLED" token="WKUPDEP_SMARTREFLEX_IVAHD_IPU1_0" description="Dependency is disabled"/>
      <bitenum value="1" id="ENABLED" token="WKUPDEP_SMARTREFLEX_IVAHD_IPU1_1" description="Dependency is enabled"/>
    </bitfield>
    <bitfield id="RESERVED" width="1" begin="3" end="3" resetval="0x0" description="" range="" rwaccess="R"/>
    <bitfield id="WKUPDEP_SMARTREFLEX_IVAHD_DSP1" width="1" begin="2" end="2" resetval="0x0" description="Wakeup dependency from SMARTREFLEX_IVAHD module (SWakeup signal) towards DSP + L3MAIN1 + L4PER1 + L4PER2 + L4PER3 domains" range="" rwaccess="RW">
      <bitenum value="0" id="DISABLED" token="WKUPDEP_SMARTREFLEX_IVAHD_DSP1_0" description="Dependency is disabled"/>
      <bitenum value="1" id="ENABLED" token="WKUPDEP_SMARTREFLEX_IVAHD_DSP1_1" description="Dependency is enabled"/>
    </bitfield>
    <bitfield id="WKUPDEP_SMARTREFLEX_IVAHD_IPU2" width="1" begin="1" end="1" resetval="0x0" description="Wakeup dependency from SMARTREFLEX_IVAHD module (SWakeup signal) towards IPU2 + L3_MAIN1 + L4PER1 + L4PER2 + L4PER3 domains" range="" rwaccess="RW">
      <bitenum value="0" id="DISABLED" token="WKUPDEP_SMARTREFLEX_IVAHD_IPU2_0" description="Dependency is disabled"/>
      <bitenum value="1" id="ENABLED" token="WKUPDEP_SMARTREFLEX_IVAHD_IPU2_1" description="Dependency is enabled"/>
    </bitfield>
    <bitfield id="WKUPDEP_SMARTREFLEX_IVAHD_MPU" width="1" begin="0" end="0" resetval="0x0" description="Wakeup dependency from SMARTREFLEX_IVAHD module (SWakeup signal) towards MPU + L3_MAIN1 + L4PER1 + L4PER2 + L4PER3 domains" range="" rwaccess="RW">
      <bitenum value="0" id="DISABLED" token="WKUPDEP_SMARTREFLEX_IVAHD_MPU_0" description="Dependency is disabled"/>
      <bitenum value="1" id="ENABLED" token="WKUPDEP_SMARTREFLEX_IVAHD_MPU_1" description="Dependency is enabled"/>
    </bitfield>
  </register>
  <register id="RM_COREAON_SMARTREFLEX_IVAHD_CONTEXT" acronym="RM_COREAON_SMARTREFLEX_IVAHD_CONTEXT" offset="0x7C" width="32" description="This register contains dedicated SMARTREFLEX_IVA context statuses. [warm reset insensitive]">
    <bitfield id="RESERVED" width="31" begin="31" end="1" resetval="0x0" description="" range="" rwaccess="R"/>
    <bitfield id="LOSTCONTEXT_DFF" width="1" begin="0" end="0" resetval="0x1" description="Specify if DFF-based context has been lost due to a previous power transition or other reset source. (set upon assertion of COREAON_RST signal)" range="" rwaccess="RW">
      <bitenum value="0" id="MAINTAINED" token="LOSTCONTEXT_DFF_0" description="Context has been maintained"/>
      <bitenum value="1" id="LOST" token="LOSTCONTEXT_DFF_1" description="Context has been lost"/>
    </bitfield>
  </register>
  <register id="RM_COREAON_DUMMY_MODULE1_CONTEXT" acronym="RM_COREAON_DUMMY_MODULE1_CONTEXT" offset="0xAC" width="32" description="This register contains dedicated DUMMY MODULE1 context statuses. [warm reset insensitive]">
    <bitfield id="RESERVED" width="31" begin="31" end="1" resetval="0x0" description="" range="" rwaccess="R"/>
    <bitfield id="LOSTCONTEXT_DFF" width="1" begin="0" end="0" resetval="0x1" description="Specify if DFF-based context has been lost due to a previous power transition or other reset source. (set upon assertion of COREAON_RST signal)" range="" rwaccess="RW">
      <bitenum value="0" id="MAINTAINED" token="LOSTCONTEXT_DFF_0" description="Context has been maintained"/>
      <bitenum value="1" id="LOST" token="LOSTCONTEXT_DFF_1" description="Context has been lost"/>
    </bitfield>
  </register>
  <register id="RM_COREAON_DUMMY_MODULE2_CONTEXT" acronym="RM_COREAON_DUMMY_MODULE2_CONTEXT" offset="0xBC" width="32" description="This register contains dedicated DUMMY MODULE2 context statuses. [warm reset insensitive]">
    <bitfield id="RESERVED" width="31" begin="31" end="1" resetval="0x0" description="" range="" rwaccess="R"/>
    <bitfield id="LOSTCONTEXT_DFF" width="1" begin="0" end="0" resetval="0x1" description="Specify if DFF-based context has been lost due to a previous power transition or other reset source. (set upon assertion of COREAON_RST signal)" range="" rwaccess="RW">
      <bitenum value="0" id="MAINTAINED" token="LOSTCONTEXT_DFF_0" description="Context has been maintained"/>
      <bitenum value="1" id="LOST" token="LOSTCONTEXT_DFF_1" description="Context has been lost"/>
    </bitfield>
  </register>
  <register id="RM_COREAON_DUMMY_MODULE3_CONTEXT" acronym="RM_COREAON_DUMMY_MODULE3_CONTEXT" offset="0xCC" width="32" description="This register contains DUMMY MODULE USBSTUB context statuses. [warm reset insensitive]">
    <bitfield id="RESERVED" width="31" begin="31" end="1" resetval="0x0" description="" range="" rwaccess="R"/>
    <bitfield id="LOSTCONTEXT_DFF" width="1" begin="0" end="0" resetval="0x1" description="Specify if DFF-based context has been lost due to a previous power transition or other reset source. (set upon assertion of COREAON_RST signal)" range="" rwaccess="RW">
      <bitenum value="0" id="MAINTAINED" token="LOSTCONTEXT_DFF_0" description="Context has been maintained"/>
      <bitenum value="1" id="LOST" token="LOSTCONTEXT_DFF_1" description="Context has been lost"/>
    </bitfield>
  </register>
  <register id="RM_COREAON_DUMMY_MODULE4_CONTEXT" acronym="RM_COREAON_DUMMY_MODULE4_CONTEXT" offset="0xDC" width="32" description="This register contains dedicated DUMMY MODULE context statuses. [warm reset insensitive]">
    <bitfield id="RESERVED" width="31" begin="31" end="1" resetval="0x0" description="" range="" rwaccess="R"/>
    <bitfield id="LOSTCONTEXT_DFF" width="1" begin="0" end="0" resetval="0x1" description="Specify if DFF-based context has been lost due to a previous power transition or other reset source. (set upon assertion of COREAON_RST signal)" range="" rwaccess="RW">
      <bitenum value="0" id="MAINTAINED" token="LOSTCONTEXT_DFF_0" description="Context has been maintained"/>
      <bitenum value="1" id="LOST" token="LOSTCONTEXT_DFF_1" description="Context has been lost"/>
    </bitfield>
  </register>
</module>
