<module name="MA_MPU_NTTP_FW" acronym="" XML_version="1.0" HW_revision="n/a" description="">
  <register id="ERROR_LOG_k_0" acronym="ERROR_LOG_k_0" offset="0x0" width="32" description="Error log register for port k">
    <bitfield id="RESERVED" width="8" begin="31" end="24" resetval="0x00" description="Reads return 0s." range="" rwaccess="R"/>
    <bitfield id="BLK_BURST_VIOLATION" width="1" begin="23" end="23" resetval="0" description="Read 0x1: 2D burst not allowed or exceeding allowed size Write to clear ERROR_LOG_k and LOGICAL_ADDR_ERRLOG_k registers" range="" rwaccess="RW"/>
    <bitfield id="RESERVED" width="1" begin="22" end="22" resetval="0" description="Reads return 0s." range="" rwaccess="R"/>
    <bitfield id="REGION_START_ERRLOG" width="5" begin="21" end="17" resetval="0x00" description="Read: Wrong access hit this region number Write to clear ERROR_LOG_k and LOGICAL_ADDR_ERRLOG_k registers" range="" rwaccess="RW"/>
    <bitfield id="REGION_END_ERRLOG" width="5" begin="16" end="12" resetval="0x00" description="Read: Wrong access hit this region number Write to clear ERROR_LOG_k and LOGICAL_ADDR_ERRLOG_k registers" range="" rwaccess="RW"/>
    <bitfield id="REQINFO_ERRLOG" width="12" begin="11" end="0" resetval="0x000" description="Read: Error in reqinfo vector mapped as follows: [11: 8] ConnID [3:0] [7] MCMD [0] [6:4] MreqDomain [3] MReqDebug [2] Reserved [1] MReqSupervisor [0] MReqType Write to clear ERROR_LOG_k and LOGICAL_ADDR_ERRLOG_k registers" range="" rwaccess="RW"/>
  </register>
  <register id="ERROR_LOG_k_1" acronym="ERROR_LOG_k_1" offset="0x10" width="32" description="Error log register for port k">
    <bitfield id="RESERVED" width="8" begin="31" end="24" resetval="0x00" description="Reads return 0s." range="" rwaccess="R"/>
    <bitfield id="BLK_BURST_VIOLATION" width="1" begin="23" end="23" resetval="0" description="Read 0x1: 2D burst not allowed or exceeding allowed size Write to clear ERROR_LOG_k and LOGICAL_ADDR_ERRLOG_k registers" range="" rwaccess="RW"/>
    <bitfield id="RESERVED" width="1" begin="22" end="22" resetval="0" description="Reads return 0s." range="" rwaccess="R"/>
    <bitfield id="REGION_START_ERRLOG" width="5" begin="21" end="17" resetval="0x00" description="Read: Wrong access hit this region number Write to clear ERROR_LOG_k and LOGICAL_ADDR_ERRLOG_k registers" range="" rwaccess="RW"/>
    <bitfield id="REGION_END_ERRLOG" width="5" begin="16" end="12" resetval="0x00" description="Read: Wrong access hit this region number Write to clear ERROR_LOG_k and LOGICAL_ADDR_ERRLOG_k registers" range="" rwaccess="RW"/>
    <bitfield id="REQINFO_ERRLOG" width="12" begin="11" end="0" resetval="0x000" description="Read: Error in reqinfo vector mapped as follows: [11: 8] ConnID [3:0] [7] MCMD [0] [6:4] MreqDomain [3] MReqDebug [2] Reserved [1] MReqSupervisor [0] MReqType Write to clear ERROR_LOG_k and LOGICAL_ADDR_ERRLOG_k registers" range="" rwaccess="RW"/>
  </register>
  <register id="LOGICAL_ADDR_ERRLOG_k_0" acronym="LOGICAL_ADDR_ERRLOG_k_0" offset="0x4" width="32" description="Logical Physical Address Error log register for port k">
    <bitfield id="SLVOFS_LOGICAL" width="32" begin="31" end="0" resetval="0x00000" description="Address generated by the Initiator before being translated" range="" rwaccess="R"/>
  </register>
  <register id="LOGICAL_ADDR_ERRLOG_k_1" acronym="LOGICAL_ADDR_ERRLOG_k_1" offset="0x14" width="32" description="Logical Physical Address Error log register for port k">
    <bitfield id="SLVOFS_LOGICAL" width="32" begin="31" end="0" resetval="0x00000" description="Address generated by the Initiator before being translated" range="" rwaccess="R"/>
  </register>
  <register id="REGUPDATE_CONTROL" acronym="REGUPDATE_CONTROL" offset="0x40" width="32" description="Register update control register">
    <bitfield id="RESERVED" width="12" begin="31" end="20" resetval="0x0000 0000" description="Reads return 0s." range="" rwaccess="R"/>
    <bitfield id="FW_ADDR_SPACE_MSB" width="4" begin="19" end="16" resetval="0x2" description="Address space size" range="" rwaccess="R"/>
    <bitfield id="RESERVED" width="14" begin="15" end="2" resetval="0x0000 0000" description="Reserved" range="" rwaccess="R"/>
    <bitfield id="FW_LOAD_REQ" width="1" begin="1" end="1" resetval="0x1" description="Writing '1' to this bit causes the bit to self-clear and triggers the reload of L3 firewall default values. This bit will subsequently self-set when the reload procedure is complete. Writing '0' has no effect." range="" rwaccess="RW W1toClr"/>
    <bitfield id="BUSY_REQ" width="1" begin="0" end="0" resetval="0x0" description="Busy request 0x0: Allow transactions to reach the slave NIU (resume) 0x1: No transaction can reach the slave NIU (suspend)" range="" rwaccess="RW"/>
  </register>
  <register id="START_REGION_i_1" acronym="START_REGION_i_1" offset="0x90" width="32" description="Start physical address of region i">
    <bitfield id="START_REGION" width="22" begin="31" end="10" resetval="0x00000" description="Physical target start address of firewall region i. The size of this bit field depends on target addressable space, the maximum is [31:10]. See. Each of the LSbits is assumed to be 0.The programmed address is included in the region i boundary." range="" rwaccess="RW"/>
    <bitfield id="RESERVED" width="10" begin="9" end="0" resetval="0x0000" description="Reads return 0s." range="" rwaccess="R"/>
  </register>
  <register id="START_REGION_i_2" acronym="START_REGION_i_2" offset="0xA0" width="32" description="Start physical address of region i">
    <bitfield id="START_REGION" width="22" begin="31" end="10" resetval="0x00000" description="Physical target start address of firewall region i. The size of this bit field depends on target addressable space, the maximum is [31:10]. See. Each of the LSbits is assumed to be 0.The programmed address is included in the region i boundary." range="" rwaccess="RW"/>
    <bitfield id="RESERVED" width="10" begin="9" end="0" resetval="0x0000" description="Reads return 0s." range="" rwaccess="R"/>
  </register>
  <register id="START_REGION_i_3" acronym="START_REGION_i_3" offset="0xB0" width="32" description="Start physical address of region i">
    <bitfield id="START_REGION" width="22" begin="31" end="10" resetval="0x00000" description="Physical target start address of firewall region i. The size of this bit field depends on target addressable space, the maximum is [31:10]. See. Each of the LSbits is assumed to be 0.The programmed address is included in the region i boundary." range="" rwaccess="RW"/>
    <bitfield id="RESERVED" width="10" begin="9" end="0" resetval="0x0000" description="Reads return 0s." range="" rwaccess="R"/>
  </register>
  <register id="START_REGION_i_4" acronym="START_REGION_i_4" offset="0xC0" width="32" description="Start physical address of region i">
    <bitfield id="START_REGION" width="22" begin="31" end="10" resetval="0x00000" description="Physical target start address of firewall region i. The size of this bit field depends on target addressable space, the maximum is [31:10]. See. Each of the LSbits is assumed to be 0.The programmed address is included in the region i boundary." range="" rwaccess="RW"/>
    <bitfield id="RESERVED" width="10" begin="9" end="0" resetval="0x0000" description="Reads return 0s." range="" rwaccess="R"/>
  </register>
  <register id="START_REGION_i_5" acronym="START_REGION_i_5" offset="0xD0" width="32" description="Start physical address of region i">
    <bitfield id="START_REGION" width="22" begin="31" end="10" resetval="0x00000" description="Physical target start address of firewall region i. The size of this bit field depends on target addressable space, the maximum is [31:10]. See. Each of the LSbits is assumed to be 0.The programmed address is included in the region i boundary." range="" rwaccess="RW"/>
    <bitfield id="RESERVED" width="10" begin="9" end="0" resetval="0x0000" description="Reads return 0s." range="" rwaccess="R"/>
  </register>
  <register id="START_REGION_i_6" acronym="START_REGION_i_6" offset="0xE0" width="32" description="Start physical address of region i">
    <bitfield id="START_REGION" width="22" begin="31" end="10" resetval="0x00000" description="Physical target start address of firewall region i. The size of this bit field depends on target addressable space, the maximum is [31:10]. See. Each of the LSbits is assumed to be 0.The programmed address is included in the region i boundary." range="" rwaccess="RW"/>
    <bitfield id="RESERVED" width="10" begin="9" end="0" resetval="0x0000" description="Reads return 0s." range="" rwaccess="R"/>
  </register>
  <register id="START_REGION_i_7" acronym="START_REGION_i_7" offset="0xF0" width="32" description="Start physical address of region i">
    <bitfield id="START_REGION" width="22" begin="31" end="10" resetval="0x00000" description="Physical target start address of firewall region i. The size of this bit field depends on target addressable space, the maximum is [31:10]. See. Each of the LSbits is assumed to be 0.The programmed address is included in the region i boundary." range="" rwaccess="RW"/>
    <bitfield id="RESERVED" width="10" begin="9" end="0" resetval="0x0000" description="Reads return 0s." range="" rwaccess="R"/>
  </register>
  <register id="END_REGION_i_1" acronym="END_REGION_i_1" offset="0x94" width="32" description="End physical address of region i">
    <bitfield id="END_REGION" width="22" begin="31" end="10" resetval="0x00000" description="Physical target end address of firewall region i. The size of this bit field depends on target addressable space, the maximum is [31:10]. See. Each of the LSbits is assumed to be 1.The programmed address is included in the region i boundary." range="" rwaccess="RW"/>
    <bitfield id="RESERVED" width="8" begin="9" end="2" resetval="0x0000" description="Reads return 0s." range="" rwaccess="R"/>
    <bitfield id="END_REGION_i_ENABLE_CORE1" width="1" begin="1" end="1" resetval="0x0" description="Enable this region for port 1." range="" rwaccess="RW"/>
    <bitfield id="END_REGION_i_ENABLE_CORE0" width="1" begin="0" end="0" resetval="0x0" description="Enable this region for port 0." range="" rwaccess="RW"/>
  </register>
  <register id="END_REGION_i_2" acronym="END_REGION_i_2" offset="0xA4" width="32" description="End physical address of region i">
    <bitfield id="END_REGION" width="22" begin="31" end="10" resetval="0x00000" description="Physical target end address of firewall region i. The size of this bit field depends on target addressable space, the maximum is [31:10]. See. Each of the LSbits is assumed to be 1.The programmed address is included in the region i boundary." range="" rwaccess="RW"/>
    <bitfield id="RESERVED" width="8" begin="9" end="2" resetval="0x0000" description="Reads return 0s." range="" rwaccess="R"/>
    <bitfield id="END_REGION_i_ENABLE_CORE1" width="1" begin="1" end="1" resetval="0x0" description="Enable this region for port 1." range="" rwaccess="RW"/>
    <bitfield id="END_REGION_i_ENABLE_CORE0" width="1" begin="0" end="0" resetval="0x0" description="Enable this region for port 0." range="" rwaccess="RW"/>
  </register>
  <register id="END_REGION_i_3" acronym="END_REGION_i_3" offset="0xB4" width="32" description="End physical address of region i">
    <bitfield id="END_REGION" width="22" begin="31" end="10" resetval="0x00000" description="Physical target end address of firewall region i. The size of this bit field depends on target addressable space, the maximum is [31:10]. See. Each of the LSbits is assumed to be 1.The programmed address is included in the region i boundary." range="" rwaccess="RW"/>
    <bitfield id="RESERVED" width="8" begin="9" end="2" resetval="0x0000" description="Reads return 0s." range="" rwaccess="R"/>
    <bitfield id="END_REGION_i_ENABLE_CORE1" width="1" begin="1" end="1" resetval="0x0" description="Enable this region for port 1." range="" rwaccess="RW"/>
    <bitfield id="END_REGION_i_ENABLE_CORE0" width="1" begin="0" end="0" resetval="0x0" description="Enable this region for port 0." range="" rwaccess="RW"/>
  </register>
  <register id="END_REGION_i_4" acronym="END_REGION_i_4" offset="0xC4" width="32" description="End physical address of region i">
    <bitfield id="END_REGION" width="22" begin="31" end="10" resetval="0x00000" description="Physical target end address of firewall region i. The size of this bit field depends on target addressable space, the maximum is [31:10]. See. Each of the LSbits is assumed to be 1.The programmed address is included in the region i boundary." range="" rwaccess="RW"/>
    <bitfield id="RESERVED" width="8" begin="9" end="2" resetval="0x0000" description="Reads return 0s." range="" rwaccess="R"/>
    <bitfield id="END_REGION_i_ENABLE_CORE1" width="1" begin="1" end="1" resetval="0x0" description="Enable this region for port 1." range="" rwaccess="RW"/>
    <bitfield id="END_REGION_i_ENABLE_CORE0" width="1" begin="0" end="0" resetval="0x0" description="Enable this region for port 0." range="" rwaccess="RW"/>
  </register>
  <register id="END_REGION_i_5" acronym="END_REGION_i_5" offset="0xD4" width="32" description="End physical address of region i">
    <bitfield id="END_REGION" width="22" begin="31" end="10" resetval="0x00000" description="Physical target end address of firewall region i. The size of this bit field depends on target addressable space, the maximum is [31:10]. See. Each of the LSbits is assumed to be 1.The programmed address is included in the region i boundary." range="" rwaccess="RW"/>
    <bitfield id="RESERVED" width="8" begin="9" end="2" resetval="0x0000" description="Reads return 0s." range="" rwaccess="R"/>
    <bitfield id="END_REGION_i_ENABLE_CORE1" width="1" begin="1" end="1" resetval="0x0" description="Enable this region for port 1." range="" rwaccess="RW"/>
    <bitfield id="END_REGION_i_ENABLE_CORE0" width="1" begin="0" end="0" resetval="0x0" description="Enable this region for port 0." range="" rwaccess="RW"/>
  </register>
  <register id="END_REGION_i_6" acronym="END_REGION_i_6" offset="0xE4" width="32" description="End physical address of region i">
    <bitfield id="END_REGION" width="22" begin="31" end="10" resetval="0x00000" description="Physical target end address of firewall region i. The size of this bit field depends on target addressable space, the maximum is [31:10]. See. Each of the LSbits is assumed to be 1.The programmed address is included in the region i boundary." range="" rwaccess="RW"/>
    <bitfield id="RESERVED" width="8" begin="9" end="2" resetval="0x0000" description="Reads return 0s." range="" rwaccess="R"/>
    <bitfield id="END_REGION_i_ENABLE_CORE1" width="1" begin="1" end="1" resetval="0x0" description="Enable this region for port 1." range="" rwaccess="RW"/>
    <bitfield id="END_REGION_i_ENABLE_CORE0" width="1" begin="0" end="0" resetval="0x0" description="Enable this region for port 0." range="" rwaccess="RW"/>
  </register>
  <register id="END_REGION_i_7" acronym="END_REGION_i_7" offset="0xF4" width="32" description="End physical address of region i">
    <bitfield id="END_REGION" width="22" begin="31" end="10" resetval="0x00000" description="Physical target end address of firewall region i. The size of this bit field depends on target addressable space, the maximum is [31:10]. See. Each of the LSbits is assumed to be 1.The programmed address is included in the region i boundary." range="" rwaccess="RW"/>
    <bitfield id="RESERVED" width="8" begin="9" end="2" resetval="0x0000" description="Reads return 0s." range="" rwaccess="R"/>
    <bitfield id="END_REGION_i_ENABLE_CORE1" width="1" begin="1" end="1" resetval="0x0" description="Enable this region for port 1." range="" rwaccess="RW"/>
    <bitfield id="END_REGION_i_ENABLE_CORE0" width="1" begin="0" end="0" resetval="0x0" description="Enable this region for port 0." range="" rwaccess="RW"/>
  </register>
  <register id="MRM_PERMISSION_REGION_LOW_j_0" acronym="MRM_PERMISSION_REGION_LOW_j_0" offset="0x88" width="32" description="Region j Permission Low">
    <bitfield id="RESERVED" width="16" begin="31" end="16" resetval="See." description="RESERVED" range="" rwaccess="R"/>
    <bitfield id="PUB_PRV_DEBUG" width="1" begin="15" end="15" resetval="See." description="Public Privilege Debug Allowed" range="" rwaccess="RW"/>
    <bitfield id="PUB_USR_DEBUG" width="1" begin="14" end="14" resetval="See." description="Public User Debug Allowed" range="" rwaccess="RW"/>
    <bitfield id="RESERVED" width="2" begin="13" end="12" resetval="See." description="RESERVED" range="" rwaccess="R"/>
    <bitfield id="PUB_PRV_WRITE" width="1" begin="11" end="11" resetval="See." description="Public Privilege Write Allowed" range="" rwaccess="RW"/>
    <bitfield id="PUB_PRV_READ" width="1" begin="10" end="10" resetval="See." description="Public Privilege Read Allowed" range="" rwaccess="RW"/>
    <bitfield id="PUB_PRV_EXE" width="1" begin="9" end="9" resetval="See." description="Public Privilege Exe Allowed" range="" rwaccess="RW"/>
    <bitfield id="PUB_USR_READ" width="1" begin="8" end="8" resetval="See." description="Public User Read Access Allowed" range="" rwaccess="RW"/>
    <bitfield id="PUB_USR_WRITE" width="1" begin="7" end="7" resetval="See." description="Public User Write Access Allowed" range="" rwaccess="RW"/>
    <bitfield id="PUB_USR_EXE" width="1" begin="6" end="6" resetval="See." description="Public User Exe Access Allowed" range="" rwaccess="RW"/>
    <bitfield id="RESERVED" width="6" begin="5" end="0" resetval="See." description="RESERVED" range="" rwaccess="R"/>
  </register>
  <register id="MRM_PERMISSION_REGION_LOW_j_1" acronym="MRM_PERMISSION_REGION_LOW_j_1" offset="0x98" width="32" description="Region j Permission Low">
    <bitfield id="RESERVED" width="16" begin="31" end="16" resetval="See." description="RESERVED" range="" rwaccess="R"/>
    <bitfield id="PUB_PRV_DEBUG" width="1" begin="15" end="15" resetval="See." description="Public Privilege Debug Allowed" range="" rwaccess="RW"/>
    <bitfield id="PUB_USR_DEBUG" width="1" begin="14" end="14" resetval="See." description="Public User Debug Allowed" range="" rwaccess="RW"/>
    <bitfield id="RESERVED" width="2" begin="13" end="12" resetval="See." description="RESERVED" range="" rwaccess="R"/>
    <bitfield id="PUB_PRV_WRITE" width="1" begin="11" end="11" resetval="See." description="Public Privilege Write Allowed" range="" rwaccess="RW"/>
    <bitfield id="PUB_PRV_READ" width="1" begin="10" end="10" resetval="See." description="Public Privilege Read Allowed" range="" rwaccess="RW"/>
    <bitfield id="PUB_PRV_EXE" width="1" begin="9" end="9" resetval="See." description="Public Privilege Exe Allowed" range="" rwaccess="RW"/>
    <bitfield id="PUB_USR_READ" width="1" begin="8" end="8" resetval="See." description="Public User Read Access Allowed" range="" rwaccess="RW"/>
    <bitfield id="PUB_USR_WRITE" width="1" begin="7" end="7" resetval="See." description="Public User Write Access Allowed" range="" rwaccess="RW"/>
    <bitfield id="PUB_USR_EXE" width="1" begin="6" end="6" resetval="See." description="Public User Exe Access Allowed" range="" rwaccess="RW"/>
    <bitfield id="RESERVED" width="6" begin="5" end="0" resetval="See." description="RESERVED" range="" rwaccess="R"/>
  </register>
  <register id="MRM_PERMISSION_REGION_LOW_j_2" acronym="MRM_PERMISSION_REGION_LOW_j_2" offset="0xA8" width="32" description="Region j Permission Low">
    <bitfield id="RESERVED" width="16" begin="31" end="16" resetval="See." description="RESERVED" range="" rwaccess="R"/>
    <bitfield id="PUB_PRV_DEBUG" width="1" begin="15" end="15" resetval="See." description="Public Privilege Debug Allowed" range="" rwaccess="RW"/>
    <bitfield id="PUB_USR_DEBUG" width="1" begin="14" end="14" resetval="See." description="Public User Debug Allowed" range="" rwaccess="RW"/>
    <bitfield id="RESERVED" width="2" begin="13" end="12" resetval="See." description="RESERVED" range="" rwaccess="R"/>
    <bitfield id="PUB_PRV_WRITE" width="1" begin="11" end="11" resetval="See." description="Public Privilege Write Allowed" range="" rwaccess="RW"/>
    <bitfield id="PUB_PRV_READ" width="1" begin="10" end="10" resetval="See." description="Public Privilege Read Allowed" range="" rwaccess="RW"/>
    <bitfield id="PUB_PRV_EXE" width="1" begin="9" end="9" resetval="See." description="Public Privilege Exe Allowed" range="" rwaccess="RW"/>
    <bitfield id="PUB_USR_READ" width="1" begin="8" end="8" resetval="See." description="Public User Read Access Allowed" range="" rwaccess="RW"/>
    <bitfield id="PUB_USR_WRITE" width="1" begin="7" end="7" resetval="See." description="Public User Write Access Allowed" range="" rwaccess="RW"/>
    <bitfield id="PUB_USR_EXE" width="1" begin="6" end="6" resetval="See." description="Public User Exe Access Allowed" range="" rwaccess="RW"/>
    <bitfield id="RESERVED" width="6" begin="5" end="0" resetval="See." description="RESERVED" range="" rwaccess="R"/>
  </register>
  <register id="MRM_PERMISSION_REGION_LOW_j_3" acronym="MRM_PERMISSION_REGION_LOW_j_3" offset="0xB8" width="32" description="Region j Permission Low">
    <bitfield id="RESERVED" width="16" begin="31" end="16" resetval="See." description="RESERVED" range="" rwaccess="R"/>
    <bitfield id="PUB_PRV_DEBUG" width="1" begin="15" end="15" resetval="See." description="Public Privilege Debug Allowed" range="" rwaccess="RW"/>
    <bitfield id="PUB_USR_DEBUG" width="1" begin="14" end="14" resetval="See." description="Public User Debug Allowed" range="" rwaccess="RW"/>
    <bitfield id="RESERVED" width="2" begin="13" end="12" resetval="See." description="RESERVED" range="" rwaccess="R"/>
    <bitfield id="PUB_PRV_WRITE" width="1" begin="11" end="11" resetval="See." description="Public Privilege Write Allowed" range="" rwaccess="RW"/>
    <bitfield id="PUB_PRV_READ" width="1" begin="10" end="10" resetval="See." description="Public Privilege Read Allowed" range="" rwaccess="RW"/>
    <bitfield id="PUB_PRV_EXE" width="1" begin="9" end="9" resetval="See." description="Public Privilege Exe Allowed" range="" rwaccess="RW"/>
    <bitfield id="PUB_USR_READ" width="1" begin="8" end="8" resetval="See." description="Public User Read Access Allowed" range="" rwaccess="RW"/>
    <bitfield id="PUB_USR_WRITE" width="1" begin="7" end="7" resetval="See." description="Public User Write Access Allowed" range="" rwaccess="RW"/>
    <bitfield id="PUB_USR_EXE" width="1" begin="6" end="6" resetval="See." description="Public User Exe Access Allowed" range="" rwaccess="RW"/>
    <bitfield id="RESERVED" width="6" begin="5" end="0" resetval="See." description="RESERVED" range="" rwaccess="R"/>
  </register>
  <register id="MRM_PERMISSION_REGION_LOW_j_4" acronym="MRM_PERMISSION_REGION_LOW_j_4" offset="0xC8" width="32" description="Region j Permission Low">
    <bitfield id="RESERVED" width="16" begin="31" end="16" resetval="See." description="RESERVED" range="" rwaccess="R"/>
    <bitfield id="PUB_PRV_DEBUG" width="1" begin="15" end="15" resetval="See." description="Public Privilege Debug Allowed" range="" rwaccess="RW"/>
    <bitfield id="PUB_USR_DEBUG" width="1" begin="14" end="14" resetval="See." description="Public User Debug Allowed" range="" rwaccess="RW"/>
    <bitfield id="RESERVED" width="2" begin="13" end="12" resetval="See." description="RESERVED" range="" rwaccess="R"/>
    <bitfield id="PUB_PRV_WRITE" width="1" begin="11" end="11" resetval="See." description="Public Privilege Write Allowed" range="" rwaccess="RW"/>
    <bitfield id="PUB_PRV_READ" width="1" begin="10" end="10" resetval="See." description="Public Privilege Read Allowed" range="" rwaccess="RW"/>
    <bitfield id="PUB_PRV_EXE" width="1" begin="9" end="9" resetval="See." description="Public Privilege Exe Allowed" range="" rwaccess="RW"/>
    <bitfield id="PUB_USR_READ" width="1" begin="8" end="8" resetval="See." description="Public User Read Access Allowed" range="" rwaccess="RW"/>
    <bitfield id="PUB_USR_WRITE" width="1" begin="7" end="7" resetval="See." description="Public User Write Access Allowed" range="" rwaccess="RW"/>
    <bitfield id="PUB_USR_EXE" width="1" begin="6" end="6" resetval="See." description="Public User Exe Access Allowed" range="" rwaccess="RW"/>
    <bitfield id="RESERVED" width="6" begin="5" end="0" resetval="See." description="RESERVED" range="" rwaccess="R"/>
  </register>
  <register id="MRM_PERMISSION_REGION_LOW_j_5" acronym="MRM_PERMISSION_REGION_LOW_j_5" offset="0xD8" width="32" description="Region j Permission Low">
    <bitfield id="RESERVED" width="16" begin="31" end="16" resetval="See." description="RESERVED" range="" rwaccess="R"/>
    <bitfield id="PUB_PRV_DEBUG" width="1" begin="15" end="15" resetval="See." description="Public Privilege Debug Allowed" range="" rwaccess="RW"/>
    <bitfield id="PUB_USR_DEBUG" width="1" begin="14" end="14" resetval="See." description="Public User Debug Allowed" range="" rwaccess="RW"/>
    <bitfield id="RESERVED" width="2" begin="13" end="12" resetval="See." description="RESERVED" range="" rwaccess="R"/>
    <bitfield id="PUB_PRV_WRITE" width="1" begin="11" end="11" resetval="See." description="Public Privilege Write Allowed" range="" rwaccess="RW"/>
    <bitfield id="PUB_PRV_READ" width="1" begin="10" end="10" resetval="See." description="Public Privilege Read Allowed" range="" rwaccess="RW"/>
    <bitfield id="PUB_PRV_EXE" width="1" begin="9" end="9" resetval="See." description="Public Privilege Exe Allowed" range="" rwaccess="RW"/>
    <bitfield id="PUB_USR_READ" width="1" begin="8" end="8" resetval="See." description="Public User Read Access Allowed" range="" rwaccess="RW"/>
    <bitfield id="PUB_USR_WRITE" width="1" begin="7" end="7" resetval="See." description="Public User Write Access Allowed" range="" rwaccess="RW"/>
    <bitfield id="PUB_USR_EXE" width="1" begin="6" end="6" resetval="See." description="Public User Exe Access Allowed" range="" rwaccess="RW"/>
    <bitfield id="RESERVED" width="6" begin="5" end="0" resetval="See." description="RESERVED" range="" rwaccess="R"/>
  </register>
  <register id="MRM_PERMISSION_REGION_LOW_j_6" acronym="MRM_PERMISSION_REGION_LOW_j_6" offset="0xE8" width="32" description="Region j Permission Low">
    <bitfield id="RESERVED" width="16" begin="31" end="16" resetval="See." description="RESERVED" range="" rwaccess="R"/>
    <bitfield id="PUB_PRV_DEBUG" width="1" begin="15" end="15" resetval="See." description="Public Privilege Debug Allowed" range="" rwaccess="RW"/>
    <bitfield id="PUB_USR_DEBUG" width="1" begin="14" end="14" resetval="See." description="Public User Debug Allowed" range="" rwaccess="RW"/>
    <bitfield id="RESERVED" width="2" begin="13" end="12" resetval="See." description="RESERVED" range="" rwaccess="R"/>
    <bitfield id="PUB_PRV_WRITE" width="1" begin="11" end="11" resetval="See." description="Public Privilege Write Allowed" range="" rwaccess="RW"/>
    <bitfield id="PUB_PRV_READ" width="1" begin="10" end="10" resetval="See." description="Public Privilege Read Allowed" range="" rwaccess="RW"/>
    <bitfield id="PUB_PRV_EXE" width="1" begin="9" end="9" resetval="See." description="Public Privilege Exe Allowed" range="" rwaccess="RW"/>
    <bitfield id="PUB_USR_READ" width="1" begin="8" end="8" resetval="See." description="Public User Read Access Allowed" range="" rwaccess="RW"/>
    <bitfield id="PUB_USR_WRITE" width="1" begin="7" end="7" resetval="See." description="Public User Write Access Allowed" range="" rwaccess="RW"/>
    <bitfield id="PUB_USR_EXE" width="1" begin="6" end="6" resetval="See." description="Public User Exe Access Allowed" range="" rwaccess="RW"/>
    <bitfield id="RESERVED" width="6" begin="5" end="0" resetval="See." description="RESERVED" range="" rwaccess="R"/>
  </register>
  <register id="MRM_PERMISSION_REGION_LOW_j_7" acronym="MRM_PERMISSION_REGION_LOW_j_7" offset="0xF8" width="32" description="Region j Permission Low">
    <bitfield id="RESERVED" width="16" begin="31" end="16" resetval="See." description="RESERVED" range="" rwaccess="R"/>
    <bitfield id="PUB_PRV_DEBUG" width="1" begin="15" end="15" resetval="See." description="Public Privilege Debug Allowed" range="" rwaccess="RW"/>
    <bitfield id="PUB_USR_DEBUG" width="1" begin="14" end="14" resetval="See." description="Public User Debug Allowed" range="" rwaccess="RW"/>
    <bitfield id="RESERVED" width="2" begin="13" end="12" resetval="See." description="RESERVED" range="" rwaccess="R"/>
    <bitfield id="PUB_PRV_WRITE" width="1" begin="11" end="11" resetval="See." description="Public Privilege Write Allowed" range="" rwaccess="RW"/>
    <bitfield id="PUB_PRV_READ" width="1" begin="10" end="10" resetval="See." description="Public Privilege Read Allowed" range="" rwaccess="RW"/>
    <bitfield id="PUB_PRV_EXE" width="1" begin="9" end="9" resetval="See." description="Public Privilege Exe Allowed" range="" rwaccess="RW"/>
    <bitfield id="PUB_USR_READ" width="1" begin="8" end="8" resetval="See." description="Public User Read Access Allowed" range="" rwaccess="RW"/>
    <bitfield id="PUB_USR_WRITE" width="1" begin="7" end="7" resetval="See." description="Public User Write Access Allowed" range="" rwaccess="RW"/>
    <bitfield id="PUB_USR_EXE" width="1" begin="6" end="6" resetval="See." description="Public User Exe Access Allowed" range="" rwaccess="RW"/>
    <bitfield id="RESERVED" width="6" begin="5" end="0" resetval="See." description="RESERVED" range="" rwaccess="R"/>
  </register>
  <register id="MRM_PERMISSION_REGION_HIGH_j_0" acronym="MRM_PERMISSION_REGION_HIGH_j_0" offset="0x8C" width="32" description="Region j Permission High">
    <bitfield id="W15" width="1" begin="31" end="31" resetval="0x1" description="Master NIU ConnID = 115 write permission" range="" rwaccess="RW"/>
    <bitfield id="R15" width="1" begin="30" end="30" resetval="0x1" description="Master NIU ConnID = 115 read permission" range="" rwaccess="RW"/>
    <bitfield id="W14" width="1" begin="29" end="29" resetval="0x1" description="Master NIU ConnID = 14 write permission" range="" rwaccess="RW"/>
    <bitfield id="R14" width="1" begin="28" end="28" resetval="0x1" description="Master NIU ConnID = 14 read permission" range="" rwaccess="RW"/>
    <bitfield id="W13" width="1" begin="27" end="27" resetval="0x1" description="Master NIU ConnID = 13 write permission" range="" rwaccess="RW"/>
    <bitfield id="R13" width="1" begin="26" end="26" resetval="0x1" description="Master NIU ConnID = 13 read permission" range="" rwaccess="RW"/>
    <bitfield id="W12" width="1" begin="25" end="25" resetval="0x1" description="Master NIU ConnID = 12 write permission" range="" rwaccess="RW"/>
    <bitfield id="R12" width="1" begin="24" end="24" resetval="0x1" description="Master NIU ConnID = 12 read permission" range="" rwaccess="RW"/>
    <bitfield id="W11" width="1" begin="23" end="23" resetval="0x1" description="Master NIU ConnID = 11 write permission" range="" rwaccess="RW"/>
    <bitfield id="R11" width="1" begin="22" end="22" resetval="0x1" description="Master NIU ConnID = 11 read permission" range="" rwaccess="RW"/>
    <bitfield id="W10" width="1" begin="21" end="21" resetval="0x1" description="Master NIU ConnID = 10 write permission" range="" rwaccess="RW"/>
    <bitfield id="R10" width="1" begin="20" end="20" resetval="0x1" description="Master NIU ConnID = 10 read permission" range="" rwaccess="RW"/>
    <bitfield id="W9" width="1" begin="19" end="19" resetval="0x1" description="Master NIU ConnID = 9 write permission" range="" rwaccess="RW"/>
    <bitfield id="R9" width="1" begin="18" end="18" resetval="0x1" description="Master NIU ConnID = 9 read permission" range="" rwaccess="RW"/>
    <bitfield id="W8" width="1" begin="17" end="17" resetval="0x1" description="Master NIU ConnID = 8 write permission" range="" rwaccess="RW"/>
    <bitfield id="R8" width="1" begin="16" end="16" resetval="0x1" description="Master NIU ConnID = 8 read permission" range="" rwaccess="RW"/>
    <bitfield id="W7" width="1" begin="15" end="15" resetval="0x1" description="Master NIU ConnID = 7 write permission" range="" rwaccess="RW"/>
    <bitfield id="R7" width="1" begin="14" end="14" resetval="0x1" description="Master NIU ConnID = 7 read permission" range="" rwaccess="RW"/>
    <bitfield id="W6" width="1" begin="13" end="13" resetval="0x1" description="Master NIU ConnID = 6 write permission" range="" rwaccess="RW"/>
    <bitfield id="R6" width="1" begin="12" end="12" resetval="0x1" description="Master NIU ConnID = 6 read permission" range="" rwaccess="RW"/>
    <bitfield id="W5" width="1" begin="11" end="11" resetval="0x1" description="Master NIU ConnID = 5 write permission" range="" rwaccess="RW"/>
    <bitfield id="R5" width="1" begin="10" end="10" resetval="0x1" description="Master NIU ConnID = 5 read permission" range="" rwaccess="RW"/>
    <bitfield id="W4" width="1" begin="9" end="9" resetval="0x1" description="Master NIU ConnID = 4 write permission" range="" rwaccess="RW"/>
    <bitfield id="R4" width="1" begin="8" end="8" resetval="0x1" description="Master NIU ConnID = 4 read permission" range="" rwaccess="RW"/>
    <bitfield id="W3" width="1" begin="7" end="7" resetval="0x1" description="Master NIU ConnID = 3 write permission" range="" rwaccess="RW"/>
    <bitfield id="R3" width="1" begin="6" end="6" resetval="0x1" description="Master NIU ConnID = 3 read permission" range="" rwaccess="RW"/>
    <bitfield id="W2" width="1" begin="5" end="5" resetval="0x1" description="Master NIU ConnID = 2 write permission" range="" rwaccess="RW"/>
    <bitfield id="R2" width="1" begin="4" end="4" resetval="0x1" description="Master NIU ConnID = 2 read permission" range="" rwaccess="RW"/>
    <bitfield id="W1" width="1" begin="3" end="3" resetval="0x1" description="Master NIU ConnID = 1 write permission" range="" rwaccess="RW"/>
    <bitfield id="R1" width="1" begin="2" end="2" resetval="0x1" description="Master NIU ConnID = 1 read permission" range="" rwaccess="RW"/>
    <bitfield id="W0" width="1" begin="1" end="1" resetval="0x1" description="Master NIU ConnID = 0 write permission" range="" rwaccess="RW"/>
    <bitfield id="R0" width="1" begin="0" end="0" resetval="0x1" description="Master NIU ConnID = 0 read permission" range="" rwaccess="RW"/>
  </register>
  <register id="MRM_PERMISSION_REGION_HIGH_j_1" acronym="MRM_PERMISSION_REGION_HIGH_j_1" offset="0x9C" width="32" description="Region j Permission High">
    <bitfield id="W15" width="1" begin="31" end="31" resetval="0x1" description="Master NIU ConnID = 115 write permission" range="" rwaccess="RW"/>
    <bitfield id="R15" width="1" begin="30" end="30" resetval="0x1" description="Master NIU ConnID = 115 read permission" range="" rwaccess="RW"/>
    <bitfield id="W14" width="1" begin="29" end="29" resetval="0x1" description="Master NIU ConnID = 14 write permission" range="" rwaccess="RW"/>
    <bitfield id="R14" width="1" begin="28" end="28" resetval="0x1" description="Master NIU ConnID = 14 read permission" range="" rwaccess="RW"/>
    <bitfield id="W13" width="1" begin="27" end="27" resetval="0x1" description="Master NIU ConnID = 13 write permission" range="" rwaccess="RW"/>
    <bitfield id="R13" width="1" begin="26" end="26" resetval="0x1" description="Master NIU ConnID = 13 read permission" range="" rwaccess="RW"/>
    <bitfield id="W12" width="1" begin="25" end="25" resetval="0x1" description="Master NIU ConnID = 12 write permission" range="" rwaccess="RW"/>
    <bitfield id="R12" width="1" begin="24" end="24" resetval="0x1" description="Master NIU ConnID = 12 read permission" range="" rwaccess="RW"/>
    <bitfield id="W11" width="1" begin="23" end="23" resetval="0x1" description="Master NIU ConnID = 11 write permission" range="" rwaccess="RW"/>
    <bitfield id="R11" width="1" begin="22" end="22" resetval="0x1" description="Master NIU ConnID = 11 read permission" range="" rwaccess="RW"/>
    <bitfield id="W10" width="1" begin="21" end="21" resetval="0x1" description="Master NIU ConnID = 10 write permission" range="" rwaccess="RW"/>
    <bitfield id="R10" width="1" begin="20" end="20" resetval="0x1" description="Master NIU ConnID = 10 read permission" range="" rwaccess="RW"/>
    <bitfield id="W9" width="1" begin="19" end="19" resetval="0x1" description="Master NIU ConnID = 9 write permission" range="" rwaccess="RW"/>
    <bitfield id="R9" width="1" begin="18" end="18" resetval="0x1" description="Master NIU ConnID = 9 read permission" range="" rwaccess="RW"/>
    <bitfield id="W8" width="1" begin="17" end="17" resetval="0x1" description="Master NIU ConnID = 8 write permission" range="" rwaccess="RW"/>
    <bitfield id="R8" width="1" begin="16" end="16" resetval="0x1" description="Master NIU ConnID = 8 read permission" range="" rwaccess="RW"/>
    <bitfield id="W7" width="1" begin="15" end="15" resetval="0x1" description="Master NIU ConnID = 7 write permission" range="" rwaccess="RW"/>
    <bitfield id="R7" width="1" begin="14" end="14" resetval="0x1" description="Master NIU ConnID = 7 read permission" range="" rwaccess="RW"/>
    <bitfield id="W6" width="1" begin="13" end="13" resetval="0x1" description="Master NIU ConnID = 6 write permission" range="" rwaccess="RW"/>
    <bitfield id="R6" width="1" begin="12" end="12" resetval="0x1" description="Master NIU ConnID = 6 read permission" range="" rwaccess="RW"/>
    <bitfield id="W5" width="1" begin="11" end="11" resetval="0x1" description="Master NIU ConnID = 5 write permission" range="" rwaccess="RW"/>
    <bitfield id="R5" width="1" begin="10" end="10" resetval="0x1" description="Master NIU ConnID = 5 read permission" range="" rwaccess="RW"/>
    <bitfield id="W4" width="1" begin="9" end="9" resetval="0x1" description="Master NIU ConnID = 4 write permission" range="" rwaccess="RW"/>
    <bitfield id="R4" width="1" begin="8" end="8" resetval="0x1" description="Master NIU ConnID = 4 read permission" range="" rwaccess="RW"/>
    <bitfield id="W3" width="1" begin="7" end="7" resetval="0x1" description="Master NIU ConnID = 3 write permission" range="" rwaccess="RW"/>
    <bitfield id="R3" width="1" begin="6" end="6" resetval="0x1" description="Master NIU ConnID = 3 read permission" range="" rwaccess="RW"/>
    <bitfield id="W2" width="1" begin="5" end="5" resetval="0x1" description="Master NIU ConnID = 2 write permission" range="" rwaccess="RW"/>
    <bitfield id="R2" width="1" begin="4" end="4" resetval="0x1" description="Master NIU ConnID = 2 read permission" range="" rwaccess="RW"/>
    <bitfield id="W1" width="1" begin="3" end="3" resetval="0x1" description="Master NIU ConnID = 1 write permission" range="" rwaccess="RW"/>
    <bitfield id="R1" width="1" begin="2" end="2" resetval="0x1" description="Master NIU ConnID = 1 read permission" range="" rwaccess="RW"/>
    <bitfield id="W0" width="1" begin="1" end="1" resetval="0x1" description="Master NIU ConnID = 0 write permission" range="" rwaccess="RW"/>
    <bitfield id="R0" width="1" begin="0" end="0" resetval="0x1" description="Master NIU ConnID = 0 read permission" range="" rwaccess="RW"/>
  </register>
  <register id="MRM_PERMISSION_REGION_HIGH_j_2" acronym="MRM_PERMISSION_REGION_HIGH_j_2" offset="0xAC" width="32" description="Region j Permission High">
    <bitfield id="W15" width="1" begin="31" end="31" resetval="0x1" description="Master NIU ConnID = 115 write permission" range="" rwaccess="RW"/>
    <bitfield id="R15" width="1" begin="30" end="30" resetval="0x1" description="Master NIU ConnID = 115 read permission" range="" rwaccess="RW"/>
    <bitfield id="W14" width="1" begin="29" end="29" resetval="0x1" description="Master NIU ConnID = 14 write permission" range="" rwaccess="RW"/>
    <bitfield id="R14" width="1" begin="28" end="28" resetval="0x1" description="Master NIU ConnID = 14 read permission" range="" rwaccess="RW"/>
    <bitfield id="W13" width="1" begin="27" end="27" resetval="0x1" description="Master NIU ConnID = 13 write permission" range="" rwaccess="RW"/>
    <bitfield id="R13" width="1" begin="26" end="26" resetval="0x1" description="Master NIU ConnID = 13 read permission" range="" rwaccess="RW"/>
    <bitfield id="W12" width="1" begin="25" end="25" resetval="0x1" description="Master NIU ConnID = 12 write permission" range="" rwaccess="RW"/>
    <bitfield id="R12" width="1" begin="24" end="24" resetval="0x1" description="Master NIU ConnID = 12 read permission" range="" rwaccess="RW"/>
    <bitfield id="W11" width="1" begin="23" end="23" resetval="0x1" description="Master NIU ConnID = 11 write permission" range="" rwaccess="RW"/>
    <bitfield id="R11" width="1" begin="22" end="22" resetval="0x1" description="Master NIU ConnID = 11 read permission" range="" rwaccess="RW"/>
    <bitfield id="W10" width="1" begin="21" end="21" resetval="0x1" description="Master NIU ConnID = 10 write permission" range="" rwaccess="RW"/>
    <bitfield id="R10" width="1" begin="20" end="20" resetval="0x1" description="Master NIU ConnID = 10 read permission" range="" rwaccess="RW"/>
    <bitfield id="W9" width="1" begin="19" end="19" resetval="0x1" description="Master NIU ConnID = 9 write permission" range="" rwaccess="RW"/>
    <bitfield id="R9" width="1" begin="18" end="18" resetval="0x1" description="Master NIU ConnID = 9 read permission" range="" rwaccess="RW"/>
    <bitfield id="W8" width="1" begin="17" end="17" resetval="0x1" description="Master NIU ConnID = 8 write permission" range="" rwaccess="RW"/>
    <bitfield id="R8" width="1" begin="16" end="16" resetval="0x1" description="Master NIU ConnID = 8 read permission" range="" rwaccess="RW"/>
    <bitfield id="W7" width="1" begin="15" end="15" resetval="0x1" description="Master NIU ConnID = 7 write permission" range="" rwaccess="RW"/>
    <bitfield id="R7" width="1" begin="14" end="14" resetval="0x1" description="Master NIU ConnID = 7 read permission" range="" rwaccess="RW"/>
    <bitfield id="W6" width="1" begin="13" end="13" resetval="0x1" description="Master NIU ConnID = 6 write permission" range="" rwaccess="RW"/>
    <bitfield id="R6" width="1" begin="12" end="12" resetval="0x1" description="Master NIU ConnID = 6 read permission" range="" rwaccess="RW"/>
    <bitfield id="W5" width="1" begin="11" end="11" resetval="0x1" description="Master NIU ConnID = 5 write permission" range="" rwaccess="RW"/>
    <bitfield id="R5" width="1" begin="10" end="10" resetval="0x1" description="Master NIU ConnID = 5 read permission" range="" rwaccess="RW"/>
    <bitfield id="W4" width="1" begin="9" end="9" resetval="0x1" description="Master NIU ConnID = 4 write permission" range="" rwaccess="RW"/>
    <bitfield id="R4" width="1" begin="8" end="8" resetval="0x1" description="Master NIU ConnID = 4 read permission" range="" rwaccess="RW"/>
    <bitfield id="W3" width="1" begin="7" end="7" resetval="0x1" description="Master NIU ConnID = 3 write permission" range="" rwaccess="RW"/>
    <bitfield id="R3" width="1" begin="6" end="6" resetval="0x1" description="Master NIU ConnID = 3 read permission" range="" rwaccess="RW"/>
    <bitfield id="W2" width="1" begin="5" end="5" resetval="0x1" description="Master NIU ConnID = 2 write permission" range="" rwaccess="RW"/>
    <bitfield id="R2" width="1" begin="4" end="4" resetval="0x1" description="Master NIU ConnID = 2 read permission" range="" rwaccess="RW"/>
    <bitfield id="W1" width="1" begin="3" end="3" resetval="0x1" description="Master NIU ConnID = 1 write permission" range="" rwaccess="RW"/>
    <bitfield id="R1" width="1" begin="2" end="2" resetval="0x1" description="Master NIU ConnID = 1 read permission" range="" rwaccess="RW"/>
    <bitfield id="W0" width="1" begin="1" end="1" resetval="0x1" description="Master NIU ConnID = 0 write permission" range="" rwaccess="RW"/>
    <bitfield id="R0" width="1" begin="0" end="0" resetval="0x1" description="Master NIU ConnID = 0 read permission" range="" rwaccess="RW"/>
  </register>
  <register id="MRM_PERMISSION_REGION_HIGH_j_3" acronym="MRM_PERMISSION_REGION_HIGH_j_3" offset="0xBC" width="32" description="Region j Permission High">
    <bitfield id="W15" width="1" begin="31" end="31" resetval="0x1" description="Master NIU ConnID = 115 write permission" range="" rwaccess="RW"/>
    <bitfield id="R15" width="1" begin="30" end="30" resetval="0x1" description="Master NIU ConnID = 115 read permission" range="" rwaccess="RW"/>
    <bitfield id="W14" width="1" begin="29" end="29" resetval="0x1" description="Master NIU ConnID = 14 write permission" range="" rwaccess="RW"/>
    <bitfield id="R14" width="1" begin="28" end="28" resetval="0x1" description="Master NIU ConnID = 14 read permission" range="" rwaccess="RW"/>
    <bitfield id="W13" width="1" begin="27" end="27" resetval="0x1" description="Master NIU ConnID = 13 write permission" range="" rwaccess="RW"/>
    <bitfield id="R13" width="1" begin="26" end="26" resetval="0x1" description="Master NIU ConnID = 13 read permission" range="" rwaccess="RW"/>
    <bitfield id="W12" width="1" begin="25" end="25" resetval="0x1" description="Master NIU ConnID = 12 write permission" range="" rwaccess="RW"/>
    <bitfield id="R12" width="1" begin="24" end="24" resetval="0x1" description="Master NIU ConnID = 12 read permission" range="" rwaccess="RW"/>
    <bitfield id="W11" width="1" begin="23" end="23" resetval="0x1" description="Master NIU ConnID = 11 write permission" range="" rwaccess="RW"/>
    <bitfield id="R11" width="1" begin="22" end="22" resetval="0x1" description="Master NIU ConnID = 11 read permission" range="" rwaccess="RW"/>
    <bitfield id="W10" width="1" begin="21" end="21" resetval="0x1" description="Master NIU ConnID = 10 write permission" range="" rwaccess="RW"/>
    <bitfield id="R10" width="1" begin="20" end="20" resetval="0x1" description="Master NIU ConnID = 10 read permission" range="" rwaccess="RW"/>
    <bitfield id="W9" width="1" begin="19" end="19" resetval="0x1" description="Master NIU ConnID = 9 write permission" range="" rwaccess="RW"/>
    <bitfield id="R9" width="1" begin="18" end="18" resetval="0x1" description="Master NIU ConnID = 9 read permission" range="" rwaccess="RW"/>
    <bitfield id="W8" width="1" begin="17" end="17" resetval="0x1" description="Master NIU ConnID = 8 write permission" range="" rwaccess="RW"/>
    <bitfield id="R8" width="1" begin="16" end="16" resetval="0x1" description="Master NIU ConnID = 8 read permission" range="" rwaccess="RW"/>
    <bitfield id="W7" width="1" begin="15" end="15" resetval="0x1" description="Master NIU ConnID = 7 write permission" range="" rwaccess="RW"/>
    <bitfield id="R7" width="1" begin="14" end="14" resetval="0x1" description="Master NIU ConnID = 7 read permission" range="" rwaccess="RW"/>
    <bitfield id="W6" width="1" begin="13" end="13" resetval="0x1" description="Master NIU ConnID = 6 write permission" range="" rwaccess="RW"/>
    <bitfield id="R6" width="1" begin="12" end="12" resetval="0x1" description="Master NIU ConnID = 6 read permission" range="" rwaccess="RW"/>
    <bitfield id="W5" width="1" begin="11" end="11" resetval="0x1" description="Master NIU ConnID = 5 write permission" range="" rwaccess="RW"/>
    <bitfield id="R5" width="1" begin="10" end="10" resetval="0x1" description="Master NIU ConnID = 5 read permission" range="" rwaccess="RW"/>
    <bitfield id="W4" width="1" begin="9" end="9" resetval="0x1" description="Master NIU ConnID = 4 write permission" range="" rwaccess="RW"/>
    <bitfield id="R4" width="1" begin="8" end="8" resetval="0x1" description="Master NIU ConnID = 4 read permission" range="" rwaccess="RW"/>
    <bitfield id="W3" width="1" begin="7" end="7" resetval="0x1" description="Master NIU ConnID = 3 write permission" range="" rwaccess="RW"/>
    <bitfield id="R3" width="1" begin="6" end="6" resetval="0x1" description="Master NIU ConnID = 3 read permission" range="" rwaccess="RW"/>
    <bitfield id="W2" width="1" begin="5" end="5" resetval="0x1" description="Master NIU ConnID = 2 write permission" range="" rwaccess="RW"/>
    <bitfield id="R2" width="1" begin="4" end="4" resetval="0x1" description="Master NIU ConnID = 2 read permission" range="" rwaccess="RW"/>
    <bitfield id="W1" width="1" begin="3" end="3" resetval="0x1" description="Master NIU ConnID = 1 write permission" range="" rwaccess="RW"/>
    <bitfield id="R1" width="1" begin="2" end="2" resetval="0x1" description="Master NIU ConnID = 1 read permission" range="" rwaccess="RW"/>
    <bitfield id="W0" width="1" begin="1" end="1" resetval="0x1" description="Master NIU ConnID = 0 write permission" range="" rwaccess="RW"/>
    <bitfield id="R0" width="1" begin="0" end="0" resetval="0x1" description="Master NIU ConnID = 0 read permission" range="" rwaccess="RW"/>
  </register>
  <register id="MRM_PERMISSION_REGION_HIGH_j_4" acronym="MRM_PERMISSION_REGION_HIGH_j_4" offset="0xCC" width="32" description="Region j Permission High">
    <bitfield id="W15" width="1" begin="31" end="31" resetval="0x1" description="Master NIU ConnID = 115 write permission" range="" rwaccess="RW"/>
    <bitfield id="R15" width="1" begin="30" end="30" resetval="0x1" description="Master NIU ConnID = 115 read permission" range="" rwaccess="RW"/>
    <bitfield id="W14" width="1" begin="29" end="29" resetval="0x1" description="Master NIU ConnID = 14 write permission" range="" rwaccess="RW"/>
    <bitfield id="R14" width="1" begin="28" end="28" resetval="0x1" description="Master NIU ConnID = 14 read permission" range="" rwaccess="RW"/>
    <bitfield id="W13" width="1" begin="27" end="27" resetval="0x1" description="Master NIU ConnID = 13 write permission" range="" rwaccess="RW"/>
    <bitfield id="R13" width="1" begin="26" end="26" resetval="0x1" description="Master NIU ConnID = 13 read permission" range="" rwaccess="RW"/>
    <bitfield id="W12" width="1" begin="25" end="25" resetval="0x1" description="Master NIU ConnID = 12 write permission" range="" rwaccess="RW"/>
    <bitfield id="R12" width="1" begin="24" end="24" resetval="0x1" description="Master NIU ConnID = 12 read permission" range="" rwaccess="RW"/>
    <bitfield id="W11" width="1" begin="23" end="23" resetval="0x1" description="Master NIU ConnID = 11 write permission" range="" rwaccess="RW"/>
    <bitfield id="R11" width="1" begin="22" end="22" resetval="0x1" description="Master NIU ConnID = 11 read permission" range="" rwaccess="RW"/>
    <bitfield id="W10" width="1" begin="21" end="21" resetval="0x1" description="Master NIU ConnID = 10 write permission" range="" rwaccess="RW"/>
    <bitfield id="R10" width="1" begin="20" end="20" resetval="0x1" description="Master NIU ConnID = 10 read permission" range="" rwaccess="RW"/>
    <bitfield id="W9" width="1" begin="19" end="19" resetval="0x1" description="Master NIU ConnID = 9 write permission" range="" rwaccess="RW"/>
    <bitfield id="R9" width="1" begin="18" end="18" resetval="0x1" description="Master NIU ConnID = 9 read permission" range="" rwaccess="RW"/>
    <bitfield id="W8" width="1" begin="17" end="17" resetval="0x1" description="Master NIU ConnID = 8 write permission" range="" rwaccess="RW"/>
    <bitfield id="R8" width="1" begin="16" end="16" resetval="0x1" description="Master NIU ConnID = 8 read permission" range="" rwaccess="RW"/>
    <bitfield id="W7" width="1" begin="15" end="15" resetval="0x1" description="Master NIU ConnID = 7 write permission" range="" rwaccess="RW"/>
    <bitfield id="R7" width="1" begin="14" end="14" resetval="0x1" description="Master NIU ConnID = 7 read permission" range="" rwaccess="RW"/>
    <bitfield id="W6" width="1" begin="13" end="13" resetval="0x1" description="Master NIU ConnID = 6 write permission" range="" rwaccess="RW"/>
    <bitfield id="R6" width="1" begin="12" end="12" resetval="0x1" description="Master NIU ConnID = 6 read permission" range="" rwaccess="RW"/>
    <bitfield id="W5" width="1" begin="11" end="11" resetval="0x1" description="Master NIU ConnID = 5 write permission" range="" rwaccess="RW"/>
    <bitfield id="R5" width="1" begin="10" end="10" resetval="0x1" description="Master NIU ConnID = 5 read permission" range="" rwaccess="RW"/>
    <bitfield id="W4" width="1" begin="9" end="9" resetval="0x1" description="Master NIU ConnID = 4 write permission" range="" rwaccess="RW"/>
    <bitfield id="R4" width="1" begin="8" end="8" resetval="0x1" description="Master NIU ConnID = 4 read permission" range="" rwaccess="RW"/>
    <bitfield id="W3" width="1" begin="7" end="7" resetval="0x1" description="Master NIU ConnID = 3 write permission" range="" rwaccess="RW"/>
    <bitfield id="R3" width="1" begin="6" end="6" resetval="0x1" description="Master NIU ConnID = 3 read permission" range="" rwaccess="RW"/>
    <bitfield id="W2" width="1" begin="5" end="5" resetval="0x1" description="Master NIU ConnID = 2 write permission" range="" rwaccess="RW"/>
    <bitfield id="R2" width="1" begin="4" end="4" resetval="0x1" description="Master NIU ConnID = 2 read permission" range="" rwaccess="RW"/>
    <bitfield id="W1" width="1" begin="3" end="3" resetval="0x1" description="Master NIU ConnID = 1 write permission" range="" rwaccess="RW"/>
    <bitfield id="R1" width="1" begin="2" end="2" resetval="0x1" description="Master NIU ConnID = 1 read permission" range="" rwaccess="RW"/>
    <bitfield id="W0" width="1" begin="1" end="1" resetval="0x1" description="Master NIU ConnID = 0 write permission" range="" rwaccess="RW"/>
    <bitfield id="R0" width="1" begin="0" end="0" resetval="0x1" description="Master NIU ConnID = 0 read permission" range="" rwaccess="RW"/>
  </register>
  <register id="MRM_PERMISSION_REGION_HIGH_j_5" acronym="MRM_PERMISSION_REGION_HIGH_j_5" offset="0xDC" width="32" description="Region j Permission High">
    <bitfield id="W15" width="1" begin="31" end="31" resetval="0x1" description="Master NIU ConnID = 115 write permission" range="" rwaccess="RW"/>
    <bitfield id="R15" width="1" begin="30" end="30" resetval="0x1" description="Master NIU ConnID = 115 read permission" range="" rwaccess="RW"/>
    <bitfield id="W14" width="1" begin="29" end="29" resetval="0x1" description="Master NIU ConnID = 14 write permission" range="" rwaccess="RW"/>
    <bitfield id="R14" width="1" begin="28" end="28" resetval="0x1" description="Master NIU ConnID = 14 read permission" range="" rwaccess="RW"/>
    <bitfield id="W13" width="1" begin="27" end="27" resetval="0x1" description="Master NIU ConnID = 13 write permission" range="" rwaccess="RW"/>
    <bitfield id="R13" width="1" begin="26" end="26" resetval="0x1" description="Master NIU ConnID = 13 read permission" range="" rwaccess="RW"/>
    <bitfield id="W12" width="1" begin="25" end="25" resetval="0x1" description="Master NIU ConnID = 12 write permission" range="" rwaccess="RW"/>
    <bitfield id="R12" width="1" begin="24" end="24" resetval="0x1" description="Master NIU ConnID = 12 read permission" range="" rwaccess="RW"/>
    <bitfield id="W11" width="1" begin="23" end="23" resetval="0x1" description="Master NIU ConnID = 11 write permission" range="" rwaccess="RW"/>
    <bitfield id="R11" width="1" begin="22" end="22" resetval="0x1" description="Master NIU ConnID = 11 read permission" range="" rwaccess="RW"/>
    <bitfield id="W10" width="1" begin="21" end="21" resetval="0x1" description="Master NIU ConnID = 10 write permission" range="" rwaccess="RW"/>
    <bitfield id="R10" width="1" begin="20" end="20" resetval="0x1" description="Master NIU ConnID = 10 read permission" range="" rwaccess="RW"/>
    <bitfield id="W9" width="1" begin="19" end="19" resetval="0x1" description="Master NIU ConnID = 9 write permission" range="" rwaccess="RW"/>
    <bitfield id="R9" width="1" begin="18" end="18" resetval="0x1" description="Master NIU ConnID = 9 read permission" range="" rwaccess="RW"/>
    <bitfield id="W8" width="1" begin="17" end="17" resetval="0x1" description="Master NIU ConnID = 8 write permission" range="" rwaccess="RW"/>
    <bitfield id="R8" width="1" begin="16" end="16" resetval="0x1" description="Master NIU ConnID = 8 read permission" range="" rwaccess="RW"/>
    <bitfield id="W7" width="1" begin="15" end="15" resetval="0x1" description="Master NIU ConnID = 7 write permission" range="" rwaccess="RW"/>
    <bitfield id="R7" width="1" begin="14" end="14" resetval="0x1" description="Master NIU ConnID = 7 read permission" range="" rwaccess="RW"/>
    <bitfield id="W6" width="1" begin="13" end="13" resetval="0x1" description="Master NIU ConnID = 6 write permission" range="" rwaccess="RW"/>
    <bitfield id="R6" width="1" begin="12" end="12" resetval="0x1" description="Master NIU ConnID = 6 read permission" range="" rwaccess="RW"/>
    <bitfield id="W5" width="1" begin="11" end="11" resetval="0x1" description="Master NIU ConnID = 5 write permission" range="" rwaccess="RW"/>
    <bitfield id="R5" width="1" begin="10" end="10" resetval="0x1" description="Master NIU ConnID = 5 read permission" range="" rwaccess="RW"/>
    <bitfield id="W4" width="1" begin="9" end="9" resetval="0x1" description="Master NIU ConnID = 4 write permission" range="" rwaccess="RW"/>
    <bitfield id="R4" width="1" begin="8" end="8" resetval="0x1" description="Master NIU ConnID = 4 read permission" range="" rwaccess="RW"/>
    <bitfield id="W3" width="1" begin="7" end="7" resetval="0x1" description="Master NIU ConnID = 3 write permission" range="" rwaccess="RW"/>
    <bitfield id="R3" width="1" begin="6" end="6" resetval="0x1" description="Master NIU ConnID = 3 read permission" range="" rwaccess="RW"/>
    <bitfield id="W2" width="1" begin="5" end="5" resetval="0x1" description="Master NIU ConnID = 2 write permission" range="" rwaccess="RW"/>
    <bitfield id="R2" width="1" begin="4" end="4" resetval="0x1" description="Master NIU ConnID = 2 read permission" range="" rwaccess="RW"/>
    <bitfield id="W1" width="1" begin="3" end="3" resetval="0x1" description="Master NIU ConnID = 1 write permission" range="" rwaccess="RW"/>
    <bitfield id="R1" width="1" begin="2" end="2" resetval="0x1" description="Master NIU ConnID = 1 read permission" range="" rwaccess="RW"/>
    <bitfield id="W0" width="1" begin="1" end="1" resetval="0x1" description="Master NIU ConnID = 0 write permission" range="" rwaccess="RW"/>
    <bitfield id="R0" width="1" begin="0" end="0" resetval="0x1" description="Master NIU ConnID = 0 read permission" range="" rwaccess="RW"/>
  </register>
  <register id="MRM_PERMISSION_REGION_HIGH_j_6" acronym="MRM_PERMISSION_REGION_HIGH_j_6" offset="0xEC" width="32" description="Region j Permission High">
    <bitfield id="W15" width="1" begin="31" end="31" resetval="0x1" description="Master NIU ConnID = 115 write permission" range="" rwaccess="RW"/>
    <bitfield id="R15" width="1" begin="30" end="30" resetval="0x1" description="Master NIU ConnID = 115 read permission" range="" rwaccess="RW"/>
    <bitfield id="W14" width="1" begin="29" end="29" resetval="0x1" description="Master NIU ConnID = 14 write permission" range="" rwaccess="RW"/>
    <bitfield id="R14" width="1" begin="28" end="28" resetval="0x1" description="Master NIU ConnID = 14 read permission" range="" rwaccess="RW"/>
    <bitfield id="W13" width="1" begin="27" end="27" resetval="0x1" description="Master NIU ConnID = 13 write permission" range="" rwaccess="RW"/>
    <bitfield id="R13" width="1" begin="26" end="26" resetval="0x1" description="Master NIU ConnID = 13 read permission" range="" rwaccess="RW"/>
    <bitfield id="W12" width="1" begin="25" end="25" resetval="0x1" description="Master NIU ConnID = 12 write permission" range="" rwaccess="RW"/>
    <bitfield id="R12" width="1" begin="24" end="24" resetval="0x1" description="Master NIU ConnID = 12 read permission" range="" rwaccess="RW"/>
    <bitfield id="W11" width="1" begin="23" end="23" resetval="0x1" description="Master NIU ConnID = 11 write permission" range="" rwaccess="RW"/>
    <bitfield id="R11" width="1" begin="22" end="22" resetval="0x1" description="Master NIU ConnID = 11 read permission" range="" rwaccess="RW"/>
    <bitfield id="W10" width="1" begin="21" end="21" resetval="0x1" description="Master NIU ConnID = 10 write permission" range="" rwaccess="RW"/>
    <bitfield id="R10" width="1" begin="20" end="20" resetval="0x1" description="Master NIU ConnID = 10 read permission" range="" rwaccess="RW"/>
    <bitfield id="W9" width="1" begin="19" end="19" resetval="0x1" description="Master NIU ConnID = 9 write permission" range="" rwaccess="RW"/>
    <bitfield id="R9" width="1" begin="18" end="18" resetval="0x1" description="Master NIU ConnID = 9 read permission" range="" rwaccess="RW"/>
    <bitfield id="W8" width="1" begin="17" end="17" resetval="0x1" description="Master NIU ConnID = 8 write permission" range="" rwaccess="RW"/>
    <bitfield id="R8" width="1" begin="16" end="16" resetval="0x1" description="Master NIU ConnID = 8 read permission" range="" rwaccess="RW"/>
    <bitfield id="W7" width="1" begin="15" end="15" resetval="0x1" description="Master NIU ConnID = 7 write permission" range="" rwaccess="RW"/>
    <bitfield id="R7" width="1" begin="14" end="14" resetval="0x1" description="Master NIU ConnID = 7 read permission" range="" rwaccess="RW"/>
    <bitfield id="W6" width="1" begin="13" end="13" resetval="0x1" description="Master NIU ConnID = 6 write permission" range="" rwaccess="RW"/>
    <bitfield id="R6" width="1" begin="12" end="12" resetval="0x1" description="Master NIU ConnID = 6 read permission" range="" rwaccess="RW"/>
    <bitfield id="W5" width="1" begin="11" end="11" resetval="0x1" description="Master NIU ConnID = 5 write permission" range="" rwaccess="RW"/>
    <bitfield id="R5" width="1" begin="10" end="10" resetval="0x1" description="Master NIU ConnID = 5 read permission" range="" rwaccess="RW"/>
    <bitfield id="W4" width="1" begin="9" end="9" resetval="0x1" description="Master NIU ConnID = 4 write permission" range="" rwaccess="RW"/>
    <bitfield id="R4" width="1" begin="8" end="8" resetval="0x1" description="Master NIU ConnID = 4 read permission" range="" rwaccess="RW"/>
    <bitfield id="W3" width="1" begin="7" end="7" resetval="0x1" description="Master NIU ConnID = 3 write permission" range="" rwaccess="RW"/>
    <bitfield id="R3" width="1" begin="6" end="6" resetval="0x1" description="Master NIU ConnID = 3 read permission" range="" rwaccess="RW"/>
    <bitfield id="W2" width="1" begin="5" end="5" resetval="0x1" description="Master NIU ConnID = 2 write permission" range="" rwaccess="RW"/>
    <bitfield id="R2" width="1" begin="4" end="4" resetval="0x1" description="Master NIU ConnID = 2 read permission" range="" rwaccess="RW"/>
    <bitfield id="W1" width="1" begin="3" end="3" resetval="0x1" description="Master NIU ConnID = 1 write permission" range="" rwaccess="RW"/>
    <bitfield id="R1" width="1" begin="2" end="2" resetval="0x1" description="Master NIU ConnID = 1 read permission" range="" rwaccess="RW"/>
    <bitfield id="W0" width="1" begin="1" end="1" resetval="0x1" description="Master NIU ConnID = 0 write permission" range="" rwaccess="RW"/>
    <bitfield id="R0" width="1" begin="0" end="0" resetval="0x1" description="Master NIU ConnID = 0 read permission" range="" rwaccess="RW"/>
  </register>
  <register id="MRM_PERMISSION_REGION_HIGH_j_7" acronym="MRM_PERMISSION_REGION_HIGH_j_7" offset="0xFC" width="32" description="Region j Permission High">
    <bitfield id="W15" width="1" begin="31" end="31" resetval="0x1" description="Master NIU ConnID = 115 write permission" range="" rwaccess="RW"/>
    <bitfield id="R15" width="1" begin="30" end="30" resetval="0x1" description="Master NIU ConnID = 115 read permission" range="" rwaccess="RW"/>
    <bitfield id="W14" width="1" begin="29" end="29" resetval="0x1" description="Master NIU ConnID = 14 write permission" range="" rwaccess="RW"/>
    <bitfield id="R14" width="1" begin="28" end="28" resetval="0x1" description="Master NIU ConnID = 14 read permission" range="" rwaccess="RW"/>
    <bitfield id="W13" width="1" begin="27" end="27" resetval="0x1" description="Master NIU ConnID = 13 write permission" range="" rwaccess="RW"/>
    <bitfield id="R13" width="1" begin="26" end="26" resetval="0x1" description="Master NIU ConnID = 13 read permission" range="" rwaccess="RW"/>
    <bitfield id="W12" width="1" begin="25" end="25" resetval="0x1" description="Master NIU ConnID = 12 write permission" range="" rwaccess="RW"/>
    <bitfield id="R12" width="1" begin="24" end="24" resetval="0x1" description="Master NIU ConnID = 12 read permission" range="" rwaccess="RW"/>
    <bitfield id="W11" width="1" begin="23" end="23" resetval="0x1" description="Master NIU ConnID = 11 write permission" range="" rwaccess="RW"/>
    <bitfield id="R11" width="1" begin="22" end="22" resetval="0x1" description="Master NIU ConnID = 11 read permission" range="" rwaccess="RW"/>
    <bitfield id="W10" width="1" begin="21" end="21" resetval="0x1" description="Master NIU ConnID = 10 write permission" range="" rwaccess="RW"/>
    <bitfield id="R10" width="1" begin="20" end="20" resetval="0x1" description="Master NIU ConnID = 10 read permission" range="" rwaccess="RW"/>
    <bitfield id="W9" width="1" begin="19" end="19" resetval="0x1" description="Master NIU ConnID = 9 write permission" range="" rwaccess="RW"/>
    <bitfield id="R9" width="1" begin="18" end="18" resetval="0x1" description="Master NIU ConnID = 9 read permission" range="" rwaccess="RW"/>
    <bitfield id="W8" width="1" begin="17" end="17" resetval="0x1" description="Master NIU ConnID = 8 write permission" range="" rwaccess="RW"/>
    <bitfield id="R8" width="1" begin="16" end="16" resetval="0x1" description="Master NIU ConnID = 8 read permission" range="" rwaccess="RW"/>
    <bitfield id="W7" width="1" begin="15" end="15" resetval="0x1" description="Master NIU ConnID = 7 write permission" range="" rwaccess="RW"/>
    <bitfield id="R7" width="1" begin="14" end="14" resetval="0x1" description="Master NIU ConnID = 7 read permission" range="" rwaccess="RW"/>
    <bitfield id="W6" width="1" begin="13" end="13" resetval="0x1" description="Master NIU ConnID = 6 write permission" range="" rwaccess="RW"/>
    <bitfield id="R6" width="1" begin="12" end="12" resetval="0x1" description="Master NIU ConnID = 6 read permission" range="" rwaccess="RW"/>
    <bitfield id="W5" width="1" begin="11" end="11" resetval="0x1" description="Master NIU ConnID = 5 write permission" range="" rwaccess="RW"/>
    <bitfield id="R5" width="1" begin="10" end="10" resetval="0x1" description="Master NIU ConnID = 5 read permission" range="" rwaccess="RW"/>
    <bitfield id="W4" width="1" begin="9" end="9" resetval="0x1" description="Master NIU ConnID = 4 write permission" range="" rwaccess="RW"/>
    <bitfield id="R4" width="1" begin="8" end="8" resetval="0x1" description="Master NIU ConnID = 4 read permission" range="" rwaccess="RW"/>
    <bitfield id="W3" width="1" begin="7" end="7" resetval="0x1" description="Master NIU ConnID = 3 write permission" range="" rwaccess="RW"/>
    <bitfield id="R3" width="1" begin="6" end="6" resetval="0x1" description="Master NIU ConnID = 3 read permission" range="" rwaccess="RW"/>
    <bitfield id="W2" width="1" begin="5" end="5" resetval="0x1" description="Master NIU ConnID = 2 write permission" range="" rwaccess="RW"/>
    <bitfield id="R2" width="1" begin="4" end="4" resetval="0x1" description="Master NIU ConnID = 2 read permission" range="" rwaccess="RW"/>
    <bitfield id="W1" width="1" begin="3" end="3" resetval="0x1" description="Master NIU ConnID = 1 write permission" range="" rwaccess="RW"/>
    <bitfield id="R1" width="1" begin="2" end="2" resetval="0x1" description="Master NIU ConnID = 1 read permission" range="" rwaccess="RW"/>
    <bitfield id="W0" width="1" begin="1" end="1" resetval="0x1" description="Master NIU ConnID = 0 write permission" range="" rwaccess="RW"/>
    <bitfield id="R0" width="1" begin="0" end="0" resetval="0x1" description="Master NIU ConnID = 0 read permission" range="" rwaccess="RW"/>
  </register>
</module>
