<module name="MCASP8_CFG_TARG" acronym="" XML_version="1.0" HW_revision="n/a" description="">
  <register id="L4_TA_COMPONENT_L" acronym="L4_TA_COMPONENT_L" offset="0xA000" width="32" description="Contains a component code and revision.">
    <bitfield id="CODE" width="16" begin="31" end="16" resetval="See." description="Interconnect code." range="" rwaccess="R"/>
    <bitfield id="REV" width="16" begin="15" end="0" resetval="See." description="Component revision code." range="" rwaccess="R"/>
  </register>
  <register id="L4_TA_COMPONENT_H" acronym="L4_TA_COMPONENT_H" offset="0xA004" width="32" description="Contains a component code and revision.">
    <bitfield id="RESERVED" width="32" begin="31" end="0" resetval="0x0000 000" description="Read returns 0" range="" rwaccess="R"/>
  </register>
  <register id="L4_TA_CORE_L" acronym="L4_TA_CORE_L" offset="0xA018" width="32" description="Contains a component code and revision.">
    <bitfield id="CORE_CODE" width="16" begin="31" end="16" resetval="See." description="Interconnect core code" range="" rwaccess="R"/>
    <bitfield id="CORE_REV" width="16" begin="15" end="0" resetval="See." description="Component revision code code" range="" rwaccess="R"/>
  </register>
  <register id="L4_TA_CORE_H" acronym="L4_TA_CORE_H" offset="0xA01C" width="32" description="Contains a component code and revision.">
    <bitfield id="RESERVED" width="16" begin="31" end="16" resetval="0x0000" description="Reserved" range="" rwaccess="R"/>
    <bitfield id="VENDOR_CODE" width="16" begin="15" end="0" resetval="See." description="Vendor revision core code" range="" rwaccess="R"/>
  </register>
  <register id="L4_TA_AGENT_CONTROL_L" acronym="L4_TA_AGENT_CONTROL_L" offset="0xA020" width="32" description="Enable error reporting">
    <bitfield id="RESERVED" width="7" begin="31" end="25" resetval="0x00" description="Read returns 0." range="" rwaccess="R"/>
    <bitfield id="SERROR_REP" width="1" begin="24" end="24" resetval="0x0" description="Enable logging of error" range="" rwaccess="R"/>
    <bitfield id="RESERVED" width="13" begin="23" end="11" resetval="0x0" description="Read returns 0." range="" rwaccess="R"/>
    <bitfield id="REQ_TIMEOUT" width="3" begin="10" end="8" resetval="0x0" description="Time-out Bound. Values are: 0 - No time-out 1 - 1x base cycles. 2 - 4x base cycles. 3 - 16x base cycles. 4 - 64x base cycles." range="" rwaccess="RW"/>
    <bitfield id="RESERVED" width="7" begin="7" end="1" resetval="0x00" description="Read returns 0." range="" rwaccess="R"/>
    <bitfield id="OCP_RESET" width="1" begin="0" end="0" resetval="0" description="The OCP_RESET field controls the OCP reset signal to the attached core. Setting this bit clears any pending transfers and resets the OCP interface. The bit must be cleared to deassert the OCP reset signal. When the software reset feature is available on a target agent, the target agent OCP must also have a reset signal directed to the target core." range="" rwaccess="RW"/>
  </register>
  <register id="L4_TA_AGENT_CONTROL_H" acronym="L4_TA_AGENT_CONTROL_H" offset="0xA024" width="32" description="Enable clock power management">
    <bitfield id="RESERVED" width="22" begin="31" end="10" resetval="0x000000" description="Read returns 0." range="" rwaccess="R"/>
    <bitfield id="AUTO_WAKEUP_RESP_CODE" width="1" begin="9" end="9" resetval="0" description="" range="" rwaccess="R"/>
    <bitfield id="EXT_CLOCK" width="1" begin="8" end="8" resetval="0" description="When set to 1, the ext_clk_off_i signal on a target agent indicates when the target agent should shut off." range="" rwaccess="R"/>
    <bitfield id="RESERVED" width="8" begin="7" end="0" resetval="0x00" description="Read returns 0." range="" rwaccess="R"/>
  </register>
  <register id="L4_TA_AGENT_STATUS_L" acronym="L4_TA_AGENT_STATUS_L" offset="0xA028" width="32" description="Error reporting">
    <bitfield id="RESERVED" width="7" begin="31" end="25" resetval="0x00" description="Read returns 0." range="" rwaccess="R"/>
    <bitfield id="SERROR" width="1" begin="24" end="24" resetval="0" description="Value of OCP SError signal" range="" rwaccess="R"/>
    <bitfield id="RESERVED" width="15" begin="23" end="9" resetval="0x0000" description="Read returns 0." range="" rwaccess="R"/>
    <bitfield id="REQ_TIMEOUT" width="1" begin="8" end="8" resetval="0" description="Time-out status: 0x0: No request time-out 0x1: A request time-out has occurred" range="" rwaccess="R 1toCLR"/>
    <bitfield id="RESERVED" width="7" begin="7" end="1" resetval="0x00" description="Read returns 0." range="" rwaccess="R"/>
    <bitfield id="OCP_RESET" width="1" begin="0" end="0" resetval="0" description="L3 Reset" range="" rwaccess="R"/>
  </register>
  <register id="L4_TA_AGENT_STATUS_H" acronym="L4_TA_AGENT_STATUS_H" offset="0xA02C" width="32" description="Error reporting">
    <bitfield id="RESERVED" width="32" begin="31" end="0" resetval="0x0000 000" description="Read returns 0" range="" rwaccess="R"/>
  </register>
</module>
