<?xml version="1.0" encoding="UTF-8"?>
<Project>
    <params>
        <name>VXLIB_meanStdDev_i8u_o32f</name>
        <location>src/vx/VXLIB_meanStdDev_i8u_o32f//c66/</location>
        <target>66</target>
        <buildArtifact>executable</buildArtifact>
        <files name="src/vx/VXLIB_meanStdDev_i8u_o32f/VXLIB_meanStdDev_i8u_o32f.h"/>
        <files name="src/vx/VXLIB_meanStdDev_i8u_o32f/VXLIB_meanStdDev_i8u_o32f_cn.h"/>
        <files name="src/vx/VXLIB_meanStdDev_i8u_o32f/VXLIB_meanStdDev_i8u_o32f_d.c"/>
        <files name="src/vx/VXLIB_meanStdDev_i8u_o32f/VXLIB_meanStdDev_i8u_o32f_idat.c"/>
        <files name="src/vx/VXLIB_meanStdDev_i8u_o32f/VXLIB_meanStdDev_i8u_o32f_idat.h"/>
        <files name="src/vx/VXLIB_meanStdDev_i8u_o32f//c66/VXLIB_meanStdDev_i8u_o32f.h"/>
        <files name="src/common/TI_profile.h"/>
        <files name="src/common/TI_test.h"/>
        <files name="src/common/TI_cache.h"/>
        <files name="src/common/TI_memory.h"/>
        <files name="src/common/VXLIB_types.h"/>
        <files name="src/common/TI_platforms.h"/>
        <files name="src/common/VXLIB_inlines.h"/>
        <files name="src/common/c6x/VXLIB_inlines.h"/>
        <files name="src/common/c6x/TI_cache.h"/>
        <files name="src/common//c66/lnk.cmd"/>
        <cFlags> --mem_model:data=far --legacy</cFlags>
    </params>
</Project>
