<?xml version="1.0" encoding="UTF-8"?>
<Project>
    <params>
        <name>VXLIB_convolve_i8u_c16s_o16s</name>
        <location>src/vx/VXLIB_convolve_i8u_c16s_o16s//c66/</location>
        <target>66</target>
        <buildArtifact>executable</buildArtifact>
        <files name="src/vx/VXLIB_convolve_i8u_c16s_o16s/VXLIB_convolve_i8u_c16s_o16s.h"/>
        <files name="src/vx/VXLIB_convolve_i8u_c16s_o16s/VXLIB_convolve_i8u_c16s_o16s_cn.h"/>
        <files name="src/vx/VXLIB_convolve_i8u_c16s_o16s/VXLIB_convolve_i8u_c16s_o16s_d.c"/>
        <files name="src/vx/VXLIB_convolve_i8u_c16s_o16s/VXLIB_convolve_i8u_c16s_o16s_idat.c"/>
        <files name="src/vx/VXLIB_convolve_i8u_c16s_o16s/VXLIB_convolve_i8u_c16s_o16s_idat.h"/>
        <files name="src/vx/VXLIB_convolve_i8u_c16s_o16s//c66/VXLIB_convolve_i8u_c16s_o16s.h"/>
        <files name="src/common/TI_profile.h"/>
        <files name="src/common/TI_test.h"/>
        <files name="src/common/TI_cache.h"/>
        <files name="src/common/TI_memory.h"/>
        <files name="src/common/VXLIB_types.h"/>
        <files name="src/common/TI_platforms.h"/>
        <files name="src/common/VXLIB_inlines.h"/>
        <files name="src/common/c6x/VXLIB_inlines.h"/>
        <files name="src/common/c6x/TI_cache.h"/>
        <files name="src/common//c66/lnk.cmd"/>
        <cFlags> --mem_model:data=far --legacy</cFlags>
    </params>
</Project>
