<?xml version="1.0" encoding="UTF-8"?>
<Project>
    <params>
        <name>VXLIB_not_i8u_o8u</name>
        <location>src/vx/VXLIB_not_i8u_o8u//c66/</location>
        <target>66</target>
        <buildArtifact>executable</buildArtifact>
        <files name="src/vx/VXLIB_not_i8u_o8u/VXLIB_not_i8u_o8u.h"/>
        <files name="src/vx/VXLIB_not_i8u_o8u/VXLIB_not_i8u_o8u_cn.h"/>
        <files name="src/vx/VXLIB_not_i8u_o8u/VXLIB_not_i8u_o8u_d.c"/>
        <files name="src/vx/VXLIB_not_i8u_o8u/VXLIB_not_i8u_o8u_idat.c"/>
        <files name="src/vx/VXLIB_not_i8u_o8u/VXLIB_not_i8u_o8u_idat.h"/>
        <files name="src/vx/VXLIB_not_i8u_o8u//c66/VXLIB_not_i8u_o8u.h"/>
        <files name="src/common/TI_profile.h"/>
        <files name="src/common/TI_test.h"/>
        <files name="src/common/TI_cache.h"/>
        <files name="src/common/TI_memory.h"/>
        <files name="src/common/VXLIB_types.h"/>
        <files name="src/common/TI_platforms.h"/>
        <files name="src/common/VXLIB_inlines.h"/>
        <files name="src/common/c6x/VXLIB_inlines.h"/>
        <files name="src/common/c6x/TI_cache.h"/>
        <files name="src/common//c66/lnk.cmd"/>
        <cFlags> --mem_model:data=far --legacy</cFlags>
    </params>
</Project>
