<module name="COMPUTE_CLUSTER0_DRU_MMR_FW_GLB" acronym="" XML_version="1.0" HW_revision="n/a" description="">
  <register id="PID" acronym="PID" offset="0x0" width="32" description="The Revision Register contains the major and minor revisions for the module.">
    <bitfield id="SCHEME" width="2" begin="31" end="30" resetval="0x1" description="" range="" rwaccess="R"/>
    <bitfield id="BU" width="2" begin="29" end="28" resetval="0x2" description="Business Unit:10 = Processors" range="" rwaccess="R"/>
    <bitfield id="FUNC" width="12" begin="27" end="16" resetval="0x608" description="Module ID" range="" rwaccess="R"/>
    <bitfield id="RTL" width="5" begin="15" end="11" resetval="0x6" description="RTL revision.Will vary depending on release." range="" rwaccess="R"/>
    <bitfield id="MAJOR" width="3" begin="10" end="8" resetval="0x1" description="Major revision" range="" rwaccess="R"/>
    <bitfield id="CUSTOM" width="2" begin="7" end="6" resetval="0x0" description="Custom" range="" rwaccess="R"/>
    <bitfield id="MINOR" width="6" begin="5" end="0" resetval="0x0" description="Minor revision" range="" rwaccess="R"/>
  </register>
  <register id="DESTINATION_ID" acronym="DESTINATION_ID" offset="0x4" width="32" description="The Destination ID Register defines the destination ID value for error messages.">
    <bitfield id="RESERVED" width="24" begin="31" end="8" resetval="0xX" description="" range="" rwaccess="RW"/>
    <bitfield id="DEST_ID" width="8" begin="7" end="0" resetval="0x0" description="The destination ID." range="" rwaccess="RW"/>
  </register>
  <register id="EXCEPTION_LOGGING_CONTROL" acronym="EXCEPTION_LOGGING_CONTROL" offset="0x20" width="32" description="The Exception Logging Control Register controls the exception logging.">
    <bitfield id="RESERVED" width="30" begin="31" end="2" resetval="0xX" description="" range="" rwaccess="RW"/>
    <bitfield id="DISABLE_PEND" width="1" begin="1" end="1" resetval="0x0" description="Disables logging pending when set." range="" rwaccess="RW"/>
    <bitfield id="DISABLE_F" width="1" begin="0" end="0" resetval="0x0" description="Disables logging when set." range="" rwaccess="RW"/>
  </register>
  <register id="EXCEPTION_LOGGING_HEADER0" acronym="EXCEPTION_LOGGING_HEADER0" offset="0x24" width="32" description="The Exception Logging Header 0 Register contains the first word of the header.">
    <bitfield id="TYPE_F" width="8" begin="31" end="24" resetval="0x0" description="Type." range="" rwaccess="R"/>
    <bitfield id="SRC_ID" width="16" begin="23" end="8" resetval="0x0" description="Source ID." range="" rwaccess="R"/>
    <bitfield id="DEST_ID" width="8" begin="7" end="0" resetval="0x0" description="Destination ID." range="" rwaccess="R"/>
  </register>
  <register id="EXCEPTION_LOGGING_HEADER1" acronym="EXCEPTION_LOGGING_HEADER1" offset="0x28" width="32" description="The Exception Logging Header 1 Register contains the second word of the header.">
    <bitfield id="GROUP" width="8" begin="31" end="24" resetval="0x0" description="Group." range="" rwaccess="R"/>
    <bitfield id="CODE" width="8" begin="23" end="16" resetval="0x0" description="Code." range="" rwaccess="R"/>
    <bitfield id="RESERVED" width="16" begin="15" end="0" resetval="0xX" description="" range="" rwaccess="R"/>
  </register>
  <register id="EXCEPTION_LOGGING_DATA0" acronym="EXCEPTION_LOGGING_DATA0" offset="0x2C" width="32" description="The Exception Logging Data 0 Register contains the first word of the data.">
    <bitfield id="ADDR_L" width="32" begin="31" end="0" resetval="0x0" description="Address lower 32 bits." range="" rwaccess="R"/>
  </register>
  <register id="EXCEPTION_LOGGING_DATA1" acronym="EXCEPTION_LOGGING_DATA1" offset="0x30" width="32" description="The Exception Logging Data 1 Register contains the second word of the data.">
    <bitfield id="RESERVED" width="16" begin="31" end="16" resetval="0xX" description="" range="" rwaccess="R"/>
    <bitfield id="ADDR_H" width="16" begin="15" end="0" resetval="0x0" description="Address upper 16 bits." range="" rwaccess="R"/>
  </register>
  <register id="EXCEPTION_LOGGING_DATA2" acronym="EXCEPTION_LOGGING_DATA2" offset="0x34" width="32" description="The Exception Logging Data 2 Register contains the third word of the data.">
    <bitfield id="RESERVED" width="4" begin="31" end="28" resetval="0xX" description="" range="" rwaccess="R"/>
    <bitfield id="ROUTEID" width="12" begin="27" end="16" resetval="0x0" description="Route ID." range="" rwaccess="R"/>
    <bitfield id="RESERVED" width="2" begin="15" end="14" resetval="0xX" description="" range="" rwaccess="R"/>
    <bitfield id="WRITE" width="1" begin="13" end="13" resetval="0x0" description="Write." range="" rwaccess="R"/>
    <bitfield id="READ" width="1" begin="12" end="12" resetval="0x0" description="Read." range="" rwaccess="R"/>
    <bitfield id="DEBUG" width="1" begin="11" end="11" resetval="0x0" description="Debug." range="" rwaccess="R"/>
    <bitfield id="CACHEABLE" width="1" begin="10" end="10" resetval="0x0" description="Cacheable." range="" rwaccess="R"/>
    <bitfield id="PRIV" width="1" begin="9" end="9" resetval="0x0" description="Priv." range="" rwaccess="R"/>
    <bitfield id="SECURE" width="1" begin="8" end="8" resetval="0x0" description="Secure." range="" rwaccess="R"/>
    <bitfield id="PRIV_ID" width="8" begin="7" end="0" resetval="0x0" description="Priv ID." range="" rwaccess="R"/>
  </register>
  <register id="EXCEPTION_LOGGING_DATA3" acronym="EXCEPTION_LOGGING_DATA3" offset="0x38" width="32" description="The Exception Logging Data 3 Register contains the fourth word of the data.">
    <bitfield id="RESERVED" width="22" begin="31" end="10" resetval="0xX" description="" range="" rwaccess="R"/>
    <bitfield id="BYTECNT" width="10" begin="9" end="0" resetval="0x0" description="Byte count." range="" rwaccess="R"/>
  </register>
  <register id="EXCEPTION_PEND_SET" acronym="EXCEPTION_PEND_SET" offset="0x40" width="32" description="The Exception Logging Pending Set Register allows to set the pend signal.">
    <bitfield id="RESERVED" width="31" begin="31" end="1" resetval="0xX" description="" range="" rwaccess="RW"/>
    <bitfield id="PEND_SET" width="1" begin="0" end="0" resetval="0x0" description="Write a 1 to set the exception pend signal." range="" rwaccess="RW1S"/>
  </register>
  <register id="EXCEPTION_PEND_CLEAR" acronym="EXCEPTION_PEND_CLEAR" offset="0x44" width="32" description="The Exception Logging Pending Clear Register allows to clear the pend signal.">
    <bitfield id="RESERVED" width="31" begin="31" end="1" resetval="0xX" description="" range="" rwaccess="RW"/>
    <bitfield id="PEND_CLR" width="1" begin="0" end="0" resetval="0x0" description="Write a 1 to clear the exception pend signal." range="" rwaccess="RW1C"/>
  </register>
</module>
