<module name="DSS0_OVR1" acronym="" XML_version="1.0" HW_revision="n/a" description="">
  <register id="DSS0_OVR_CONFIG" acronym="DSS0_OVR_CONFIG" offset="0x0" width="32" description="The control register configures the Display Controller module for the VP output. Shadow register">
    <bitfield id="RESERVED" width="18" begin="31" end="14" resetval="0x0" description="" range="" rwaccess="R"/>
    <bitfield id="RESERVED" width="1" begin="13" end="13" resetval="0x0" description="" range="" rwaccess="R"/>
    <bitfield id="RESERVED" width="1" begin="12" end="12" resetval="0x0" description="" range="" rwaccess="R"/>
    <bitfield id="TCKLCDSELECTION" width="1" begin="11" end="11" resetval="0x0" description="Transparency Color Key Selection 0h = Destination transparency color key selected 1h = Source transparency color key selected" range="" rwaccess="RW"/>
    <bitfield id="TCKLCDENABLE" width="1" begin="10" end="10" resetval="0x0" description="Transparency Color Key Enable 0h = Disable the transparency color key for the LCD 1h = Enable the transparency color key for the LCD" range="" rwaccess="RW"/>
    <bitfield id="RESERVED" width="8" begin="9" end="2" resetval="0x0" description="" range="" rwaccess="R"/>
    <bitfield id="COLORBAREN" width="1" begin="1" end="1" resetval="0x0" description="Enable the Color-Bar 0h = Disabled 1h = Enabled" range="" rwaccess="RW"/>
    <bitfield id="RESERVED" width="1" begin="0" end="0" resetval="0x0" description="" range="" rwaccess="R"/>
  </register>
  <register id="DSS0_OVR_DEFAULT_COLOR" acronym="DSS0_OVR_DEFAULT_COLOR" offset="0x8" width="32" description="The control register configures the default solid background color LSB[31:0]. Shadow register">
    <bitfield id="DEFAULTCOLOR" width="32" begin="31" end="0" resetval="0x0" description="32-bit LSB of ARGB background color" range="" rwaccess="RW"/>
  </register>
  <register id="DSS0_OVR_DEFAULT_COLOR2" acronym="DSS0_OVR_DEFAULT_COLOR2" offset="0xC" width="32" description="The control register configures the default solid background color MSB[47:32]. Shadow register">
    <bitfield id="RESERVED" width="16" begin="31" end="16" resetval="0x0" description="" range="" rwaccess="R"/>
    <bitfield id="DEFAULTCOLOR" width="16" begin="15" end="0" resetval="0x0" description="16-bit MSB of ARGB background color" range="" rwaccess="RW"/>
  </register>
  <register id="DSS0_OVR_TRANS_COLOR_MAX" acronym="DSS0_OVR_TRANS_COLOR_MAX" offset="0x10" width="32" description="The register sets the max transparency color value for the overlays. Shadow register">
    <bitfield id="TRANSCOLORKEY" width="32" begin="31" end="0" resetval="0x0" description="LSB[31:0]. Transparency Color Key Value in 36-bit RGB format" range="" rwaccess="RW"/>
  </register>
  <register id="DSS0_OVR_TRANS_COLOR_MAX2" acronym="DSS0_OVR_TRANS_COLOR_MAX2" offset="0x14" width="32" description="The register sets the max transparency color value for the overlays. Shadow register">
    <bitfield id="RESERVED" width="28" begin="31" end="4" resetval="0x0" description="" range="" rwaccess="R"/>
    <bitfield id="TRANSCOLORKEY" width="4" begin="3" end="0" resetval="0x0" description="MSB[35:32]. Transparency Color Key Value in 36-bit RGB format" range="" rwaccess="RW"/>
  </register>
  <register id="DSS0_OVR_TRANS_COLOR_MIN" acronym="DSS0_OVR_TRANS_COLOR_MIN" offset="0x18" width="32" description="The register sets the min transparency color value for the overlays. Shadow register">
    <bitfield id="TRANSCOLORKEY" width="32" begin="31" end="0" resetval="0x0" description="LSB[31:0]. Transparency Color Key Value in 36-bit RGB format" range="" rwaccess="RW"/>
  </register>
  <register id="DSS0_OVR_TRANS_COLOR_MIN2" acronym="DSS0_OVR_TRANS_COLOR_MIN2" offset="0x1C" width="32" description="The register sets the min transparency color value for the overlays. Shadow register">
    <bitfield id="RESERVED" width="28" begin="31" end="4" resetval="0x0" description="" range="" rwaccess="R"/>
    <bitfield id="TRANSCOLORKEY" width="4" begin="3" end="0" resetval="0x0" description="MSB[35:32]. Transparency Color Key Value in 36-bit RGB format" range="" rwaccess="RW"/>
  </register>
  <register id="DSS0_OVR_ATTRIBUTES_0" acronym="DSS0_OVR_ATTRIBUTES_0" offset="0x20" width="32" description="The register configures the attributes of layer-0, ZORDER= 0, of the Overlay manager. Shadow register">
    <bitfield id="RESERVED" width="1" begin="31" end="31" resetval="0x0" description="" range="" rwaccess="R"/>
    <bitfield id="POSY" width="12" begin="30" end="19" resetval="0x0" description="Y position of the layer. Encoded value [from 0 to 4095] to specify the Y position of the layer on the screen. The line at the top has the Y-position 0" range="" rwaccess="RW"/>
    <bitfield id="RESERVED" width="1" begin="18" end="18" resetval="0x0" description="" range="" rwaccess="R"/>
    <bitfield id="POSX" width="12" begin="17" end="6" resetval="0x0" description="X position of the layer. Encoded value [from 0 to 4095] to specify the X position of the layer on the screen. The first pixel on the left of the screen has the X-position 0" range="" rwaccess="RW"/>
    <bitfield id="RESERVED" width="1" begin="5" end="5" resetval="0x0" description="" range="" rwaccess="R"/>
    <bitfield id="CHANNELIN" width="4" begin="4" end="1" resetval="0x0" description="Input channel connected to Layer 0h = VID is connected to the layer 1h = VIDL-1 is connected to the layer Others = Reserved" range="" rwaccess="RW"/>
    <bitfield id="ENABLE" width="1" begin="0" end="0" resetval="0x0" description="Layer Enable" range="" rwaccess="RW"/>
  </register>
  <register id="DSS0_OVR_ATTRIBUTES_1" acronym="DSS0_OVR_ATTRIBUTES_1" offset="0x24" width="32" description="The register configures the attributes of layer-1, ZORDER= 1, of the Overlay manager. Shadow register">
    <bitfield id="RESERVED" width="1" begin="31" end="31" resetval="0x0" description="" range="" rwaccess="R"/>
    <bitfield id="POSY" width="12" begin="30" end="19" resetval="0x0" description="Y position of the layer. Encoded value [from 0 to 4095] to specify the Y position of the layer on the screen. The line at the top has the Y-position 0" range="" rwaccess="RW"/>
    <bitfield id="RESERVED" width="1" begin="18" end="18" resetval="0x0" description="" range="" rwaccess="R"/>
    <bitfield id="POSX" width="12" begin="17" end="6" resetval="0x0" description="X position of the layer. Encoded value [from 0 to 4095] to specify the X position of the layer on the screen. The first pixel on the left of the screen has the X-position 0" range="" rwaccess="RW"/>
    <bitfield id="RESERVED" width="1" begin="5" end="5" resetval="0x0" description="" range="" rwaccess="R"/>
    <bitfield id="CHANNELIN" width="4" begin="4" end="1" resetval="0x0" description="Input channel connected to Layer 0h = VID is connected to the layer 1h = VIDL-1 is connected to the layer Others = Reserved" range="" rwaccess="RW"/>
    <bitfield id="ENABLE" width="1" begin="0" end="0" resetval="0x0" description="Layer Enable" range="" rwaccess="RW"/>
  </register>
</module>
