<module name="GPMC0_CFG" acronym="" XML_version="1.0" HW_revision="n/a" description="">
  <register id="GPMC_REVISION" acronym="GPMC_REVISION" offset="0x0" width="32" description="This register contains the IP revision code.">
    <bitfield id="REVISION" width="32" begin="31" end="0" resetval="0x60" description="TI internal data. Identifies revision of peripheral." range="" rwaccess="R"/>
  </register>
  <register id="GPMC_SYSCONFIG" acronym="GPMC_SYSCONFIG" offset="0x10" width="32" description="Register related to module software reset and local power management.">
    <bitfield id="RESERVED" width="27" begin="31" end="5" resetval="0x0" description="Write 0s for future compatibility. Read returns 0." range="" rwaccess="R"/>
    <bitfield id="IDLEMODE" width="2" begin="4" end="3" resetval="0x0" description="0h = Force-idle. A clock stop request is acknowledged unconditionally. 1h (R/W) = No-idle. A clock stop request is never acknowledged. 2h (R/W) = Smart-idle. Acknowledgment to a clock stop request is given based on the internal activity of the module. 3h (R/W) = Reserved. Do not use." range="" rwaccess="RW"/>
    <bitfield id="RESERVED" width="1" begin="2" end="2" resetval="0x0" description="Write 0 for future compatibility Read returns 0." range="" rwaccess="R"/>
    <bitfield id="SOFTRESET" width="1" begin="1" end="1" resetval="0x0" description="Software reset. 0h (R/W) = Normal mode 1h (R/W) = The module is reset." range="" rwaccess="RW"/>
    <bitfield id="AUTOIDLE" width="1" begin="0" end="0" resetval="0x0" description="Internal interface clock-gating strategy 0h (R/W) = Interface clock is free-running. 1h (R/W) = Automatic Interface clock gating strategy is applied, based on the interconnect activity." range="" rwaccess="RW"/>
  </register>
  <register id="GPMC_SYSSTATUS" acronym="GPMC_SYSSTATUS" offset="0x14" width="32" description="This register provides status information about the module, excluding the interrupt status information.">
    <bitfield id="RESERVED" width="24" begin="31" end="8" resetval="0x0" description="Read returns 0." range="" rwaccess="R"/>
    <bitfield id="RESERVED" width="7" begin="7" end="1" resetval="0x0" description="Read returns 0 (reserved for interconnect-socket status information)." range="" rwaccess="R"/>
    <bitfield id="RESETDONE" width="1" begin="0" end="0" resetval="0x-" description="Internal reset monitoring 0h (R) = Internal module reset is ongoing. 1h (R) = Reset is complete." range="" rwaccess="R"/>
  </register>
  <register id="GPMC_IRQSTATUS" acronym="GPMC_IRQSTATUS" offset="0x18" width="32" description="This interrupt status register regroups all the status of the module internal events that can generate an interrupt.">
    <bitfield id="RESERVED" width="22" begin="31" end="10" resetval="0x0" description="Write 0s for future compatibility. Read returns 0s." range="" rwaccess="R"/>
    <bitfield id="WAIT1EDGEDETECTIONSTATUS" width="1" begin="9" end="9" resetval="0x0" description="Status of the Wait1 Edge Detection interrupt Write: 0h = WAIT1EDGEDETECTIONSTATUS bit is unchanged. 1h = WAIT1EDGEDETECTIONSTATUS bit is reset. Read: 0h = A transition on WAIT1 input pin has not been detected. 1h = A transition on WAIT1 input pin has been detected." range="" rwaccess="RW"/>
    <bitfield id="WAIT0EDGEDETECTIONSTATUS" width="1" begin="8" end="8" resetval="0x0" description="Status of the Wait0 Edge Detection interrupt Write: 0h = WAIT0EDGEDETECTIONSTATUS bit is unchanged. 1h = WAIT0EDGEDETECTIONSTATUS bit is reset. Read: 0h = A transition on WAIT0 input pin has not been detected. 1h = A transition on WAIT0 input pin has been detected." range="" rwaccess="RW"/>
    <bitfield id="RESERVED" width="6" begin="7" end="2" resetval="0x0" description="Write 0s for future compatibility. Read returns 0s." range="" rwaccess="R"/>
    <bitfield id="TERMINALCOUNTSTATUS" width="1" begin="1" end="1" resetval="0x0" description="Status of the TerminalCountEvent interrupt Write: 0h = TERMINALCOUNTSTATUS bit is unchanged. 1h = TERMINALCOUNTSTATUS bit is reset. Read: 0h = Indicates that CountValue is greater than 0. 1h = Indicates that CountValue is equal to 0." range="" rwaccess="RW"/>
    <bitfield id="FIFOEVENTSTATUS" width="1" begin="0" end="0" resetval="0x0" description="Status of the FIFOEvent interrupt Write: 0h = FIFOEVENTSTATUS bit is unchanged. 1h = FIFOEVENTSTATUS bit is reset. Read: 0h = Indicates that less than 1h = Indicates that at least" range="" rwaccess="RW"/>
  </register>
  <register id="GPMC_IRQENABLE" acronym="GPMC_IRQENABLE" offset="0x1C" width="32" description="The interrupt enable register allows to mask/unmask the module internal sources of interrupt, on a event-by-event basis.">
    <bitfield id="RESERVED" width="22" begin="31" end="10" resetval="0x0" description="Write 0s for future compatibility. Read returns 0s." range="" rwaccess="R"/>
    <bitfield id="WAIT1EDGEDETECTIONENABLE" width="1" begin="9" end="9" resetval="0x0" description="Enables the Wait1 Edge Detection interrupt 0h (R/W) = Wait1EdgeDetection interrupt is masked. 1h (R/W) = Wait1EdgeDetection event generates an interrupt if occurs." range="" rwaccess="RW"/>
    <bitfield id="WAIT0EDGEDETECTIONENABLE" width="1" begin="8" end="8" resetval="0x0" description="Enables the Wait0 Edge Detection interrupt 0h (R/W) = Wait0EdgeDetection interrupt is masked. 1h (R/W) = Wait0EdgeDetection event generates an interrupt if occurs." range="" rwaccess="RW"/>
    <bitfield id="RESERVED" width="6" begin="7" end="2" resetval="0x0" description="Write 0s for future compatibility. Read returns 0s." range="" rwaccess="R"/>
    <bitfield id="TERMINALCOUNTEVENTENABLE" width="1" begin="1" end="1" resetval="0x0" description="Enables TerminalCountEvent interrupt issuing in prefetch or write-posting mode 0h (R/W) = TerminalCountEvent interrupt is masked. 1h (R/W) = TerminalCountEvent interrupt is not masked." range="" rwaccess="RW"/>
    <bitfield id="FIFOEVENTENABLE" width="1" begin="0" end="0" resetval="0x0" description="Enables the FIFOEvent interrupt 0h (R/W) = FIFOEvent interrupt is masked. 1h (R/W) = FIFOEvent interrupt is not masked." range="" rwaccess="RW"/>
  </register>
  <register id="GPMC_TIMEOUT_CONTROL" acronym="GPMC_TIMEOUT_CONTROL" offset="0x40" width="32" description="The register allows the user to set the start value of the timeout counter.">
    <bitfield id="RESERVED" width="19" begin="31" end="13" resetval="0x0" description="Write 0s for future compatibility. Read returns 0s." range="" rwaccess="R"/>
    <bitfield id="TIMEOUTSTARTVALUE" width="9" begin="12" end="4" resetval="0x1FF" description="Start value of the time-out counter" range="" rwaccess="RW"/>
    <bitfield id="RESERVED" width="3" begin="3" end="1" resetval="0x0" description="Write 0s for future compatibility. Read returns 0s." range="" rwaccess="R"/>
    <bitfield id="TIMEOUTENABLE" width="1" begin="0" end="0" resetval="0x0" description="Enable bit of the TimeOut feature 0h (R/W) = TimeOut feature is disabled. 1h (R/W) = TimeOut feature is enabled." range="" rwaccess="RW"/>
  </register>
  <register id="GPMC_ERR_ADDRESS" acronym="GPMC_ERR_ADDRESS" offset="0x44" width="32" description="The register stores the address of the illegal access when an error occurs.">
    <bitfield id="RESERVED" width="1" begin="31" end="31" resetval="0x0" description="Write 0s for future compatibility. Read returns 0." range="" rwaccess="R"/>
    <bitfield id="ILLEGALADD" width="31" begin="30" end="0" resetval="0x0" description="Address of illegal access" range="" rwaccess="R"/>
  </register>
  <register id="GPMC_ERR_TYPE" acronym="GPMC_ERR_TYPE" offset="0x48" width="32" description="The register stores the type of error when an error occurs.">
    <bitfield id="RESERVED" width="21" begin="31" end="11" resetval="0x0" description="Write 0s for future compatibility. Read returns 0s." range="" rwaccess="R"/>
    <bitfield id="ILLEGALMCMD" width="3" begin="10" end="8" resetval="0x0" description="System command of the transaction that caused the error" range="" rwaccess="R"/>
    <bitfield id="RESERVED" width="3" begin="7" end="5" resetval="0x0" description="Write 0s for future compatibility. Read returns 0s." range="" rwaccess="R"/>
    <bitfield id="ERRORNOTSUPPADD" width="1" begin="4" end="4" resetval="0x0" description="Not supported address error 0h (R) = No error occurs. 1h (R) = The error is due to a nonsupported address." range="" rwaccess="R"/>
    <bitfield id="ERRORNOTSUPPMCMD" width="1" begin="3" end="3" resetval="0x0" description="Not supported command error 0h (R) = No error occurs. 1h (R) = The error is due to a nonsupported command" range="" rwaccess="R"/>
    <bitfield id="ERRORTIMEOUT" width="1" begin="2" end="2" resetval="0x0" description="Time-out error 0h (R) = No error occurs. 1h (R) = The error is due to a timeout." range="" rwaccess="R"/>
    <bitfield id="RESERVED" width="1" begin="1" end="1" resetval="0x0" description="Write 0s for future compatibility. Read returns 0." range="" rwaccess="R"/>
    <bitfield id="ERRORVALID" width="1" begin="0" end="0" resetval="0x0" description="Error validity status - Must be explicitly cleared with a write 1 transaction 0h (R/W) = All error fields no longer valid 1h (R/W) = Error detected and logged in the other error fields" range="" rwaccess="RW1C"/>
  </register>
  <register id="GPMC_CONFIG" acronym="GPMC_CONFIG" offset="0x50" width="32" description="The configuration register allows global configuration of the GPMC.">
    <bitfield id="RESERVED" width="22" begin="31" end="10" resetval="0x0" description="Write 0s for future compatibility. Read returns 0s." range="" rwaccess="R"/>
    <bitfield id="WAIT1PINPOLARITY" width="1" begin="9" end="9" resetval="0x1" description="Selects the polarity of input pin WAIT1 0h (R/W) = WAIT1 active low 1h (R/W) = WAIT1 active high" range="" rwaccess="RW"/>
    <bitfield id="WAIT0PINPOLARITY" width="1" begin="8" end="8" resetval="0x0" description="Selects the polarity of input pin WAIT0 0h (R/W) = WAIT0 active low 1h (R/W) = WAIT0 active high" range="" rwaccess="RW"/>
    <bitfield id="RESERVED" width="3" begin="7" end="5" resetval="0x0" description="Write 0s for future compatibility. Read returns 0s." range="" rwaccess="R"/>
    <bitfield id="WRITEPROTECT" width="1" begin="4" end="4" resetval="0x0" description="Controls the WP output pin level 0h (R/W) = nWP output pin is low 1h (R/W) = nWP output pin is high" range="" rwaccess="RW"/>
    <bitfield id="RESERVED" width="3" begin="3" end="1" resetval="0x0" description="Write 0s for future compatibility. Read returns 0s." range="" rwaccess="R"/>
    <bitfield id="NANDFORCEPOSTEDWRITE" width="1" begin="0" end="0" resetval="0x0" description="Enables the Force Posted Write feature to NAND Cmd/Add/Data location 0h (R/W) = Disables Force Posted Write 1h (R/W) = Enables Force Posted Write" range="" rwaccess="RW"/>
  </register>
  <register id="GPMC_STATUS" acronym="GPMC_STATUS" offset="0x54" width="32" description="The status register provides global status bits of the GPMC.">
    <bitfield id="RESERVED" width="22" begin="31" end="10" resetval="0x0" description="Write 0s for future compatibility. Read returns 0s." range="" rwaccess="R"/>
    <bitfield id="WAIT1STATUS" width="1" begin="9" end="9" resetval="0x-" description="Is a copy of input pin WAIT1. (Reset value is WAIT1 input pin sampled at device reset.) 0h (R) = WAIT1 asserted (inactive state) 1h (R) = WAIT1 deasserted" range="" rwaccess="R"/>
    <bitfield id="WAIT0STATUS" width="1" begin="8" end="8" resetval="0x-" description="Is a copy of input pin WAIT0. (Reset value is WAIT0 input pin sampled at device reset.) 0h (R) = WAIT0 asserted (inactive state) 1h (R) = WAIT0 deasserted" range="" rwaccess="R"/>
    <bitfield id="RESERVED" width="7" begin="7" end="1" resetval="0x0" description="Write 0s for future compatibility. Reads returns 0" range="" rwaccess="R"/>
    <bitfield id="EMPTYWRITEBUFFERSTATUS" width="1" begin="0" end="0" resetval="0x1" description="Stores the empty status of the write buffer 0h (R) = Write buffer is not empty. 1h (R) = Write buffer is empty." range="" rwaccess="R"/>
  </register>
  <register id="GPMC_CONFIG1_i" acronym="GPMC_CONFIG1_i" offset="0x60" width="32" description="The configuration register 1 sets signal control parameters per chip-select. Offset = 60h + (i * 30h), where: i = 0 to 3">
    <bitfield id="WRAPBURST" width="1" begin="31" end="31" resetval="0x0" description="Enables the wrapping burst capability. Must be set if the attached device is configured in wrapping burst 0h (R/W) = Synchronous wrapping burst not supported 1h (R/W) = Synchronous wrapping burst supported" range="" rwaccess="RW"/>
    <bitfield id="READMULTIPLE" width="1" begin="30" end="30" resetval="0x0" description="Selects the read single or multiple access 0h (R/W) = Single access 1h (R/W) = Multiple access (burst if synchronous, page if asynchronous)" range="" rwaccess="RW"/>
    <bitfield id="READTYPE" width="1" begin="29" end="29" resetval="0x0" description="Selects the read mode operation 0h (R/W) = Read asynchronous 1h (R/W) = Read synchronous" range="" rwaccess="RW"/>
    <bitfield id="WRITEMULTIPLE" width="1" begin="28" end="28" resetval="0x0" description="Selects the write single or multiple access 0h (R/W) = Single access 1h (R/W) = Multiple access (burst if synchronous, considered as single if asynchronous)" range="" rwaccess="RW"/>
    <bitfield id="WRITETYPE" width="1" begin="27" end="27" resetval="0x0" description="Selects the write mode operation 0h (R/W) = Write asynchronous 1h (R/W) = Write synchronous" range="" rwaccess="RW"/>
    <bitfield id="CLKACTIVATIONTIME" width="2" begin="26" end="25" resetval="0x0" description="Output GPMC_CLK activation time 0h (R/W) = First rising edge of GPMC_CLK at start access time 1h (R/W) = First rising edge of GPMC_CLK one GPMC_FICLK cycle after start access time 2h (R/W) = First rising edge of GPMC_CLK two GPMC_FICLK cycles after start access time 3h (R/W) = Reserved" range="" rwaccess="RW"/>
    <bitfield id="ATTACHEDDEVICEPAGELENGTH" width="2" begin="24" end="23" resetval="0x0" description="Specifies the attached device page (burst) length 0h (R/W) = 4 words 1h (R/W) = 8 words 2h (R/W) = 16 words 3h (R/W) = Reserved (1 word = interface size)" range="" rwaccess="RW"/>
    <bitfield id="WAITREADMONITORING" width="1" begin="22" end="22" resetval="0x0" description="Selects the Wait monitoring configuration for Read accesses 0h (R/W) = WAIT pin is not monitored for read accesses. 1h (R/W) = WAIT pin is monitored for read accesses." range="" rwaccess="RW"/>
    <bitfield id="WAITWRITEMONITORING" width="1" begin="21" end="21" resetval="0x0" description="Selects the Wait monitoring configuration for Write accesses 0h (R/W) = WAIT pin is not monitored for write accesses. 1h (R/W) = WAIT pin is monitored for write accesses." range="" rwaccess="RW"/>
    <bitfield id="RESERVED" width="1" begin="20" end="20" resetval="0x0" description="Write 0s for future compatibility. Read returns 0." range="" rwaccess="R"/>
    <bitfield id="WAITMONITORINGTIME" width="2" begin="19" end="18" resetval="0x0" description="Selects input pin Wait monitoring time 0h (R/W) = WAIT pin is monitored with valid data. 1h (R/W) = WAIT pin is monitored one GPMC_CLK cycle before valid data. 2h (R/W) = WAIT pin is monitored two GPMC_CLK cycle before valid data. 3h (R/W) = Reserved" range="" rwaccess="RW"/>
    <bitfield id="WAITPINSELECT" width="2" begin="17" end="16" resetval="0x0" description="Selects the input WAIT pin for this chip-select 0h (R/W) = Wait input pin is WAIT0. 1h (R/W) = Wait input pin is WAIT1. 2h, 3h = Reserved" range="" rwaccess="RW"/>
    <bitfield id="RESERVED" width="2" begin="15" end="14" resetval="0x0" description="Write 0s for future compatibility." range="" rwaccess="R"/>
    <bitfield id="DEVICESIZE" width="2" begin="13" end="12" resetval="0x0" description="Selects the device size attached 0h (R/W) = 8 bit 1h (R/W) = 16 bit 2h (R/W) = Reserved 3h (R/W) = Reserved" range="" rwaccess="RW"/>
    <bitfield id="DEVICETYPE" width="2" begin="11" end="10" resetval="0x0" description="Selects the attached device type 0h (R/W) = NOR flash-like, asynchronous and synchronous devices 1h (R/W) = Reserved 2h (R/W) = NAND flash-like devices, stream mode 3h (R/W) = Reserved" range="" rwaccess="RW"/>
    <bitfield id="MUXADDDATA" width="2" begin="9" end="8" resetval="0x0" description="Enables the address and data multiplexed protocol 0h (R/W) = Nonmultiplexed attached device 1h (R/W) = AAD-multiplexed protocol device 2h (R/W) = Address and data multiplexed attached device 3h (R/W) = Reserved" range="" rwaccess="RW"/>
    <bitfield id="RESERVED" width="3" begin="7" end="5" resetval="0x0" description="Write 0s for future compatibility. Read returns 0s." range="" rwaccess="R"/>
    <bitfield id="TIMEPARAGRANULARITY" width="1" begin="4" end="4" resetval="0x0" description="Signals timing latencies scalar factor (RD/WRCYCLETIME, RD/WRACCESSTIME, PAGEBURSTACCESSTIME, CSONTIME, CSRD/WROFFTIME, ADVONTIME, ADVRD/WROFFTIME, OEONTIME, OEOFFTIME, WEONTIME, WEOFFTIME, CYCLE2CYCLEDELAY, BUSTURNAROUND, TIMEOUTSTARTVALUE, WRDATAONADMUXBUS) 0h (R/W) = x1 latencies 1h (R/W) = x2 latencies" range="" rwaccess="RW"/>
    <bitfield id="RESERVED" width="2" begin="3" end="2" resetval="0x0" description="Write 0s for future compatibility. Read returns 0s." range="" rwaccess="R"/>
    <bitfield id="GPMCFCLKDIVIDER" width="2" begin="1" end="0" resetval="0x0" description="Divides the GPMC_FICLK clock 0h (R/W) = GPMC_CLK frequency = GPMC_FICLK frequency 1h (R/W) = GPMC_CLK frequency = GPMC_FICLK frequency / 2 2h (R/W) = GPMC_CLK frequency = GPMC_FICLK frequency / 3 3h (R/W) = GPMC_CLK frequency = GPMC_FICLK frequency /4" range="" rwaccess="RW"/>
  </register>
  <register id="GPMC_CONFIG2_i" acronym="GPMC_CONFIG2_i" offset="0x64" width="32" description="CS signal timing parameter configuration Offset = 64h + (i * 30h), where: i = 0 to 3">
    <bitfield id="RESERVED" width="11" begin="31" end="21" resetval="0x0" description="Write 0s for future compatibility." range="" rwaccess="R"/>
    <bitfield id="CSWROFFTIME" width="5" begin="20" end="16" resetval="0x10" description="CS i deassertion time from start cycle time for write accesses" range="" rwaccess="RW"/>
    <bitfield id="RESERVED" width="3" begin="15" end="13" resetval="0x0" description="Write 0s for future compatibility. Read returns 0s." range="" rwaccess="R"/>
    <bitfield id="CSRDOFFTIME" width="5" begin="12" end="8" resetval="0x10" description="CS i de-assertion time from start cycle time for read accesses" range="" rwaccess="RW"/>
    <bitfield id="CSEXTRADELAY" width="1" begin="7" end="7" resetval="0x0" description="CS i Add extra half-GPMC_FICLK cycle 0h (R/W) = CS i Timing control signal is not delayed 1h (R/W) = CS i Timing control signal is delayed of half GPMC_FICLK clock cycle" range="" rwaccess="RW"/>
    <bitfield id="RESERVED" width="3" begin="6" end="4" resetval="0x0" description="Write 0s for future compatibility. Read returns 0s." range="" rwaccess="R"/>
    <bitfield id="CSONTIME" width="4" begin="3" end="0" resetval="0x1" description="CS i assertion time from start cycle time" range="" rwaccess="RW"/>
  </register>
  <register id="GPMC_CONFIG3_i" acronym="GPMC_CONFIG3_i" offset="0x68" width="32" description="nADV signal timing parameter configuration Offset = 68h + (i * 30h), where: i = 0 to 3">
    <bitfield id="RESERVED" width="1" begin="31" end="31" resetval="0x0" description="Write 0s for future compatibility. Read returns 0s." range="" rwaccess="R"/>
    <bitfield id="ADVAADMUXWROFFTIME" width="3" begin="30" end="28" resetval="0x2" description="nADV deassertion for first address phase when using the AAD-multiplexed protocol" range="" rwaccess="RW"/>
    <bitfield id="RESERVED" width="1" begin="27" end="27" resetval="0x0" description="Write 0s for future compatibility. Read returns 0s." range="" rwaccess="R"/>
    <bitfield id="ADVAADMUXRDOFFTIME" width="3" begin="26" end="24" resetval="0x2" description="nADV assertion for first address phase when using the AAD-multiplexed protocol" range="" rwaccess="RW"/>
    <bitfield id="RESERVED" width="3" begin="23" end="21" resetval="0x0" description="Write 0s for future compatibility. Read returns 0s." range="" rwaccess="R"/>
    <bitfield id="ADVWROFFTIME" width="5" begin="20" end="16" resetval="0x6" description="nADV deassertion time from start cycle time for write accesses" range="" rwaccess="RW"/>
    <bitfield id="RESERVED" width="3" begin="15" end="13" resetval="0x0" description="Write 0s for future compatibility. Read returns 0s." range="" rwaccess="R"/>
    <bitfield id="ADVRDOFFTIME" width="5" begin="12" end="8" resetval="0x5" description="nADV deassertion time from start cycle time for read accesses" range="" rwaccess="RW"/>
    <bitfield id="ADVEXTRADELAY" width="1" begin="7" end="7" resetval="0x0" description="nADV add extra half-GPMC_FICLK cycle 0h (R/W) = nADV timing control signal is not delayed 1h (R/W) = nADV timing control signal is delayed of half GPMC_FICLK clock cycle" range="" rwaccess="RW"/>
    <bitfield id="ADVAADMUXONTIME" width="3" begin="6" end="4" resetval="0x1" description="nADV assertion for first address phase when using the AAD-multiplexed protocol" range="" rwaccess="RW"/>
    <bitfield id="ADVONTIME" width="4" begin="3" end="0" resetval="0x4" description="nADV assertion time from start cycle time" range="" rwaccess="RW"/>
  </register>
  <register id="GPMC_CONFIG4_i" acronym="GPMC_CONFIG4_i" offset="0x6C" width="32" description="nWE and nOE signals timing parameter configuration Offset = 6Ch + (i * 30h), where: i = 0 to 3">
    <bitfield id="RESERVED" width="3" begin="31" end="29" resetval="0x0" description="Write 0s for future compatibility. Read returns 0s." range="" rwaccess="R"/>
    <bitfield id="WEOFFTIME" width="5" begin="28" end="24" resetval="0x10" description="nWE deassertion time from start cycle time" range="" rwaccess="RW"/>
    <bitfield id="WEEXTRADELAY" width="1" begin="23" end="23" resetval="0x0" description="nWE add extra half-GPMC_FICLK cycle 0h (R/W) = nWE timing control signal is not delayed 1h (R/W) = nWE timing control signal is delayed of half-GPMC_FICLK clock cycle" range="" rwaccess="RW"/>
    <bitfield id="RESERVED" width="3" begin="22" end="20" resetval="0x0" description="Write 0s for future compatibility. Read returns 0s." range="" rwaccess="R"/>
    <bitfield id="WEONTIME" width="4" begin="19" end="16" resetval="0x5" description="nWE assertion time from start cycle time" range="" rwaccess="RW"/>
    <bitfield id="OEAADMUX_OFFTIME" width="3" begin="15" end="13" resetval="0x3" description="nOE deassertion time for the first address phase in an AAD-multiplexed access" range="" rwaccess="RW"/>
    <bitfield id="OEOFFTIME" width="5" begin="12" end="8" resetval="0x10" description="nOE deassertion time from start cycle time" range="" rwaccess="RW"/>
    <bitfield id="OEEXTRADELAY" width="1" begin="7" end="7" resetval="0x0" description="nOE add extra half-GPMC_FICLK cycle 0h (R/W) = nOE timing control signal is not delayed 1h (R/W) = nOE timing control signal is delayed of half-GPMC_FICLK clock cycle" range="" rwaccess="RW"/>
    <bitfield id="OEAADMUX_ONTIME" width="3" begin="6" end="4" resetval="0x1" description="nOE assertion time for the first address phase in an AAD-mux access" range="" rwaccess="RW"/>
    <bitfield id="OEONTIME" width="4" begin="3" end="0" resetval="0x6" description="nOE assertion time from start cycle time" range="" rwaccess="RW"/>
  </register>
  <register id="GPMC_CONFIG5_i" acronym="GPMC_CONFIG5_i" offset="0x70" width="32" description="RdAccessTime and CycleTime timing parameters configuration Offset = 70h + (i * 30h), where: i = 0 to 3">
    <bitfield id="RESERVED" width="4" begin="31" end="28" resetval="0x0" description="Write 0s for future compatibility. Read returns 0s." range="" rwaccess="R"/>
    <bitfield id="PAGEBURSTACCESSTIME" width="4" begin="27" end="24" resetval="0x1" description="Delay between successive words in a multiple access" range="" rwaccess="RW"/>
    <bitfield id="RESERVED" width="3" begin="23" end="21" resetval="0x0" description="Write 0s for future compatibility. Read returns 0s." range="" rwaccess="R"/>
    <bitfield id="RDACCESSTIME" width="5" begin="20" end="16" resetval="0xF" description="Delay between start cycle time and first data valid" range="" rwaccess="RW"/>
    <bitfield id="RESERVED" width="3" begin="15" end="13" resetval="0x0" description="Write 0s for future compatibility." range="" rwaccess="R"/>
    <bitfield id="WRCYCLETIME" width="5" begin="12" end="8" resetval="0x11" description="Total write cycle time" range="" rwaccess="RW"/>
    <bitfield id="RESERVED" width="3" begin="7" end="5" resetval="0x0" description="Write 0s for future compatibility. Read returns 0s." range="" rwaccess="R"/>
    <bitfield id="RDCYCLETIME" width="5" begin="4" end="0" resetval="0x11" description="Total read cycle time" range="" rwaccess="RW"/>
  </register>
  <register id="GPMC_CONFIG6_i" acronym="GPMC_CONFIG6_i" offset="0x74" width="32" description="WrAccessTime, WrDataOnADmuxBus, Cycle2Cycle and BusTurnAround parameters configuration Offset = 74h + (i * 30h), where: i = 0 to 3">
    <bitfield id="RESERVED" width="1" begin="31" end="31" resetval="0x1" description="TI Internal use - Do not modify." range="" rwaccess="RW"/>
    <bitfield id="RESERVED" width="2" begin="30" end="29" resetval="0x0" description="Write 0s for future compatibility. Read returns 0s." range="" rwaccess="R"/>
    <bitfield id="WRACCESSTIME" width="5" begin="28" end="24" resetval="0xF" description="Delay from start access time to the GPMC_FICLK rising edge corresponding the GPMC_CLK rising edge used by the attached memory for the first data capture" range="" rwaccess="RW"/>
    <bitfield id="RESERVED" width="4" begin="23" end="20" resetval="0x0" description="Write 0s for future compatibility. Read returns 0s." range="" rwaccess="R"/>
    <bitfield id="WRDATAONADMUXBUS" width="4" begin="19" end="16" resetval="0x7" description="Specifies on which GPMC_FICLK rising edge the first data of the write is driven in the add/data mux bus" range="" rwaccess="RW"/>
    <bitfield id="RESERVED" width="4" begin="15" end="12" resetval="0x0" description="Write 0s for future compatibility. Read returns 0s." range="" rwaccess="R"/>
    <bitfield id="CYCLE2CYCLEDELAY" width="4" begin="11" end="8" resetval="0x0" description="Chip-select high pulse delay between successive accesses" range="" rwaccess="RW"/>
    <bitfield id="CYCLE2CYCLESAMECSEN" width="1" begin="7" end="7" resetval="0x0" description="Add CYCLE2CYCLEDELAY between successive accesses to the same chip-select (any access type) 0h (R/W) = No delay between the two accesses 1h (R/W) = Add CYCLE2CYCLEDELAY" range="" rwaccess="RW"/>
    <bitfield id="CYCLE2CYCLEDIFFCSEN" width="1" begin="6" end="6" resetval="0x0" description="Add CYCLE2CYCLEDELAY between successive accesses to a different chip-select (any access type) 0h (R/W) = No delay between the two accesses 1h (R/W) = Add CYCLE2CYCLEDELAY" range="" rwaccess="RW"/>
    <bitfield id="RESERVED" width="2" begin="5" end="4" resetval="0x0" description="Write 0s for future compatibility." range="" rwaccess="R"/>
    <bitfield id="BUSTURNAROUND" width="4" begin="3" end="0" resetval="0x0" description="Bus turnaround latency between successive accesses to the same chip-select (read to write) or to a different chip-select (read to read and read to write)" range="" rwaccess="RW"/>
  </register>
  <register id="GPMC_CONFIG7_i" acronym="GPMC_CONFIG7_i" offset="0x78" width="32" description="CS address mapping configuration Offset = 78h + (i * 30h), where: i = 0 to 3">
    <bitfield id="RESERVED" width="20" begin="31" end="12" resetval="0x0" description="Write 0s for future compatibility. Read returns 0s." range="" rwaccess="R"/>
    <bitfield id="MASKADDRESS" width="4" begin="11" end="8" resetval="0xF" description="CS mask address." range="" rwaccess="RW"/>
    <bitfield id="RESERVED" width="1" begin="7" end="7" resetval="0x0" description="Write 0s for future compatibility. Read returns 0." range="" rwaccess="R"/>
    <bitfield id="CSVALID" width="1" begin="6" end="6" resetval="0x1" description="CS enable 0h (R/W) = CS disabled 1h (R/W) = CS enabled" range="" rwaccess="RW"/>
    <bitfield id="BASEADDRESS" width="6" begin="5" end="0" resetval="0x0" description="CSi base address where i = 0 to 3 (16-MB minimum granularity) bits [5-0] corresponds to A29, A28, A27, A26, A25, and A24. See" range="" rwaccess="RW"/>
  </register>
  <register id="GPMC_NAND_COMMAND_i" acronym="GPMC_NAND_COMMAND_i" offset="0x7C" width="32" description="This register is not a true register, only an address location. Offset = 7Ch + (i * 30h), where: i = 0 to 3">
    <bitfield id="GPMC_NAND_COMMAND" width="32" begin="31" end="0" resetval="0x-" description="This register is not a true register, only an address location. Writing data at the" range="" rwaccess="W"/>
  </register>
  <register id="GPMC_NAND_ADDRESS_i" acronym="GPMC_NAND_ADDRESS_i" offset="0x80" width="32" description="This register is not a true register, only an address location. Offset = 80h + (i * 30h), where: i = 0 to 3">
    <bitfield id="GPMC_NAND_ADDRESS" width="32" begin="31" end="0" resetval="0x-" description="This register is not a true register, only an address location. Writing data at the" range="" rwaccess="W"/>
  </register>
  <register id="GPMC_NAND_DATA_i" acronym="GPMC_NAND_DATA_i" offset="0x84" width="32" description="This register is not a true register, only an address location. Offset = 84h + (i * 30h), where: i = 0 to 3">
    <bitfield id="GPMC_NAND_DATA" width="32" begin="31" end="0" resetval="0x-" description="This register is not a true register, only an address location. Reading data from the" range="" rwaccess="RW"/>
  </register>
  <register id="GPMC_PREFETCH_CONFIG1" acronym="GPMC_PREFETCH_CONFIG1" offset="0x1E0" width="32" description="Prefetch engine configuration 1 Some of the GPMC features described in this section may not be supported on this family of devices. For more information, see , GPMC Not Supported Features.">
    <bitfield id="RESERVED" width="1" begin="31" end="31" resetval="0x0" description="Write 0s for future compatibility. Read returns 0." range="" rwaccess="R"/>
    <bitfield id="CYCLEOPTIMIZATION" width="3" begin="30" end="28" resetval="0x0" description="Define the number of GPMC_FICLK cycles to be subtracted from RDCYCLETIME, WRCYCLETIME, RDACCESSTIME, CSRDOFFTIME, CSWROFFTIME, ADVRDOFFTIME, ADVWROFFTIME, OEOFFTIME, WEOFFTIME" range="" rwaccess="RW"/>
    <bitfield id="ENABLEOPTIMIZEDACCESS" width="1" begin="27" end="27" resetval="0x0" description="Enables access cycle optimization 0h (R/W) = Access cycle optimization is disabled. 1h (R/W) = Access cycle optimization is enabled." range="" rwaccess="RW"/>
    <bitfield id="ENGINECSSELECTOR" width="3" begin="26" end="24" resetval="0x0" description="Selects the chip-select where Prefetch Postwrite engine is active" range="" rwaccess="RW"/>
    <bitfield id="PFPWENROUNDROBIN" width="1" begin="23" end="23" resetval="0x0" description="Enables the PFPW RoundRobin arbitration 0h (R/W) = Prefetch Postwrite engine round robin arbitration is disabled. 1h (R/W) = Prefetch Postwrite engine round robin arbitration is enabled." range="" rwaccess="RW"/>
    <bitfield id="RESERVED" width="3" begin="22" end="20" resetval="0x0" description="Write 0s for future compatibility. Read returns 0s." range="" rwaccess="R"/>
    <bitfield id="PFPWWEIGHTEDPRIO" width="4" begin="19" end="16" resetval="0x0" description="When an arbitration occurs between a DMA and a PFPW engine access, the DMA is always serviced. If the PFPWEnRoundRobin is enabled," range="" rwaccess="RW"/>
    <bitfield id="RESERVED" width="1" begin="15" end="15" resetval="0x0" description="Write 0s for future compatibility. Read returns 0." range="" rwaccess="R"/>
    <bitfield id="FIFOTHRESHOLD" width="7" begin="14" end="8" resetval="0x40" description="Selects the maximum number of bytes read from the FIFO or written to the FIFO by the host on a DMA or interrupt request" range="" rwaccess="RW"/>
    <bitfield id="ENABLEENGINE" width="1" begin="7" end="7" resetval="0x0" description="Enables the Prefetch Postwite engine 0h (R/W) = Prefetch Postwrite engine is disabled. 1h (R/W) = Prefetch Postwrite engine is enabled." range="" rwaccess="RW"/>
    <bitfield id="RESERVED" width="1" begin="6" end="6" resetval="0x0" description="Write 0s for future compatibility. Read returns 0." range="" rwaccess="R"/>
    <bitfield id="WAITPINSELECTOR" width="2" begin="5" end="4" resetval="0x0" description="Select which wait pin edge detector should start the engine in synchronized mode 0h (R/W) = Selects Wait0 EdgeDetection 1h (R/W) = Selects Wait1 EdgeDetection 2h, 3h = Reserved" range="" rwaccess="RW"/>
    <bitfield id="SYNCHROMODE" width="1" begin="3" end="3" resetval="0x0" description="Selects when the engine starts the access to chip-select 0h (R/W) = Engine starts the access to chip-select as soon as STARTENGINE is set 1h (R/W) = Engine starts the access to chip-select as soon as STARTENGINE is set AND wait to nonwait edge detection on the selected wait pin" range="" rwaccess="RW"/>
    <bitfield id="DMAMODE" width="1" begin="2" end="2" resetval="0x0" description="Selects interrupt synchronization or DMA request synchronization 0h (R/W) = Interrupt synchronization is enabled. Only interrupt line is activated on FIFO threshold crossing. 1h (R/W) = DMA request synchronization is enabled. A DMA request protocol is used." range="" rwaccess="RW"/>
    <bitfield id="RESERVED" width="1" begin="1" end="1" resetval="0x0" description="Write 0s for future compatibility. Read returns 0." range="" rwaccess="R"/>
    <bitfield id="ACCESSMODE" width="1" begin="0" end="0" resetval="0x0" description="Selects prefetch read or write-posting accesses 0h (R/W) = Prefetch read mode 1h (R/W) = Write-posting mode" range="" rwaccess="RW"/>
  </register>
  <register id="GPMC_PREFETCH_CONFIG2" acronym="GPMC_PREFETCH_CONFIG2" offset="0x1E4" width="32" description="Prefetch engine configuration 2">
    <bitfield id="RESERVED" width="18" begin="31" end="14" resetval="0x0" description="Write 0s for future compatibility. Read returns 0s." range="" rwaccess="R"/>
    <bitfield id="TRANSFERCOUNT" width="14" begin="13" end="0" resetval="0x0" description="Selects the number of bytes to be read or written by the engine to the selected chip-select" range="" rwaccess="RW"/>
  </register>
  <register id="GPMC_PREFETCH_CONTROL" acronym="GPMC_PREFETCH_CONTROL" offset="0x1EC" width="32" description="Prefetch engine control">
    <bitfield id="RESERVED" width="31" begin="31" end="1" resetval="0x0" description="Write 0s for future compatibility. Read returns 0s." range="" rwaccess="R"/>
    <bitfield id="STARTENGINE" width="1" begin="0" end="0" resetval="0x0" description="Resets the FIFO pointer and starts the engine Write: 0h = Stops the engine. 1h = Resets the FIFO pointer to 0h in prefetch mode and 40h in postwrite mode and starts the engine. Read: 0h = Engine is stopped. 1h = Engine is running." range="" rwaccess="RW"/>
  </register>
  <register id="GPMC_PREFETCH_STATUS" acronym="GPMC_PREFETCH_STATUS" offset="0x1F0" width="32" description="Prefetch engine status">
    <bitfield id="RESERVED" width="1" begin="31" end="31" resetval="0x0" description="Write 0s for future compatibility. Read returns 0." range="" rwaccess="R"/>
    <bitfield id="FIFOPOINTER" width="7" begin="30" end="24" resetval="0x0" description="Number of available bytes to be read or number of free empty byte places to be written" range="" rwaccess="R"/>
    <bitfield id="RESERVED" width="7" begin="23" end="17" resetval="0x0" description="Write 0s for future compatibility. Read returns 0s." range="" rwaccess="R"/>
    <bitfield id="FIFOTHRESHOLDSTATUS" width="1" begin="16" end="16" resetval="0x0" description="Set when FIFOPointer exceeds FIFOThreshold value 0h (R) = FIFOPointer smaller or equal to FIFOThreshold. Writing to this bit has no effect. 1h (R) = FIFOPointer greater than FIFOThreshold. Writing to this bit has no effect." range="" rwaccess="R"/>
    <bitfield id="RESERVED" width="2" begin="15" end="14" resetval="0x0" description="Write 0s for future compatibility. Read returns 0s." range="" rwaccess="R"/>
    <bitfield id="COUNTVALUE" width="14" begin="13" end="0" resetval="0x0" description="Number of remaining bytes to be read or to be written by the engine according to the TransferCount value" range="" rwaccess="R"/>
  </register>
  <register id="GPMC_ECC_CONFIG" acronym="GPMC_ECC_CONFIG" offset="0x1F4" width="32" description="ECC configuration">
    <bitfield id="RESERVED" width="15" begin="31" end="17" resetval="0x0" description="Write 0s for future compatibility. Read returns 0s." range="" rwaccess="R"/>
    <bitfield id="ECCALGORITHM" width="1" begin="16" end="16" resetval="0x0" description="ECC algorithm used 0h (R/W) = Hamming code 1h (R/W) = BCH code" range="" rwaccess="RW"/>
    <bitfield id="RESERVED" width="2" begin="15" end="14" resetval="0x0" description="Write 0s for future compatibility. Read returns 0s." range="" rwaccess="R"/>
    <bitfield id="ECCBCHTSEL" width="2" begin="13" end="12" resetval="0x1" description="Error correction capability used for BCH 0h (R/W) = Up to 4 bits error correction (t = 4) 1h (R/W) = Up to 8 bits error correction (t = 8) 2h (R/W) = Up to 16 bits error correction (t = 16) 3h (R/W) = Reserved" range="" rwaccess="RW"/>
    <bitfield id="ECCWRAPMODE" width="4" begin="11" end="8" resetval="0x0" description="Spare area organization definition for the BCH algorithm. See the BCH syndrome/parity calculator module functional specification for more details" range="" rwaccess="RW"/>
    <bitfield id="ECC16B" width="1" begin="7" end="7" resetval="0x0" description="Selects an ECC calculated on 16 columns 0h (R/W) = ECC calculated on 8 columns 1h (R/W) = ECC calculated on 16 columns" range="" rwaccess="RW"/>
    <bitfield id="ECCTOPSECTOR" width="3" begin="6" end="4" resetval="0x3" description="Number of sectors to process with the BCH algorithm 1h = 2 sectors" range="" rwaccess="RW"/>
    <bitfield id="ECCCS" width="3" begin="3" end="1" resetval="0x0" description="Selects the CS where ECC is computed 0h (R/W) = CS0 1h (R/W) = CS1 2h (R/W) = CS2 3h (R/W) = CS3 Other: Reserved" range="" rwaccess="RW"/>
    <bitfield id="ECCENABLE" width="1" begin="0" end="0" resetval="0x0" description="Enables the ECC feature 0h (R/W) = ECC disabled 1h (R/W) = ECC enabled" range="" rwaccess="RW"/>
  </register>
  <register id="GPMC_ECC_CONTROL" acronym="GPMC_ECC_CONTROL" offset="0x1F8" width="32" description="ECC control">
    <bitfield id="RESERVED" width="23" begin="31" end="9" resetval="0x0" description="Write 0s for future compatibility. Read returns 0s." range="" rwaccess="R"/>
    <bitfield id="ECCCLEAR" width="1" begin="8" end="8" resetval="0x0" description="Clear all ECC result registers" range="" rwaccess="RW"/>
    <bitfield id="RESERVED" width="4" begin="7" end="4" resetval="0x0" description="Write 0s for future compatibility. Read returns 0s." range="" rwaccess="R"/>
    <bitfield id="ECCPOINTER" width="4" begin="3" end="0" resetval="0x0" description="Selects ECC result register (Reads to this field give the dynamic position of the ECC pointer - Writes to this field select the ECC result register where the first ECC computation will be stored.); Writing other values disables the ECC engine (ECCENABLE bit of 0h (R/W) = Writing 0h disables the ECC engine (ECCENABLE bit of 1h (R/W) = ECC result register 1 selected 2h (R/W) = ECC result register 2 selected 3h (R/W) = ECC result register 3 selected 4h (R/W) = ECC result register 4 selected 5h (R/W) = ECC result register 5 selected 6h (R/W) = ECC result register 6 selected 7h (R/W) = ECC result register 7 selected 8h (R/W) = ECC result register 8 selected 9h (R/W) = ECC result register 9 selected" range="" rwaccess="RW"/>
  </register>
  <register id="GPMC_ECC_SIZE_CONFIG" acronym="GPMC_ECC_SIZE_CONFIG" offset="0x1FC" width="32" description="ECC size">
    <bitfield id="RESERVED" width="2" begin="31" end="30" resetval="0x3" description="Write 0s for future compatibility. Read returns 3." range="" rwaccess="R"/>
    <bitfield id="ECCSIZE1" width="8" begin="29" end="22" resetval="0xFF" description="Defines Hamming code ECC size 1 in bytes" range="" rwaccess="RW"/>
    <bitfield id="RESERVED" width="2" begin="21" end="20" resetval="0x3" description="Write 0s for future compatibility. Read returns 3." range="" rwaccess="R"/>
    <bitfield id="ECCSIZE0" width="8" begin="19" end="12" resetval="0xFF" description="Defines Hamming code ECC size 0 in bytes" range="" rwaccess="RW"/>
    <bitfield id="RESERVED" width="3" begin="11" end="9" resetval="0x0" description="Write 0s for future compatibility. Read returns 0s." range="" rwaccess="R"/>
    <bitfield id="ECC9RESULTSIZE" width="1" begin="8" end="8" resetval="0x0" description="Selects ECC size for ECC 9 result register 0h (R/W) = ECCSIZE0 selected 1h (R/W) = ECCSIZE1 selected" range="" rwaccess="RW"/>
    <bitfield id="ECC8RESULTSIZE" width="1" begin="7" end="7" resetval="0x0" description="Selects ECC size for ECC 8 result register 0h (R/W) = ECCSIZE0 selected 1h (R/W) = ECCSIZE1 selected" range="" rwaccess="RW"/>
    <bitfield id="ECC7RESULTSIZE" width="1" begin="6" end="6" resetval="0x0" description="Selects ECC size for ECC 7 result register 0h (R/W) = ECCSIZE0 selected 1h (R/W) = ECCSIZE1 selected" range="" rwaccess="RW"/>
    <bitfield id="ECC6RESULTSIZE" width="1" begin="5" end="5" resetval="0x0" description="Selects ECC size for ECC 6 result register 0h (R/W) = ECCSIZE0 selected 1h (R/W) = ECCSIZE1 selected" range="" rwaccess="RW"/>
    <bitfield id="ECC5RESULTSIZE" width="1" begin="4" end="4" resetval="0x0" description="Selects ECC size for ECC 5 result register 0h (R/W) = ECCSIZE0 selected 1h (R/W) = ECCSIZE1 selected" range="" rwaccess="RW"/>
    <bitfield id="ECC4RESULTSIZE" width="1" begin="3" end="3" resetval="0x0" description="Selects ECC size for ECC 4 result register 0h (R/W) = ECCSIZE0 selected 1h (R/W) = ECCSIZE1 selected" range="" rwaccess="RW"/>
    <bitfield id="ECC3RESULTSIZE" width="1" begin="2" end="2" resetval="0x0" description="Selects ECC size for ECC 3 result register 0h (R/W) = ECCSIZE0 selected 1h (R/W) = ECCSIZE1 selected" range="" rwaccess="RW"/>
    <bitfield id="ECC2RESULTSIZE" width="1" begin="1" end="1" resetval="0x0" description="Selects ECC size for ECC 2 result register 0h (R/W) = ECCSIZE0 selected 1h (R/W) = ECCSIZE1 selected" range="" rwaccess="RW"/>
    <bitfield id="ECC1RESULTSIZE" width="1" begin="0" end="0" resetval="0x0" description="Selects ECC size for ECC 1 result register 0h (R/W) = ECCSIZE0 selected 1h (R/W) = ECCSIZE1 selected" range="" rwaccess="RW"/>
  </register>
  <register id="GPMC_ECCj_RESULT" acronym="GPMC_ECCj_RESULT" offset="0x200" width="32" description="ECC result register Offset = 200h + (j * 4h), where: j = 0 to 8">
    <bitfield id="RESERVED" width="4" begin="31" end="28" resetval="0x0" description="Write 0s for future compatibility. Read returns 0s." range="" rwaccess="R"/>
    <bitfield id="P2048O" width="1" begin="27" end="27" resetval="0x0" description="Odd row parity bit 2048, only used for ECC computed on 512 bytes" range="" rwaccess="R"/>
    <bitfield id="P1024O" width="1" begin="26" end="26" resetval="0x0" description="Odd row parity bit 1024" range="" rwaccess="R"/>
    <bitfield id="P512O" width="1" begin="25" end="25" resetval="0x0" description="Odd row parity bit 512" range="" rwaccess="R"/>
    <bitfield id="P256O" width="1" begin="24" end="24" resetval="0x0" description="Odd row parity bit 256" range="" rwaccess="R"/>
    <bitfield id="P128O" width="1" begin="23" end="23" resetval="0x0" description="Odd row parity bit 128" range="" rwaccess="R"/>
    <bitfield id="P64O" width="1" begin="22" end="22" resetval="0x0" description="Odd row parity bit 64" range="" rwaccess="R"/>
    <bitfield id="P32O" width="1" begin="21" end="21" resetval="0x0" description="Odd row parity bit 32" range="" rwaccess="R"/>
    <bitfield id="P16O" width="1" begin="20" end="20" resetval="0x0" description="Odd row parity bit 16" range="" rwaccess="R"/>
    <bitfield id="P8O" width="1" begin="19" end="19" resetval="0x0" description="Odd row parity bit 8" range="" rwaccess="R"/>
    <bitfield id="P4O" width="1" begin="18" end="18" resetval="0x0" description="Odd Column Parity bit 4" range="" rwaccess="R"/>
    <bitfield id="P2O" width="1" begin="17" end="17" resetval="0x0" description="Odd Column Parity bit 2" range="" rwaccess="R"/>
    <bitfield id="P1O" width="1" begin="16" end="16" resetval="0x0" description="Odd Column Parity bit 1" range="" rwaccess="R"/>
    <bitfield id="RESERVED" width="4" begin="15" end="12" resetval="0x0" description="Write 0s for future compatibility. Read returns 0s." range="" rwaccess="R"/>
    <bitfield id="P2048E" width="1" begin="11" end="11" resetval="0x0" description="Even row parity bit 2048, only used for ECC computed on 512 bytes" range="" rwaccess="R"/>
    <bitfield id="P1024E" width="1" begin="10" end="10" resetval="0x0" description="Even row parity bit 1024" range="" rwaccess="R"/>
    <bitfield id="P512E" width="1" begin="9" end="9" resetval="0x0" description="Even row parity bit 512" range="" rwaccess="R"/>
    <bitfield id="P256E" width="1" begin="8" end="8" resetval="0x0" description="Even row parity bit 256" range="" rwaccess="R"/>
    <bitfield id="P128E" width="1" begin="7" end="7" resetval="0x0" description="Even row parity bit 128" range="" rwaccess="R"/>
    <bitfield id="P64E" width="1" begin="6" end="6" resetval="0x0" description="Even row parity bit 64" range="" rwaccess="R"/>
    <bitfield id="P32E" width="1" begin="5" end="5" resetval="0x0" description="Even row parity bit 32" range="" rwaccess="R"/>
    <bitfield id="P16E" width="1" begin="4" end="4" resetval="0x0" description="Even row parity bit 16" range="" rwaccess="R"/>
    <bitfield id="P8E" width="1" begin="3" end="3" resetval="0x0" description="Even row parity bit 8" range="" rwaccess="R"/>
    <bitfield id="P4E" width="1" begin="2" end="2" resetval="0x0" description="Even column parity bit 4" range="" rwaccess="R"/>
    <bitfield id="P2E" width="1" begin="1" end="1" resetval="0x0" description="Even column parity bit 2" range="" rwaccess="R"/>
    <bitfield id="P1E" width="1" begin="0" end="0" resetval="0x0" description="Even column parity bit 1" range="" rwaccess="R"/>
  </register>
  <register id="GPMC_BCH_RESULT0_i" acronym="GPMC_BCH_RESULT0_i" offset="0x240" width="32" description="BCH ECC result (bits 0 to 31) Offset = 240h + (i * 10h), where: i = 0 to 3">
    <bitfield id="BCH_RESULT_0" width="32" begin="31" end="0" resetval="0x0" description="BCH ECC result (bits 0 to 31)" range="" rwaccess="R"/>
  </register>
  <register id="GPMC_BCH_RESULT1_i" acronym="GPMC_BCH_RESULT1_i" offset="0x244" width="32" description="BCH ECC result (bits 32 to 63) Offset = 244h + (i * 10h), where: i = 0 to 3">
    <bitfield id="BCH_RESULT_1" width="32" begin="31" end="0" resetval="0x0" description="BCH ECC result (bits 32 to 63)" range="" rwaccess="R"/>
  </register>
  <register id="GPMC_BCH_RESULT2_i" acronym="GPMC_BCH_RESULT2_i" offset="0x248" width="32" description="BCH ECC result (bits 64 to 95) Offset = 248h + (i * 10h), where: i = 0 to 3">
    <bitfield id="BCH_RESULT_2" width="32" begin="31" end="0" resetval="0x0" description="BCH ECC result (bits 64 to 95)" range="" rwaccess="R"/>
  </register>
  <register id="GPMC_BCH_RESULT3_i" acronym="GPMC_BCH_RESULT3_i" offset="0x24C" width="32" description="BCH ECC result (bits 96 to 127) Offset = 24Ch + (i * 10h), where: i = 0 to 3">
    <bitfield id="BCH_RESULT_3" width="32" begin="31" end="0" resetval="0x0" description="BCH ECC result (bits 96 to 127)" range="" rwaccess="R"/>
  </register>
  <register id="GPMC_BCH_SWDATA" acronym="GPMC_BCH_SWDATA" offset="0x2D0" width="32" description="This register is used to directly pass data to the BCH ECC calculator without accessing the actual NAND flash interface.">
    <bitfield id="RESERVED" width="16" begin="31" end="16" resetval="0x0" description="Write 0s for future compatibility. Read returns 0s." range="" rwaccess="R"/>
    <bitfield id="BCH_DATA" width="16" begin="15" end="0" resetval="0x0" description="Data to be included in the BCH calculation" range="" rwaccess="W"/>
  </register>
  <register id="GPMC_BCH_RESULT4_i" acronym="GPMC_BCH_RESULT4_i" offset="0x300" width="32" description="BCH ECC result (bits 128 to 159) Offset = 300h + (i * 10h), where: i = 0 to 3">
    <bitfield id="BCH_RESULT_4" width="32" begin="31" end="0" resetval="0x0" description="BCH ECC result (bits 128 to 159)" range="" rwaccess="R"/>
  </register>
  <register id="GPMC_BCH_RESULT5_i" acronym="GPMC_BCH_RESULT5_i" offset="0x304" width="32" description="BCH ECC result (bits 160 to 191) Offset = 304h + (i * 10h), where: i = 0 to 3">
    <bitfield id="BCH_RESULT_5" width="32" begin="31" end="0" resetval="0x0" description="BCH ECC result (bits 160 to 191)" range="" rwaccess="R"/>
  </register>
  <register id="GPMC_BCH_RESULT6_i" acronym="GPMC_BCH_RESULT6_i" offset="0x308" width="32" description="BCH ECC result (bits 192 to 207) Offset = 308h + (i * 10h), where: i = 0 to 3">
    <bitfield id="RESERVED" width="16" begin="31" end="16" resetval="0x0" description="Write 0s for future compatibility. Read returns 0s." range="" rwaccess="R"/>
    <bitfield id="BCH_RESULT_6" width="16" begin="15" end="0" resetval="0x0" description="BCH ECC result (bits 192 to 207)" range="" rwaccess="R"/>
  </register>
</module>
