<module name="I2C0_CFG" acronym="" XML_version="1.0" HW_revision="n/a" description="">
  <register id="I2C_REVNB_LO" acronym="I2C_REVNB_LO" offset="0x0" width="32" description="Module Revision Identifier Used by software to track features, bugs, and compatibility">
    <bitfield id="RESERVED" width="16" begin="31" end="16" resetval="0xX" description="" range="" rwaccess="R"/>
    <bitfield id="RTL" width="5" begin="15" end="11" resetval="0x1" description="RTL version This field changes on bug fix, and resets to" range="" rwaccess="R"/>
    <bitfield id="MAJOR" width="3" begin="10" end="8" resetval="0x0" description="Major Revision This field changes when there is a major feature change This field does not change due to bug fix, or minor feature change" range="" rwaccess="R"/>
    <bitfield id="CUSTOM" width="2" begin="7" end="6" resetval="0x0" description="Indicates a special version for a particular device Consequence of use may avoid use of standard Chip Support Library [CSL] / Drivers 0 if non-custom" range="" rwaccess="R"/>
    <bitfield id="MINOR" width="6" begin="5" end="0" resetval="0xC" description="Minor Revision This field changes when features are scaled up or down This field does not change due to bug fix, or major feature change" range="" rwaccess="R"/>
  </register>
  <register id="I2C_REVNB_HI" acronym="I2C_REVNB_HI" offset="0x4" width="32" description="Module Revision Identifeir Used by software to track features, bugs, and compatibility">
    <bitfield id="RESERVED" width="16" begin="31" end="16" resetval="0xX" description="" range="" rwaccess="R"/>
    <bitfield id="SCHEME" width="2" begin="15" end="14" resetval="0x1" description="Used to distinguish between old Scheme and current Spare bit to encode future schemes" range="" rwaccess="R"/>
    <bitfield id="RESERVED" width="2" begin="13" end="12" resetval="0x1" description="Reads return 0x1" range="" rwaccess="R"/>
    <bitfield id="FUNC" width="12" begin="11" end="0" resetval="0x40" description="Function: Indicates a software compatible module family" range="" rwaccess="R"/>
  </register>
  <register id="I2C_SYSC" acronym="I2C_SYSC" offset="0x10" width="32" description="System Configuration register">
    <bitfield id="RESERVED" width="16" begin="31" end="16" resetval="0xX" description="" range="" rwaccess="RW"/>
    <bitfield id="RESERVED" width="6" begin="15" end="10" resetval="0x0" description="Reserved" range="" rwaccess="R"/>
    <bitfield id="CLKACTIVITY" width="2" begin="9" end="8" resetval="0x0" description="Clock Activity selection bits" range="" rwaccess="RW"/>
    <bitfield id="RESERVED" width="3" begin="7" end="5" resetval="0x0" description="Reads return 0" range="" rwaccess="R"/>
    <bitfield id="IDLEMODE" width="2" begin="4" end="3" resetval="0x0" description="Idle Mode selection bits" range="" rwaccess="RW"/>
    <bitfield id="ENAWAKEUP" width="1" begin="2" end="2" resetval="0x0" description="Enable Wakeup control bit" range="" rwaccess="RW"/>
    <bitfield id="SRST" width="1" begin="1" end="1" resetval="0x0" description="SoftReset bit" range="" rwaccess="RW"/>
    <bitfield id="AUTOIDLE" width="1" begin="0" end="0" resetval="0x1" description="Autoidle bit" range="" rwaccess="RW"/>
  </register>
  <register id="I2C_EOI" acronym="I2C_EOI" offset="0x20" width="32" description="End Of Interrupt number specification Added Information About I2C_EOI Register The EOI register is used to re-trigger the pulse interrupt signal to ensure that any nested interrupt events are serviced. The software interrupt handler must write to the EOI register at the end of the current interrupt processing routine, so that new events can re-trigger the pulse interrupt signal again. For level interrupt signals the EOI register is not functional and must not be used.">
    <bitfield id="RESERVED" width="16" begin="31" end="16" resetval="0xX" description="" range="" rwaccess="RW"/>
    <bitfield id="RESERVED" width="15" begin="15" end="1" resetval="0x0" description="Reserved" range="" rwaccess="R"/>
    <bitfield id="LINE_NUMBER" width="1" begin="0" end="0" resetval="0x0" description="Software End Of Interrupt (EOI) control. Write number of interrupt output." range="" rwaccess="W"/>
  </register>
  <register id="I2C_IRQSTATUS_RAW" acronym="I2C_IRQSTATUS_RAW" offset="0x24" width="32" description="Per-event raw interrupt status vector. The raw status is set even if event is not enabled. Write 1 to set the (raw) status. Used mostly for debug">
    <bitfield id="RESERVED" width="16" begin="31" end="16" resetval="0xX" description="" range="" rwaccess="RW"/>
    <bitfield id="RESERVED" width="1" begin="15" end="15" resetval="0x0" description="Write 0s for future compatibility Read returns 0" range="" rwaccess="RW"/>
    <bitfield id="XDR" width="1" begin="14" end="14" resetval="0x0" description="Transmit draining IRQ status." range="" rwaccess="RW"/>
    <bitfield id="RDR" width="1" begin="13" end="13" resetval="0x0" description="Receive draining IRQ status." range="" rwaccess="RW"/>
    <bitfield id="BB" width="1" begin="12" end="12" resetval="0x0" description="Bus busy status. Writing into this bit has no effect." range="" rwaccess="R"/>
    <bitfield id="ROVR" width="1" begin="11" end="11" resetval="0x0" description="Receive overrun status. Writing into this bit has no effect." range="" rwaccess="RW"/>
    <bitfield id="XUDF" width="1" begin="10" end="10" resetval="0x0" description="Transmit underflow status. Writing into this bit has no effect." range="" rwaccess="RW"/>
    <bitfield id="AAS" width="1" begin="9" end="9" resetval="0x0" description="Address recognized as slave IRQ status." range="" rwaccess="RW"/>
    <bitfield id="BF" width="1" begin="8" end="8" resetval="0x0" description="Bus Free IRQ status." range="" rwaccess="RW"/>
    <bitfield id="AERR" width="1" begin="7" end="7" resetval="0x0" description="Access Error IRQ status." range="" rwaccess="RW"/>
    <bitfield id="STC" width="1" begin="6" end="6" resetval="0x0" description="Start Condition IRQ status." range="" rwaccess="RW"/>
    <bitfield id="GC" width="1" begin="5" end="5" resetval="0x0" description="General call IRQ status. Set to 1 by core when General call address detected and interrupt signaled to IRQ_Crossbar." range="" rwaccess="RW"/>
    <bitfield id="XRDY" width="1" begin="4" end="4" resetval="0x0" description="Transmit data ready IRQ status. Set to 1 by core when transmitter and when new data is requested. When set to 1 by core, an interrupt is signaled to IRQ_Crossbar." range="" rwaccess="RW"/>
    <bitfield id="RRDY" width="1" begin="3" end="3" resetval="0x0" description="Receive data ready IRQ status. Set to 1 by core when receiver mode, a new data is able to be read. When set to 1 by core, an interrupt is signaled to IRQ_Crossbar." range="" rwaccess="RW"/>
    <bitfield id="ARDY" width="1" begin="2" end="2" resetval="0x0" description="Register access ready IRQ status. When set to 1 it indicates that previous access has been performed and registers are ready to be accessed again. An interrupt is signaled to IRQ_Crossbar." range="" rwaccess="RW"/>
    <bitfield id="NACK" width="1" begin="1" end="1" resetval="0x0" description="No acknowledgement IRQ status. Bit is set when No Acknowledge has been received, an interrupt is signaled to IRQ_Crossbar." range="" rwaccess="RW"/>
    <bitfield id="AL" width="1" begin="0" end="0" resetval="0x0" description="Arbitration lost IRQ status. This bit is automatically set by the hardware when it loses the Arbitration in master transmit mode, an interrupt is signaled to IRQ_Crossbar. During reads, it always returns 0." range="" rwaccess="RW"/>
  </register>
  <register id="I2C_IRQSTATUS" acronym="I2C_IRQSTATUS" offset="0x28" width="32" description="Per-event enabled interrupt status vector">
    <bitfield id="RESERVED" width="16" begin="31" end="16" resetval="0xX" description="" range="" rwaccess="RW"/>
    <bitfield id="RESERVED" width="1" begin="15" end="15" resetval="0x0" description="Write 0s for future compatibility Read returns 0" range="" rwaccess="RW"/>
    <bitfield id="XDR" width="1" begin="14" end="14" resetval="0x0" description="Transmit draining IRQ enabled status." range="" rwaccess="RW"/>
    <bitfield id="RDR" width="1" begin="13" end="13" resetval="0x0" description="Receive draining IRQ enabled status." range="" rwaccess="RW"/>
    <bitfield id="BB" width="1" begin="12" end="12" resetval="0x0" description="Bus busy enabled status. Writing into this bit has no effect." range="" rwaccess="R"/>
    <bitfield id="ROVR" width="1" begin="11" end="11" resetval="0x0" description="Receive overrun enabled status. Writing into this bit has no effect." range="" rwaccess="RW"/>
    <bitfield id="XUDF" width="1" begin="10" end="10" resetval="0x0" description="Transmit underflow enabled status. Writing into this bit has no effect." range="" rwaccess="RW"/>
    <bitfield id="AAS" width="1" begin="9" end="9" resetval="0x0" description="Address recognized as slave IRQ enabled status." range="" rwaccess="RW"/>
    <bitfield id="BF" width="1" begin="8" end="8" resetval="0x0" description="Bus Free IRQ enabled status." range="" rwaccess="RW"/>
    <bitfield id="AERR" width="1" begin="7" end="7" resetval="0x0" description="Access Error IRQ enabled status." range="" rwaccess="RW"/>
    <bitfield id="STC" width="1" begin="6" end="6" resetval="0x0" description="Start Condition IRQ enabled status." range="" rwaccess="RW"/>
    <bitfield id="GC" width="1" begin="5" end="5" resetval="0x0" description="General call IRQ enabled status. Set to 1 by core when General call address detected and interrupt signaled to IRQ_Crossbar. Write 1 to clear." range="" rwaccess="RW"/>
    <bitfield id="XRDY" width="1" begin="4" end="4" resetval="0x0" description="Transmit data ready IRQ enabled status. Set to 1 by core when transmitter and when new data is requested. When set to 1 by core, an interrupt is signaled to IRQ_Crossbar. Write 1 to clear." range="" rwaccess="RW"/>
    <bitfield id="RRDY" width="1" begin="3" end="3" resetval="0x0" description="Receive data ready IRQ enabled status. Set to 1 by core when receiver mode, a new data is able to be read. When set to 1 by core, an interrupt is signaled to IRQ_Crossbar. Write 1 to clear." range="" rwaccess="RW"/>
    <bitfield id="ARDY" width="1" begin="2" end="2" resetval="0x0" description="Register access ready IRQ enabled status. When set to 1 it indicates that previous access has been performed and registers are ready to be accessed again. An interrupt is signaled to IRQ_Crossbar. Write 1 to clear." range="" rwaccess="RW"/>
    <bitfield id="NACK" width="1" begin="1" end="1" resetval="0x0" description="No acknowledgement IRQ enabled status. Bit is set when No Acknowledge has been received, an interrupt is signaled to IRQ_Crossbar. Write 1 to clear this bit." range="" rwaccess="RW"/>
    <bitfield id="AL" width="1" begin="0" end="0" resetval="0x0" description="Arbitration lost IRQ enabled status. This bit is automatically set by the hardware when it loses the Arbitration in master transmit mode, an interrupt is signaled to IRQ_Crossbar. During reads, it always returns 0." range="" rwaccess="RW"/>
  </register>
  <register id="I2C_IRQENABLE_SET" acronym="I2C_IRQENABLE_SET" offset="0x2C" width="32" description="Per-event interrupt enable bit vector.">
    <bitfield id="RESERVED" width="16" begin="31" end="16" resetval="0xX" description="" range="" rwaccess="RW"/>
    <bitfield id="RESERVED" width="1" begin="15" end="15" resetval="0x0" description="Write 0s for future compatibility Read returns 0" range="" rwaccess="RW"/>
    <bitfield id="XDR_IE" width="1" begin="14" end="14" resetval="0x0" description="Transmit Draining interrupt enable set. Unmask the interrupt signaled by bit in" range="" rwaccess="RW"/>
    <bitfield id="RDR_IE" width="1" begin="13" end="13" resetval="0x0" description="Receive Draining interrupt enable set. Unmask the interrupt signaled by bit in" range="" rwaccess="RW"/>
    <bitfield id="RESERVED" width="1" begin="12" end="12" resetval="0x0" description="reserved" range="" rwaccess="R"/>
    <bitfield id="ROVR" width="1" begin="11" end="11" resetval="0x0" description="Receive overrun enable set." range="" rwaccess="RW"/>
    <bitfield id="XUDF" width="1" begin="10" end="10" resetval="0x0" description="Transmit underflow enable set." range="" rwaccess="RW"/>
    <bitfield id="ASS_IE" width="1" begin="9" end="9" resetval="0x0" description="Addressed as Slave interrupt enable set Mask or unmask the interrupt signaled by bit in" range="" rwaccess="RW"/>
    <bitfield id="BF_IE" width="1" begin="8" end="8" resetval="0x0" description="Bus Free interrupt enable set. Unmask the interrupt signaled by bit in" range="" rwaccess="RW"/>
    <bitfield id="AERR_IE" width="1" begin="7" end="7" resetval="0x0" description="Access Error interrupt enable set. Unmask the interrupt signaled by bit in" range="" rwaccess="RW"/>
    <bitfield id="STC_IE" width="1" begin="6" end="6" resetval="0x0" description="Start Condition interrupt enable set. Unmask the interrupt signaled by bit in" range="" rwaccess="RW"/>
    <bitfield id="GC_IE" width="1" begin="5" end="5" resetval="0x0" description="General call Interrupt enable set. Unmask the interrupt signaled by bit in" range="" rwaccess="RW"/>
    <bitfield id="XRDY_IE" width="1" begin="4" end="4" resetval="0x0" description="Transmit data ready interrupt enable set. Unmask the interrupt signaled by bit in" range="" rwaccess="RW"/>
    <bitfield id="RRDY_IE" width="1" begin="3" end="3" resetval="0x0" description="Receive data ready interrupt enable set. Unmask the interrupt signaled by bit in I2C_IRQSTTUS_RAW [RRDY]" range="" rwaccess="RW"/>
    <bitfield id="ARDY_IE" width="1" begin="2" end="2" resetval="0x0" description="Register access ready interrupt enable set. Unmask the interrupt signaled by bit in" range="" rwaccess="RW"/>
    <bitfield id="NACK_IE" width="1" begin="1" end="1" resetval="0x0" description="No acknowledgement interrupt enable set. Unmask the interrupt signaled by bit in" range="" rwaccess="RW"/>
    <bitfield id="AL_IE" width="1" begin="0" end="0" resetval="0x0" description="Arbitration lost interrupt enable set. Unmask the interrupt signaled by bit in" range="" rwaccess="RW"/>
  </register>
  <register id="I2C_IRQENABLE_CLR" acronym="I2C_IRQENABLE_CLR" offset="0x30" width="32" description="Per-event interrupt clear bit vector.">
    <bitfield id="RESERVED" width="16" begin="31" end="16" resetval="0xX" description="" range="" rwaccess="RW"/>
    <bitfield id="RESERVED" width="1" begin="15" end="15" resetval="0x0" description="Write 0s for future compatibility Read returns 0" range="" rwaccess="RW"/>
    <bitfield id="XDR_IE" width="1" begin="14" end="14" resetval="0x0" description="Transmit Draining interrupt enable clear. Mask the interrupt signaled by bit in" range="" rwaccess="RW"/>
    <bitfield id="RDR_IE" width="1" begin="13" end="13" resetval="0x0" description="Receive Draining interrupt enable clear. Mask the interrupt signaled by bit in I2C_IRQSTAUS_RAW [RDR]." range="" rwaccess="RW"/>
    <bitfield id="RESERVED" width="1" begin="12" end="12" resetval="0x0" description="reserved" range="" rwaccess="R"/>
    <bitfield id="ROVR" width="1" begin="11" end="11" resetval="0x0" description="Receive overrun enable clear." range="" rwaccess="RW"/>
    <bitfield id="XUDF" width="1" begin="10" end="10" resetval="0x0" description="Transmit underflow enable clear." range="" rwaccess="RW"/>
    <bitfield id="ASS_IE" width="1" begin="9" end="9" resetval="0x0" description="Addressed as Slave interrupt enable clear Mask or unmask the interrupt signaled by bit in" range="" rwaccess="RW"/>
    <bitfield id="BF_IE" width="1" begin="8" end="8" resetval="0x0" description="Bus Free interrupt enable clear. Mask the interrupt signaled by bit in" range="" rwaccess="RW"/>
    <bitfield id="AERR_IE" width="1" begin="7" end="7" resetval="0x0" description="Access Error interrupt enable clear. Mask the interrupt signaled by bit in" range="" rwaccess="RW"/>
    <bitfield id="STC_IE" width="1" begin="6" end="6" resetval="0x0" description="Start Condition interrupt enable clear. Mask the interrupt signaled by bit in" range="" rwaccess="RW"/>
    <bitfield id="GC_IE" width="1" begin="5" end="5" resetval="0x0" description="General call Interrupt enable clear. Mask the interrupt signaled by bit in" range="" rwaccess="RW"/>
    <bitfield id="XRDY_IE" width="1" begin="4" end="4" resetval="0x0" description="Transmit data ready interrupt enable clear. Mask the interrupt signaled by bit in" range="" rwaccess="RW"/>
    <bitfield id="RRDY_IE" width="1" begin="3" end="3" resetval="0x0" description="Receive data ready interrupt enable clear. Mask the interrupt signaled by bit in I2C_IRQSTAUS_RAW [RRDY]" range="" rwaccess="RW"/>
    <bitfield id="ARDY_IE" width="1" begin="2" end="2" resetval="0x0" description="Register access ready interrupt enable clear. Mask the interrupt signaled by bit in" range="" rwaccess="RW"/>
    <bitfield id="NACK_IE" width="1" begin="1" end="1" resetval="0x0" description="No acknowledgement interrupt enable clear. Mask the interrupt signaled by bit in" range="" rwaccess="RW"/>
    <bitfield id="AL_IE" width="1" begin="0" end="0" resetval="0x0" description="Arbitration lost interrupt enable clear. Mask the interrupt signaled by bit in" range="" rwaccess="RW"/>
  </register>
  <register id="I2C_WE" acronym="I2C_WE" offset="0x34" width="32" description="I2C wakeup enable vector.">
    <bitfield id="RESERVED" width="16" begin="31" end="16" resetval="0xX" description="" range="" rwaccess="RW"/>
    <bitfield id="RESERVED" width="1" begin="15" end="15" resetval="0x0" description="Reserved" range="" rwaccess="R"/>
    <bitfield id="XDR" width="1" begin="14" end="14" resetval="0x0" description="Transmit Draining wakeup set." range="" rwaccess="RW"/>
    <bitfield id="RDR" width="1" begin="13" end="13" resetval="0x0" description="Receive Draining wakeup set." range="" rwaccess="RW"/>
    <bitfield id="RESERVED" width="1" begin="12" end="12" resetval="0x0" description="Reserved" range="" rwaccess="R"/>
    <bitfield id="ROVR" width="1" begin="11" end="11" resetval="0x0" description="Receive overrun wakeup set." range="" rwaccess="RW"/>
    <bitfield id="XUDF" width="1" begin="10" end="10" resetval="0x0" description="Transmit underflow wakeup set." range="" rwaccess="RW"/>
    <bitfield id="AAS" width="1" begin="9" end="9" resetval="0x0" description="Address as slave IRQ wakeup set." range="" rwaccess="RW"/>
    <bitfield id="BF" width="1" begin="8" end="8" resetval="0x0" description="Bus Free IRQ wakeup set." range="" rwaccess="RW"/>
    <bitfield id="RESERVED" width="1" begin="7" end="7" resetval="0x0" description="Reserved" range="" rwaccess="R"/>
    <bitfield id="STC" width="1" begin="6" end="6" resetval="0x0" description="Start Condition IRQ wakeup set." range="" rwaccess="RW"/>
    <bitfield id="GC" width="1" begin="5" end="5" resetval="0x0" description="General call IRQ wakeup set." range="" rwaccess="RW"/>
    <bitfield id="RESERVED" width="1" begin="4" end="4" resetval="0x0" description="Reserved" range="" rwaccess="R"/>
    <bitfield id="DRDY" width="1" begin="3" end="3" resetval="0x0" description="Receive/Transmit data ready IRQ wakeup set." range="" rwaccess="RW"/>
    <bitfield id="ARDY" width="1" begin="2" end="2" resetval="0x0" description="Register access ready IRQ wakeup set." range="" rwaccess="RW"/>
    <bitfield id="NACK" width="1" begin="1" end="1" resetval="0x0" description="No acknowledgment IRQ wakeup set." range="" rwaccess="RW"/>
    <bitfield id="AL" width="1" begin="0" end="0" resetval="0x0" description="Arbitration lost IRQ wakeup set." range="" rwaccess="RW"/>
  </register>
  <register id="I2C_DMARXENABLE_SET" acronym="I2C_DMARXENABLE_SET" offset="0x38" width="32" description="Per-event DMA RX enable set.">
    <bitfield id="RESERVED" width="16" begin="31" end="16" resetval="0xX" description="" range="" rwaccess="RW"/>
    <bitfield id="RESERVED" width="15" begin="15" end="1" resetval="0x0" description="Reserved" range="" rwaccess="R"/>
    <bitfield id="DMARX_ENABLE_SET" width="1" begin="0" end="0" resetval="0x0" description="Receive DMA channel enable set." range="" rwaccess="RW"/>
  </register>
  <register id="I2C_DMATXENABLE_SET" acronym="I2C_DMATXENABLE_SET" offset="0x3C" width="32" description="Per-event DMA TX enable set.">
    <bitfield id="RESERVED" width="16" begin="31" end="16" resetval="0xX" description="" range="" rwaccess="RW"/>
    <bitfield id="RESERVED" width="15" begin="15" end="1" resetval="0x0" description="Reserved" range="" rwaccess="R"/>
    <bitfield id="DMATX_ENABLE_SET" width="1" begin="0" end="0" resetval="0x0" description="Transmit DMA channel enable set." range="" rwaccess="RW"/>
  </register>
  <register id="I2C_DMARXENABLE_CLR" acronym="I2C_DMARXENABLE_CLR" offset="0x40" width="32" description="Per-event DMA RX enable clear.">
    <bitfield id="RESERVED" width="16" begin="31" end="16" resetval="0xX" description="" range="" rwaccess="RW"/>
    <bitfield id="RESERVED" width="15" begin="15" end="1" resetval="0x0" description="Reserved" range="" rwaccess="R"/>
    <bitfield id="DMARX_ENABLE_CLEAR" width="1" begin="0" end="0" resetval="0x0" description="Receive DMA channel enable clear." range="" rwaccess="RW"/>
  </register>
  <register id="I2C_DMATXENABLE_CLR" acronym="I2C_DMATXENABLE_CLR" offset="0x44" width="32" description="Per-event DMA TX enable clear.">
    <bitfield id="RESERVED" width="16" begin="31" end="16" resetval="0xX" description="" range="" rwaccess="RW"/>
    <bitfield id="RESERVED" width="15" begin="15" end="1" resetval="0x0" description="Reserved" range="" rwaccess="R"/>
    <bitfield id="DMATX_ENABLE_CLEAR" width="1" begin="0" end="0" resetval="0x0" description="Transmit DMA channel enable clear." range="" rwaccess="RW"/>
  </register>
  <register id="I2C_DMARXWAKE_EN" acronym="I2C_DMARXWAKE_EN" offset="0x48" width="32" description="Per-event DMA RX wakeup enable.">
    <bitfield id="RESERVED" width="16" begin="31" end="16" resetval="0xX" description="" range="" rwaccess="RW"/>
    <bitfield id="RESERVED" width="1" begin="15" end="15" resetval="0x0" description="Reserved" range="" rwaccess="R"/>
    <bitfield id="XDR" width="1" begin="14" end="14" resetval="0x0" description="Transmit Draining wakeup set." range="" rwaccess="RW"/>
    <bitfield id="RDR" width="1" begin="13" end="13" resetval="0x0" description="Receive Draining wakeup set." range="" rwaccess="RW"/>
    <bitfield id="RESERVED" width="1" begin="12" end="12" resetval="0x0" description="Reserved" range="" rwaccess="R"/>
    <bitfield id="ROVR" width="1" begin="11" end="11" resetval="0x0" description="Receive overrun wakeup set." range="" rwaccess="RW"/>
    <bitfield id="XUDF" width="1" begin="10" end="10" resetval="0x0" description="Transmit underflow wakeup set." range="" rwaccess="RW"/>
    <bitfield id="AAS" width="1" begin="9" end="9" resetval="0x0" description="Address as slave IRQ wakeup set." range="" rwaccess="RW"/>
    <bitfield id="BF" width="1" begin="8" end="8" resetval="0x0" description="Bus Free IRQ wakeup set." range="" rwaccess="RW"/>
    <bitfield id="RESERVED" width="1" begin="7" end="7" resetval="0x0" description="Reserved" range="" rwaccess="R"/>
    <bitfield id="STC" width="1" begin="6" end="6" resetval="0x0" description="Start Condition IRQ wakeup set." range="" rwaccess="RW"/>
    <bitfield id="GC" width="1" begin="5" end="5" resetval="0x0" description="General call IRQ wakeup set." range="" rwaccess="RW"/>
    <bitfield id="RESERVED" width="1" begin="4" end="4" resetval="0x0" description="Reserved" range="" rwaccess="R"/>
    <bitfield id="DRDY" width="1" begin="3" end="3" resetval="0x0" description="Receive/Transmit data ready IRQ wakeup set." range="" rwaccess="RW"/>
    <bitfield id="ARDY" width="1" begin="2" end="2" resetval="0x0" description="Register access ready IRQ wakeup set." range="" rwaccess="RW"/>
    <bitfield id="NACK" width="1" begin="1" end="1" resetval="0x0" description="No acknowledgment IRQ wakeup set." range="" rwaccess="RW"/>
    <bitfield id="AL" width="1" begin="0" end="0" resetval="0x0" description="Arbitration lost IRQ wakeup set." range="" rwaccess="RW"/>
  </register>
  <register id="I2C_DMATXWAKE_EN" acronym="I2C_DMATXWAKE_EN" offset="0x4C" width="32" description="Per-event DMA TX wakeup enable.">
    <bitfield id="RESERVED" width="16" begin="31" end="16" resetval="0xX" description="" range="" rwaccess="RW"/>
    <bitfield id="RESERVED" width="1" begin="15" end="15" resetval="0x0" description="Reserved" range="" rwaccess="R"/>
    <bitfield id="XDR" width="1" begin="14" end="14" resetval="0x0" description="Transmit Draining wakeup set." range="" rwaccess="RW"/>
    <bitfield id="RDR" width="1" begin="13" end="13" resetval="0x0" description="Receive Draining wakeup set." range="" rwaccess="RW"/>
    <bitfield id="RESERVED" width="1" begin="12" end="12" resetval="0x0" description="Reserved" range="" rwaccess="R"/>
    <bitfield id="ROVR" width="1" begin="11" end="11" resetval="0x0" description="Receive overrun wakeup set." range="" rwaccess="RW"/>
    <bitfield id="XUDF" width="1" begin="10" end="10" resetval="0x0" description="Transmit underflow wakeup set." range="" rwaccess="RW"/>
    <bitfield id="AAS" width="1" begin="9" end="9" resetval="0x0" description="Address as slave IRQ wakeup set." range="" rwaccess="RW"/>
    <bitfield id="BF" width="1" begin="8" end="8" resetval="0x0" description="Bus Free IRQ wakeup set." range="" rwaccess="RW"/>
    <bitfield id="RESERVED" width="1" begin="7" end="7" resetval="0x0" description="Reserved" range="" rwaccess="R"/>
    <bitfield id="STC" width="1" begin="6" end="6" resetval="0x0" description="Start Condition IRQ wakeup set." range="" rwaccess="RW"/>
    <bitfield id="GC" width="1" begin="5" end="5" resetval="0x0" description="General call IRQ wakeup set." range="" rwaccess="RW"/>
    <bitfield id="RESERVED" width="1" begin="4" end="4" resetval="0x0" description="Reserved" range="" rwaccess="R"/>
    <bitfield id="DRDY" width="1" begin="3" end="3" resetval="0x0" description="Receive/Transmit data ready IRQ wakeup set." range="" rwaccess="RW"/>
    <bitfield id="ARDY" width="1" begin="2" end="2" resetval="0x0" description="Register access ready IRQ wakeup set." range="" rwaccess="RW"/>
    <bitfield id="NACK" width="1" begin="1" end="1" resetval="0x0" description="No acknowledgment IRQ wakeup set." range="" rwaccess="RW"/>
    <bitfield id="AL" width="1" begin="0" end="0" resetval="0x0" description="Arbitration lost IRQ wakeup set." range="" rwaccess="RW"/>
  </register>
  <register id="I2C_IE" acronym="I2C_IE" offset="0x84" width="32" description="I2C interrupt enable vector (legacy).">
    <bitfield id="RESERVED" width="16" begin="31" end="16" resetval="0xX" description="" range="" rwaccess="RW"/>
    <bitfield id="RESERVED" width="1" begin="15" end="15" resetval="0x0" description="Write 0s for future compatibility Read returns 0" range="" rwaccess="RW"/>
    <bitfield id="XDR_IE" width="1" begin="14" end="14" resetval="0x0" description="Transmit Draining interrupt enable Mask or unmask the interrupt signaled by bit in" range="" rwaccess="RW"/>
    <bitfield id="RDR_IE" width="1" begin="13" end="13" resetval="0x0" description="Receive Draining interrupt enable Mask or unmask the interrupt signaled by bit in" range="" rwaccess="RW"/>
    <bitfield id="RESERVED" width="1" begin="12" end="12" resetval="0x0" description="reserved" range="" rwaccess="R"/>
    <bitfield id="ROVR" width="1" begin="11" end="11" resetval="0x0" description="Receive overrun enable set" range="" rwaccess="RW"/>
    <bitfield id="XUDF" width="1" begin="10" end="10" resetval="0x0" description="Transmit underflow enable set" range="" rwaccess="RW"/>
    <bitfield id="ASS_IE" width="1" begin="9" end="9" resetval="0x0" description="Addressed as Slave interrupt enable Mask or unmask the interrupt signaled by bit in" range="" rwaccess="RW"/>
    <bitfield id="BF_IE" width="1" begin="8" end="8" resetval="0x0" description="Bus Free interrupt enable Mask or unmask the interrupt signaled by bit in" range="" rwaccess="RW"/>
    <bitfield id="AERR_IE" width="1" begin="7" end="7" resetval="0x0" description="Access Error interrupt enable Mask or unmask the interrupt signaled by bit in" range="" rwaccess="RW"/>
    <bitfield id="STC_IE" width="1" begin="6" end="6" resetval="0x0" description="Start Condition interrupt enable Mask or unmask the interrupt signaled by bit in" range="" rwaccess="RW"/>
    <bitfield id="GC_IE" width="1" begin="5" end="5" resetval="0x0" description="General call Interrupt enable Mask or unmask the interrupt signaled by bit in" range="" rwaccess="RW"/>
    <bitfield id="XRDY_IE" width="1" begin="4" end="4" resetval="0x0" description="Transmit data ready interrupt enable Mask or unmask the interrupt signaled by bit in" range="" rwaccess="RW"/>
    <bitfield id="RRDY_IE" width="1" begin="3" end="3" resetval="0x0" description="Receive data ready interrupt enable Mask or unmask the interrupt signaled by bit in" range="" rwaccess="RW"/>
    <bitfield id="ARDY_IE" width="1" begin="2" end="2" resetval="0x0" description="Register access ready interrupt enable Mask or unmask the interrupt signaled by bit in" range="" rwaccess="RW"/>
    <bitfield id="NACK_IE" width="1" begin="1" end="1" resetval="0x0" description="No acknowledgement interrupt enable Mask or unmask the interrupt signaled by bit in" range="" rwaccess="RW"/>
    <bitfield id="AL_IE" width="1" begin="0" end="0" resetval="0x0" description="Arbitration lost interrupt enable Mask or unmask the interrupt signaled by bit in" range="" rwaccess="RW"/>
  </register>
  <register id="I2C_STAT" acronym="I2C_STAT" offset="0x88" width="32" description="I2C interrupt status vector (legacy).">
    <bitfield id="RESERVED" width="16" begin="31" end="16" resetval="0xX" description="" range="" rwaccess="RW"/>
    <bitfield id="RESERVED" width="1" begin="15" end="15" resetval="0x0" description="Write 0s for future compatibility Read returns 0" range="" rwaccess="RW"/>
    <bitfield id="XDR" width="1" begin="14" end="14" resetval="0x0" description="Transmit draining IRQ status" range="" rwaccess="RW"/>
    <bitfield id="RDR" width="1" begin="13" end="13" resetval="0x0" description="Receive draining IRQ status" range="" rwaccess="RW"/>
    <bitfield id="BB" width="1" begin="12" end="12" resetval="0x0" description="Bus busy statusWriting into this bit has no effect" range="" rwaccess="R"/>
    <bitfield id="ROVR" width="1" begin="11" end="11" resetval="0x0" description="Receive overrun statusWriting into this bit has no effect" range="" rwaccess="RW"/>
    <bitfield id="XUDF" width="1" begin="10" end="10" resetval="0x0" description="Transmit underflow statusWriting into this bit has no effect" range="" rwaccess="RW"/>
    <bitfield id="AAS" width="1" begin="9" end="9" resetval="0x0" description="Address recognized as slave IRQ status" range="" rwaccess="RW"/>
    <bitfield id="BF" width="1" begin="8" end="8" resetval="0x0" description="Bus Free IRQ status" range="" rwaccess="RW"/>
    <bitfield id="AERR" width="1" begin="7" end="7" resetval="0x0" description="Access Error IRQ status" range="" rwaccess="RW"/>
    <bitfield id="STC" width="1" begin="6" end="6" resetval="0x0" description="Start Condition IRQ status" range="" rwaccess="RW"/>
    <bitfield id="GC" width="1" begin="5" end="5" resetval="0x0" description="General call IRQ status Set to '1' by core when General call address detected and interrupt signaled to MPUSS Write '1' to clear" range="" rwaccess="RW"/>
    <bitfield id="XRDY" width="1" begin="4" end="4" resetval="0x0" description="Transmit data ready IRQ status Set to '1' by core when transmitter and when new data is requested When set to '1' by core, an interrupt is signaled to MPUSS Write '1' to clear" range="" rwaccess="RW"/>
    <bitfield id="RRDY" width="1" begin="3" end="3" resetval="0x0" description="Receive data ready IRQ status Set to '1' by core when receiver mode, a new data is able to be read When set to '1' by core, an interrupt is signaled to MPUSS Write '1' to clear" range="" rwaccess="RW"/>
    <bitfield id="ARDY" width="1" begin="2" end="2" resetval="0x0" description="Register access ready IRQ status When set to '1' it indicates that previous access has been performed and registers are ready to be accessed again An interrupt is signaled to MPUSS Write '1' to clear" range="" rwaccess="RW"/>
    <bitfield id="NACK" width="1" begin="1" end="1" resetval="0x0" description="No acknowledgement IRQ status Bit is set when No Acknowledge has been received, an interrupt is signaled to MPUSS Write '1' to clear this bit" range="" rwaccess="RW"/>
    <bitfield id="AL" width="1" begin="0" end="0" resetval="0x0" description="Arbitration lost IRQ status This bit is automatically set by the hardware when it loses the Arbitration in master transmit mode, an interrupt is signaled to MPUSS During reads, it always returns 0" range="" rwaccess="RW"/>
  </register>
  <register id="I2C_SYSS" acronym="I2C_SYSS" offset="0x90" width="32" description="System Status register">
    <bitfield id="RESERVED" width="16" begin="31" end="16" resetval="0xX" description="" range="" rwaccess="R"/>
    <bitfield id="RESERVED" width="15" begin="15" end="1" resetval="0x0" description="Reserved" range="" rwaccess="R"/>
    <bitfield id="RDONE" width="1" begin="0" end="0" resetval="0x0" description="Reset done bit" range="" rwaccess="R"/>
  </register>
  <register id="I2C_BUF" acronym="I2C_BUF" offset="0x94" width="32" description="Buffer Configuration register">
    <bitfield id="RESERVED" width="16" begin="31" end="16" resetval="0xX" description="" range="" rwaccess="RW"/>
    <bitfield id="RDMA_EN" width="1" begin="15" end="15" resetval="0x0" description="Receive DMA channel enable" range="" rwaccess="RW"/>
    <bitfield id="RXFIFO_CLR" width="1" begin="14" end="14" resetval="0x0" description="Receive FIFO clear" range="" rwaccess="RW"/>
    <bitfield id="RXTRSH" width="6" begin="13" end="8" resetval="0x0" description="Threshold value for FIFO buffer in RX mode" range="" rwaccess="RW"/>
    <bitfield id="XDMA_EN" width="1" begin="7" end="7" resetval="0x0" description="Transmit DMA channel enable" range="" rwaccess="RW"/>
    <bitfield id="TXFIFO_CLR" width="1" begin="6" end="6" resetval="0x0" description="Transmit FIFO clear" range="" rwaccess="RW"/>
    <bitfield id="TXTRSH" width="6" begin="5" end="0" resetval="0x0" description="Threshold value for FIFO buffer in TX mode" range="" rwaccess="RW"/>
  </register>
  <register id="I2C_CNT" acronym="I2C_CNT" offset="0x98" width="32" description="Data counter register">
    <bitfield id="RESERVED" width="16" begin="31" end="16" resetval="0xX" description="" range="" rwaccess="RW"/>
    <bitfield id="DCOUNT" width="16" begin="15" end="0" resetval="0x0" description="Data count" range="" rwaccess="RW"/>
  </register>
  <register id="I2C_DATA" acronym="I2C_DATA" offset="0x9C" width="32" description="Data access register">
    <bitfield id="RESERVED" width="16" begin="31" end="16" resetval="0xX" description="" range="" rwaccess="RW"/>
    <bitfield id="RESERVED" width="8" begin="15" end="8" resetval="0x0" description="Reserved" range="" rwaccess="R"/>
    <bitfield id="DATA" width="8" begin="7" end="0" resetval="0x0" description="Transmit/Receive data FIFO endpoint" range="" rwaccess="RW"/>
  </register>
  <register id="I2C_CON" acronym="I2C_CON" offset="0xA4" width="32" description="I2C configuration register.">
    <bitfield id="RESERVED" width="16" begin="31" end="16" resetval="0xX" description="" range="" rwaccess="RW"/>
    <bitfield id="I2C_EN" width="1" begin="15" end="15" resetval="0x0" description="I2C module enable." range="" rwaccess="RW"/>
    <bitfield id="RESERVED" width="1" begin="14" end="14" resetval="0x0" description="Reserved" range="" rwaccess="R"/>
    <bitfield id="OPMODE" width="2" begin="13" end="12" resetval="0x0" description="Operation mode selection." range="" rwaccess="RW"/>
    <bitfield id="STB" width="1" begin="11" end="11" resetval="0x0" description="Start byte mode (master mode only)." range="" rwaccess="RW"/>
    <bitfield id="MST" width="1" begin="10" end="10" resetval="0x0" description="Master/slave mode." range="" rwaccess="RW"/>
    <bitfield id="TRX" width="1" begin="9" end="9" resetval="0x0" description="Transmitter/Receiver mode (master mode only)." range="" rwaccess="RW"/>
    <bitfield id="XSA" width="1" begin="8" end="8" resetval="0x0" description="Expand Slave address." range="" rwaccess="RW"/>
    <bitfield id="XOA0" width="1" begin="7" end="7" resetval="0x0" description="Expand Own address 0." range="" rwaccess="RW"/>
    <bitfield id="XOA1" width="1" begin="6" end="6" resetval="0x0" description="Expand Own address 1." range="" rwaccess="RW"/>
    <bitfield id="XOA2" width="1" begin="5" end="5" resetval="0x0" description="Expand Own address 2." range="" rwaccess="RW"/>
    <bitfield id="XOA3" width="1" begin="4" end="4" resetval="0x0" description="Expand Own address 3." range="" rwaccess="RW"/>
    <bitfield id="RESERVED" width="2" begin="3" end="2" resetval="0x0" description="Reserved" range="" rwaccess="R"/>
    <bitfield id="STP" width="1" begin="1" end="1" resetval="0x0" description="Stop condition (master mode only)." range="" rwaccess="RW"/>
    <bitfield id="STT" width="1" begin="0" end="0" resetval="0x0" description="Start condition (master mode only)." range="" rwaccess="RW"/>
  </register>
  <register id="I2C_OA" acronym="I2C_OA" offset="0xA8" width="32" description="Own address register">
    <bitfield id="RESERVED" width="16" begin="31" end="16" resetval="0xX" description="" range="" rwaccess="RW"/>
    <bitfield id="MCODE" width="3" begin="15" end="13" resetval="0x0" description="Master Code" range="" rwaccess="RW"/>
    <bitfield id="RESERVED" width="3" begin="12" end="10" resetval="0x0" description="Reserved" range="" rwaccess="R"/>
    <bitfield id="OA" width="10" begin="9" end="0" resetval="0x0" description="Own address" range="" rwaccess="RW"/>
  </register>
  <register id="I2C_SA" acronym="I2C_SA" offset="0xAC" width="32" description="Slave address register">
    <bitfield id="RESERVED" width="16" begin="31" end="16" resetval="0xX" description="" range="" rwaccess="RW"/>
    <bitfield id="RESERVED" width="6" begin="15" end="10" resetval="0x0" description="Reserved" range="" rwaccess="R"/>
    <bitfield id="SA" width="10" begin="9" end="0" resetval="0x3FF" description="Slave address" range="" rwaccess="RW"/>
  </register>
  <register id="I2C_PSC" acronym="I2C_PSC" offset="0xB0" width="32" description="I2C Clock Prescaler Register">
    <bitfield id="RESERVED" width="16" begin="31" end="16" resetval="0xX" description="" range="" rwaccess="RW"/>
    <bitfield id="RESERVED" width="8" begin="15" end="8" resetval="0x0" description="Reserved" range="" rwaccess="R"/>
    <bitfield id="PSC" width="8" begin="7" end="0" resetval="0x0" description="Fast/Standard mode prescale sampling clock divider value" range="" rwaccess="RW"/>
  </register>
  <register id="I2C_SCLL" acronym="I2C_SCLL" offset="0xB4" width="32" description="I2C SCL Low Time Register.">
    <bitfield id="RESERVED" width="16" begin="31" end="16" resetval="0xX" description="" range="" rwaccess="RW"/>
    <bitfield id="HSSCLL" width="8" begin="15" end="8" resetval="0x0" description="High speed mode SCL low time" range="" rwaccess="RW"/>
    <bitfield id="SCLL" width="8" begin="7" end="0" resetval="0x0" description="Fast/standard mode SCL low time" range="" rwaccess="RW"/>
  </register>
  <register id="I2C_SCLH" acronym="I2C_SCLH" offset="0xB8" width="32" description="I2C SCL High Time Register.">
    <bitfield id="RESERVED" width="16" begin="31" end="16" resetval="0xX" description="" range="" rwaccess="RW"/>
    <bitfield id="HSSCLH" width="8" begin="15" end="8" resetval="0x0" description="High speed mode SCL high time" range="" rwaccess="RW"/>
    <bitfield id="SCLH" width="8" begin="7" end="0" resetval="0x0" description="Fast/standard mode SCL high time" range="" rwaccess="RW"/>
  </register>
  <register id="I2C_SYSTEST" acronym="I2C_SYSTEST" offset="0xBC" width="32" description="I2C System Test Register.">
    <bitfield id="RESERVED" width="16" begin="31" end="16" resetval="0xX" description="" range="" rwaccess="RW"/>
    <bitfield id="ST_EN" width="1" begin="15" end="15" resetval="0x0" description="System test enable." range="" rwaccess="RW"/>
    <bitfield id="FREE" width="1" begin="14" end="14" resetval="0x0" description="Free running mode (on breakpoint)" range="" rwaccess="RW"/>
    <bitfield id="TMODE" width="2" begin="13" end="12" resetval="0x0" description="Test mode select." range="" rwaccess="RW"/>
    <bitfield id="SSB" width="1" begin="11" end="11" resetval="0x0" description="Set all status bits in" range="" rwaccess="RW"/>
    <bitfield id="RESERVED" width="2" begin="10" end="9" resetval="0x0" description="Reserved" range="" rwaccess="R"/>
    <bitfield id="SCL_I_FUNC" width="1" begin="8" end="8" resetval="0x1" description="SCL line input value (functional mode)." range="" rwaccess="R"/>
    <bitfield id="SCL_O_FUNC" width="1" begin="7" end="7" resetval="0x1" description="SCL line output value (functional mode)." range="" rwaccess="R"/>
    <bitfield id="SDA_I_FUNC" width="1" begin="6" end="6" resetval="0x1" description="SDA line input value (functional mode)." range="" rwaccess="R"/>
    <bitfield id="SDA_O_FUNC" width="1" begin="5" end="5" resetval="0x1" description="SDA line output value (functional mode)." range="" rwaccess="R"/>
    <bitfield id="SCCB_E_O" width="1" begin="4" end="4" resetval="0x0" description="SCCB_E line sense output value" range="" rwaccess="RW"/>
    <bitfield id="SCL_I" width="1" begin="3" end="3" resetval="0x0" description="SCL line sense input value" range="" rwaccess="R"/>
    <bitfield id="SCL_O" width="1" begin="2" end="2" resetval="0x0" description="SCL line drive output value." range="" rwaccess="RW"/>
    <bitfield id="SDA_I" width="1" begin="1" end="1" resetval="0x0" description="SDA line sense input value." range="" rwaccess="R"/>
    <bitfield id="SDA_O" width="1" begin="0" end="0" resetval="0x0" description="SDA line drive output value." range="" rwaccess="RW"/>
  </register>
  <register id="I2C_BUFSTAT" acronym="I2C_BUFSTAT" offset="0xC0" width="32" description="I2C Buffer Status Register.">
    <bitfield id="RESERVED" width="16" begin="31" end="16" resetval="0xX" description="" range="" rwaccess="R"/>
    <bitfield id="FIFODEPTH" width="2" begin="15" end="14" resetval="0x2" description="Internal FIFO buffers depth." range="" rwaccess="R"/>
    <bitfield id="RXSTAT" width="6" begin="13" end="8" resetval="0x0" description="RX Buffer Status" range="" rwaccess="R"/>
    <bitfield id="RESERVED" width="2" begin="7" end="6" resetval="0x0" description="Reserved" range="" rwaccess="R"/>
    <bitfield id="TXSTAT" width="6" begin="5" end="0" resetval="0x0" description="TX Buffer Status." range="" rwaccess="R"/>
  </register>
  <register id="I2C_OA1" acronym="I2C_OA1" offset="0xC4" width="32" description="I2C Own Address 1 Register">
    <bitfield id="RESERVED" width="16" begin="31" end="16" resetval="0xX" description="" range="" rwaccess="RW"/>
    <bitfield id="RESERVED" width="6" begin="15" end="10" resetval="0x0" description="Reserved" range="" rwaccess="R"/>
    <bitfield id="OA1" width="10" begin="9" end="0" resetval="0x0" description="Own address 1" range="" rwaccess="RW"/>
  </register>
  <register id="I2C_OA2" acronym="I2C_OA2" offset="0xC8" width="32" description="I2C Own Address 2 Register">
    <bitfield id="RESERVED" width="16" begin="31" end="16" resetval="0xX" description="" range="" rwaccess="RW"/>
    <bitfield id="RESERVED" width="6" begin="15" end="10" resetval="0x0" description="Reserved" range="" rwaccess="R"/>
    <bitfield id="OA2" width="10" begin="9" end="0" resetval="0x0" description="Own address 2" range="" rwaccess="RW"/>
  </register>
  <register id="I2C_OA3" acronym="I2C_OA3" offset="0xCC" width="32" description="I2C Own Address 3 Register">
    <bitfield id="RESERVED" width="16" begin="31" end="16" resetval="0xX" description="" range="" rwaccess="RW"/>
    <bitfield id="RESERVED" width="6" begin="15" end="10" resetval="0x0" description="Reserved" range="" rwaccess="R"/>
    <bitfield id="OA3" width="10" begin="9" end="0" resetval="0x0" description="Own address 3" range="" rwaccess="RW"/>
  </register>
  <register id="I2C_ACTOA" acronym="I2C_ACTOA" offset="0xD0" width="32" description="I2C Active Own Address Register.">
    <bitfield id="RESERVED" width="16" begin="31" end="16" resetval="0xX" description="" range="" rwaccess="R"/>
    <bitfield id="RESERVED" width="12" begin="15" end="4" resetval="0x0" description="Reserved" range="" rwaccess="R"/>
    <bitfield id="OA3_ACT" width="1" begin="3" end="3" resetval="0x0" description="Own Address 3 active." range="" rwaccess="R"/>
    <bitfield id="OA2_ACT" width="1" begin="2" end="2" resetval="0x0" description="Own Address 2 active." range="" rwaccess="R"/>
    <bitfield id="OA1_ACT" width="1" begin="1" end="1" resetval="0x0" description="Own Address 1 active." range="" rwaccess="R"/>
    <bitfield id="OA0_ACT" width="1" begin="0" end="0" resetval="0x0" description="Own Address 0 active." range="" rwaccess="R"/>
  </register>
  <register id="I2C_SBLOCK" acronym="I2C_SBLOCK" offset="0xD4" width="32" description="I2C Clock Blocking Enable Register.">
    <bitfield id="RESERVED" width="16" begin="31" end="16" resetval="0xX" description="" range="" rwaccess="RW"/>
    <bitfield id="RESERVED" width="12" begin="15" end="4" resetval="0x0" description="Reserved" range="" rwaccess="R"/>
    <bitfield id="OA3_EN" width="1" begin="3" end="3" resetval="0x0" description="Enable I2C Clock Blocking for Own Address 3." range="" rwaccess="RW"/>
    <bitfield id="OA2_EN" width="1" begin="2" end="2" resetval="0x0" description="Enable I2C Clock Blocking for Own Address 2." range="" rwaccess="RW"/>
    <bitfield id="OA1_EN" width="1" begin="1" end="1" resetval="0x0" description="Enable I2C Clock Blocking for Own Address 1." range="" rwaccess="RW"/>
    <bitfield id="OA0_EN" width="1" begin="0" end="0" resetval="0x0" description="Enable I2C Clock Blocking for Own Address 0." range="" rwaccess="RW"/>
  </register>
</module>
